Author,Char_1,Freq_1,Char_2,Freq_2,Char_3,Freq_3,Char_4,Freq_4,Char_5,Freq_5,Char_6,Freq_6,Char_7,Freq_7,Char_8,Freq_8,Char_9,Freq_9,Char_10,Freq_10,char_e,char_t,char_o,char_a,char_n,char_i,char_r,char_s,char_h,char_l,char_d,char_c,char_u,char_f,char_m,char_p,char_g,char_y,char_b,char_w,char_ſ,char_v,char_ī,char_k,char_é,Language
'A Highland Seer',e,12.27,t,9.09,o,8.1,a,7.39,n,7.25,i,7.22,r,6.71,s,6.45,h,4.45,l,3.88,12.27,9.09,8.1,7.39,7.25,7.22,6.71,6.45,4.45,3.88,3.6,3.4,3.12,2.84,2.37,2.28,2.22,1.94,1.78,1.54,,,,,,English
(Illustrated by Blanche Fisher Wright),e,11.97,t,8.77,a,8.09,o,7.74,n,6.51,i,6.41,r,5.72,h,5.71,s,5.47,l,5.19,11.97,8.77,7.74,8.09,6.51,6.41,5.72,5.47,5.71,5.19,4.46,2.64,2.5,1.81,2.68,1.99,2.26,2.79,2.07,2.62,,,,,,English
A London Antiquary,e,11.58,t,8.3,o,8.3,a,8.29,n,7.13,r,6.83,s,6.67,i,6.64,h,4.64,l,4.2,11.58,8.3,8.3,8.29,7.13,6.64,6.83,6.67,4.64,4.2,3.64,3.23,2.75,2.33,2.45,2.38,2.54,1.87,1.75,1.77,,,,,,English
A. A. Milne,e,11.63,t,9.61,o,8.3,a,8.02,i,6.92,n,6.67,h,6.55,s,5.77,r,5.19,d,4.46,11.63,9.61,8.3,8.02,6.67,6.92,5.19,5.77,6.55,4.27,4.46,2.06,2.93,1.87,2.22,1.76,2.17,2.64,1.83,2.68,,,,,,English
A. C. Bradley,e,12.87,t,9.61,a,7.8,i,7.6,o,7.5,s,7.32,n,6.84,h,6.29,r,5.67,l,3.92,12.87,9.61,7.5,7.8,6.84,7.6,5.67,7.32,6.29,3.92,3.61,2.82,2.57,2.52,2.45,1.83,1.79,1.62,1.43,1.81,,,,,,English
A. C. Hobbs,e,12.68,t,10.09,o,7.88,i,6.92,a,6.91,n,6.78,s,6.15,r,6.06,h,5.77,l,4.09,12.68,10.09,7.88,6.91,6.78,6.92,6.06,6.15,5.77,4.09,3.48,3.76,2.53,2.46,2.32,2.24,1.68,1.65,2.06,1.72,,,,,,English
A. Conan Doyle,e,12.27,t,9.07,a,8.1,o,7.78,i,7.0,n,6.64,h,6.59,s,6.24,r,5.76,d,4.25,12.27,9.07,7.78,8.1,6.64,7.0,5.76,6.24,6.59,3.97,4.25,2.49,2.99,2.09,2.7,1.64,1.85,2.17,1.48,2.56,,,,,,English
A. E. (Arno Erdman) Schmidt,e,12.68,t,9.69,a,7.94,o,7.21,r,7.14,i,6.59,n,6.54,s,6.52,h,5.16,l,3.87,12.68,9.69,7.21,7.94,6.54,6.59,7.14,6.52,5.16,3.87,3.42,3.0,3.13,2.66,2.42,2.5,1.98,1.7,1.61,1.83,,,,,,English
A. E. Housman,e,12.23,t,9.08,o,8.03,a,7.43,n,7.06,i,6.53,r,6.42,s,5.95,h,5.65,l,4.89,12.23,9.08,8.03,7.43,7.06,6.53,6.42,5.95,5.65,4.89,4.37,2.21,2.92,2.13,2.43,1.75,2.27,2.16,1.6,2.47,,,,,,English
A. M. Barnard,e,12.67,t,8.31,a,8.25,o,7.46,n,7.0,i,6.79,r,6.27,s,6.24,h,5.8,d,4.65,12.67,8.31,7.46,8.25,7.0,6.79,6.27,6.24,5.8,4.14,4.65,2.4,2.84,2.21,2.73,1.85,2.02,2.33,1.38,2.3,,,,,,English
A. T. Mahan,e,12.83,t,9.64,a,8.0,o,7.39,n,7.32,i,6.93,s,6.34,r,6.2,h,5.97,d,3.95,12.83,9.64,7.39,8.0,7.32,6.93,6.2,6.34,5.97,3.69,3.95,3.06,2.56,2.94,2.17,2.04,1.89,1.58,1.49,1.98,,,,,,English
A. W. Tozer,e,12.65,t,9.51,o,8.04,i,7.45,a,7.2,n,6.89,s,6.5,h,6.11,r,5.94,l,4.04,12.65,9.51,8.04,7.2,6.89,7.45,5.94,6.5,6.11,4.04,3.78,2.58,2.75,2.61,2.26,1.81,2.15,1.81,1.52,2.14,,,,,,English
Abd Salam Shabeeny,e,12.59,t,9.41,a,8.52,o,7.81,i,6.92,n,6.77,r,6.62,s,6.07,h,5.63,d,3.81,12.59,9.41,7.81,8.52,6.77,6.92,6.62,6.07,5.63,3.52,3.81,3.14,2.8,2.63,2.68,1.92,1.76,1.66,1.75,1.69,,,,,,English
Abraham Lincoln,e,12.25,t,9.51,o,8.09,a,7.65,n,7.29,i,7.17,r,6.26,s,5.89,h,5.11,l,4.08,12.25,9.51,8.09,7.65,7.29,7.17,6.26,5.89,5.11,4.08,4.01,3.04,2.82,2.33,2.42,2.07,2.12,1.92,1.52,2.16,,,,,,English
Abram J. Dittenhoefer,e,12.76,t,9.48,a,7.77,o,7.66,n,7.66,i,7.26,r,6.28,s,5.86,h,5.2,l,4.14,12.76,9.48,7.66,7.77,7.66,7.26,6.28,5.86,5.2,4.14,4.0,3.25,2.53,2.44,2.4,2.06,1.9,1.74,1.51,1.93,,,,,,English
Adam Smith,e,12.93,t,9.9,o,8.15,a,7.51,n,7.04,i,6.76,r,6.62,s,5.79,h,5.7,l,3.52,12.93,9.9,8.15,7.51,7.04,6.76,6.62,5.79,5.7,3.52,3.38,3.3,2.99,2.78,2.52,2.31,1.58,1.9,1.59,1.58,,,,,,English
Adelin Balch Coit,e,11.53,t,9.64,o,9.27,a,7.16,r,7.08,i,6.94,n,6.9,s,4.89,c,3.7,h,3.6,11.53,9.64,9.27,7.16,6.9,6.94,7.08,4.89,3.6,3.59,3.54,3.7,3.32,3.05,2.28,3.03,2.43,1.69,1.98,1.73,,,,,,English
Aeschylus,e,12.57,t,8.92,a,8.0,o,7.73,n,6.71,s,6.63,h,6.43,i,6.38,r,6.35,l,4.38,12.57,8.92,7.73,8.0,6.71,6.38,6.35,6.63,6.43,4.38,4.08,2.51,2.49,2.47,2.44,1.8,2.36,1.93,1.41,2.3,,,,,,English
Aesop,e,12.69,t,9.46,a,8.14,o,7.82,h,6.81,n,6.7,i,6.41,s,5.85,r,5.55,d,4.57,12.69,9.46,7.82,8.14,6.7,6.41,5.55,5.85,6.81,3.81,4.57,2.33,2.93,2.47,2.41,1.8,2.17,1.92,1.59,2.33,,,,,,English
Agatha Christie,e,12.26,t,9.34,a,7.94,o,7.82,i,7.16,n,6.65,s,6.01,h,5.82,r,5.79,d,4.39,12.26,9.34,7.82,7.94,6.65,7.16,5.79,6.01,5.82,3.98,4.39,2.43,3.21,1.95,2.76,1.85,2.05,2.34,1.48,2.29,,,,,,English
Agnes C. (Agnes Christina) Laut,e,12.43,t,9.02,a,7.9,o,7.73,n,7.39,r,7.02,s,6.51,i,6.2,h,5.66,d,4.44,12.43,9.02,7.73,7.9,7.39,6.2,7.02,6.51,5.66,3.6,4.44,2.77,2.53,2.59,2.21,2.04,2.08,1.76,1.67,2.1,,,,,,English
Agnes Giberne,e,12.38,t,8.98,o,8.05,a,7.68,n,6.76,i,6.67,s,6.38,h,6.19,r,5.93,d,4.59,12.38,8.98,8.05,7.68,6.76,6.67,5.93,6.38,6.19,4.14,4.59,2.23,3.1,2.11,2.56,1.64,2.14,2.17,1.44,2.44,,,,,,English
Agnes Grainger Stewart,e,12.51,t,8.76,o,7.78,a,7.63,i,7.22,n,6.72,r,6.65,s,6.48,h,6.11,d,4.13,12.51,8.76,7.78,7.63,6.72,7.22,6.65,6.48,6.11,3.53,4.13,2.94,2.64,2.51,2.52,1.77,2.3,1.92,1.54,2.18,,,,,,English
Agnes Mary Frances (Robinson) Duclaux,e,12.94,t,8.88,a,8.1,o,7.48,n,6.84,s,6.74,r,6.72,i,6.38,h,5.72,l,4.48,12.94,8.88,7.48,8.1,6.84,6.38,6.72,6.74,5.72,4.48,3.86,2.75,2.94,2.66,2.31,1.81,1.9,1.68,1.45,1.97,,,,,,English
Albert Angus Turbayne,e,11.64,t,9.88,i,7.97,o,7.81,a,7.2,r,6.89,n,6.43,s,5.29,l,4.87,h,3.77,11.64,9.88,7.81,7.2,6.43,7.97,6.89,5.29,3.77,4.87,3.41,3.39,3.0,2.31,2.2,2.77,2.18,1.6,1.8,1.84,,,,,,English
Albert G. Mackey,e,12.76,t,9.86,o,7.79,i,7.74,a,7.49,n,7.19,s,6.59,r,6.1,h,5.54,d,3.85,12.76,9.86,7.79,7.49,7.19,7.74,6.1,6.59,5.54,3.65,3.85,3.1,2.45,2.65,2.61,1.92,1.84,1.72,1.61,1.58,,,,,,English
Alberta Powell Graham,e,11.67,a,8.7,t,8.43,n,7.64,o,7.3,i,7.07,r,6.57,s,6.42,h,5.28,d,4.32,11.67,8.43,7.3,8.7,7.64,7.07,6.57,6.42,5.28,3.92,4.32,3.27,2.74,2.15,2.79,1.95,2.08,1.92,1.8,1.81,,,,,,English
Aleksandr Sergeevich Pushkin,e,12.62,t,8.59,a,7.74,o,7.35,i,7.32,n,6.9,s,6.8,r,6.32,h,5.62,l,4.22,12.62,8.59,7.35,7.74,6.9,7.32,6.32,6.8,5.62,4.22,4.15,2.58,3.01,2.22,2.54,1.96,2.0,1.85,1.5,2.03,,,,,,English
Alexander Falconbridge,e,13.62,t,9.33,o,7.74,a,7.65,n,6.89,r,6.66,i,6.54,s,6.09,h,5.67,d,3.83,13.62,9.33,7.74,7.65,6.89,6.54,6.66,6.09,5.67,3.3,3.83,3.09,2.62,2.65,2.21,2.13,2.03,1.86,1.73,1.86,,,,,,English
"Alexander Hamilton, John Jay, and James Madison",e,13.36,t,10.71,o,7.89,i,7.64,n,7.3,a,7.17,s,6.26,r,5.91,h,5.15,l,3.52,13.36,10.71,7.89,7.17,7.3,7.64,5.91,6.26,5.15,3.52,3.32,3.33,2.83,2.7,2.33,2.31,1.42,1.54,1.65,1.51,,,,,,English
Alexander Pope,e,12.37,t,9.03,a,7.78,o,7.68,s,7.24,i,6.86,n,6.8,r,6.34,h,5.71,l,4.2,12.37,9.03,7.68,7.78,6.8,6.86,6.34,7.24,5.71,4.2,3.99,2.62,2.84,2.35,2.37,2.28,1.85,1.66,1.54,2.14,,,,,,English
Alexander Pushkin,e,12.72,t,8.99,a,8.07,o,7.53,i,6.93,n,6.83,s,6.34,h,6.27,r,6.22,d,4.58,12.72,8.99,7.53,8.07,6.83,6.93,6.22,6.34,6.27,3.76,4.58,2.43,2.81,2.2,2.6,1.78,2.01,1.81,1.42,2.19,,,,,,English
"Alexandre Dumas, Père",e,12.45,t,9.0,a,8.44,o,7.71,i,6.87,n,6.82,h,6.44,s,6.16,r,5.93,d,4.68,12.45,9.0,7.71,8.44,6.82,6.87,5.93,6.16,6.44,3.68,4.68,2.37,3.05,2.05,2.83,1.65,1.94,2.01,1.31,2.27,,,,,,English
Alexis de Toqueville,e,13.19,t,10.44,i,7.87,o,7.5,a,7.44,n,7.16,s,6.62,r,5.98,h,5.59,l,3.56,13.19,10.44,7.5,7.44,7.16,7.87,5.98,6.62,5.59,3.56,3.3,3.45,2.59,2.54,2.5,2.05,1.41,1.72,1.39,1.62,,,,,,English
Alfred Edgar (A. E.) Coppard,e,12.19,t,8.85,a,8.03,o,7.53,n,6.86,i,6.82,h,6.71,s,6.09,r,5.66,d,4.74,12.19,8.85,7.53,8.03,6.86,6.82,5.66,6.09,6.71,4.27,4.74,2.23,2.89,2.18,2.47,1.71,2.34,1.94,1.65,2.52,,,,,,English
Alfred Elwes,e,12.45,t,9.33,o,7.95,a,7.65,i,6.85,n,6.7,r,6.11,s,5.99,h,5.84,d,4.34,12.45,9.33,7.95,7.65,6.7,6.85,6.11,5.99,5.84,3.64,4.34,2.68,3.02,2.48,2.52,1.94,2.22,1.98,1.65,2.41,,,,,,English
Alfred Lord Tennyson,e,12.61,t,8.78,a,7.81,o,7.71,n,6.63,h,6.43,r,6.38,s,6.21,i,6.13,l,4.66,12.61,8.78,7.71,7.81,6.63,6.13,6.38,6.21,6.43,4.66,4.66,2.26,2.92,2.28,2.68,1.62,2.07,1.81,1.55,2.65,,,,,,English
Alfred Tennyson Tennyson,e,12.26,t,9.04,o,7.7,a,7.69,n,6.62,i,6.56,r,6.4,h,6.37,s,6.34,l,4.68,12.26,9.04,7.7,7.69,6.62,6.56,6.4,6.34,6.37,4.68,4.3,2.41,2.49,2.43,2.57,1.67,2.11,1.72,1.56,2.56,,,,,,English
Alfred William Benn,e,12.57,t,9.84,i,7.98,o,7.75,a,7.59,n,6.94,s,6.75,r,5.88,h,5.47,l,3.93,12.57,9.84,7.75,7.59,6.94,7.98,5.88,6.75,5.47,3.93,3.54,3.4,2.64,2.38,2.32,2.2,1.75,1.66,1.43,1.77,,,,,,English
"Alfred, Lord Tennyson",e,12.73,t,8.66,a,8.19,o,7.36,h,7.25,n,7.14,r,6.11,i,6.1,s,5.72,d,4.9,12.73,8.66,7.36,8.19,7.14,6.1,6.11,5.72,7.25,4.83,4.9,1.82,2.57,2.27,2.6,1.18,2.24,1.81,1.51,2.65,,,,,,English
Algernon Blackwood,e,12.41,t,9.59,a,7.67,o,7.49,n,7.1,i,7.09,s,6.17,h,5.93,r,5.62,d,4.47,12.41,9.59,7.49,7.67,7.1,7.09,5.62,6.17,5.93,3.91,4.47,2.53,2.9,2.49,2.47,1.88,2.35,1.79,1.43,2.33,,,,,,English
Alice Gerstenberg,e,12.38,t,9.43,o,7.91,a,7.68,i,7.02,n,6.46,s,5.98,r,5.71,h,5.5,l,4.14,12.38,9.43,7.91,7.68,6.46,7.02,5.71,5.98,5.5,4.14,3.67,2.99,3.67,1.9,2.31,1.72,2.27,2.51,1.48,2.35,,,,,,English
Alice Mabel Bacon,e,13.07,t,9.29,a,7.87,o,7.65,n,7.07,i,6.81,s,6.71,r,6.21,h,6.17,d,3.75,13.07,9.29,7.65,7.87,7.07,6.81,6.21,6.71,6.17,3.72,3.75,2.58,2.55,2.74,2.51,1.94,1.93,1.78,1.45,1.88,,,,,,English
Allen Chaffee,e,12.94,t,9.72,o,7.6,a,7.45,h,7.02,n,6.35,r,6.11,i,5.85,s,5.62,d,4.43,12.94,9.72,7.6,7.45,6.35,5.85,6.11,5.62,7.02,4.23,4.43,2.31,2.72,2.85,1.95,1.74,2.35,1.88,1.6,2.78,,,,,,English
Alvarado M. Fuller,e,12.81,t,9.52,a,7.93,o,7.62,n,6.89,i,6.87,s,6.07,h,6.04,r,6.04,d,4.23,12.81,9.52,7.62,7.93,6.89,6.87,6.04,6.07,6.04,3.87,4.23,2.87,2.82,2.39,2.37,1.79,1.91,1.89,1.65,2.14,,,,,,English
Ambrose Bierce,e,12.13,t,9.18,a,8.03,o,7.8,i,7.44,n,7.31,s,6.31,r,6.08,h,5.49,l,3.9,12.13,9.18,7.8,8.03,7.31,7.44,6.08,6.31,5.49,3.9,3.9,2.93,2.74,2.46,2.49,2.09,2.07,1.83,1.65,1.9,,,,,,English
Ambrose Coleman,e,12.63,t,9.45,a,7.76,i,7.74,o,7.59,n,7.2,s,6.68,r,6.51,h,5.63,l,3.74,12.63,9.45,7.59,7.76,7.2,7.74,6.51,6.68,5.63,3.74,3.58,3.09,2.56,2.44,2.29,2.35,1.82,1.72,1.39,1.7,,,,,,English
Amelia Alderson Opie,e,13.19,t,8.31,a,7.75,o,7.62,n,7.16,i,6.72,r,6.44,h,6.13,s,6.11,d,4.72,13.19,8.31,7.62,7.75,7.16,6.72,6.44,6.11,6.13,4.07,4.72,2.48,2.91,2.2,2.75,1.67,1.86,2.08,1.55,2.15,,,,,,English
An Anti-Slavery Convention of American Women,e,12.67,t,9.3,o,8.31,a,7.15,i,6.96,n,6.94,r,6.51,s,6.03,h,5.52,l,3.8,12.67,9.3,8.31,7.15,6.94,6.96,6.51,6.03,5.52,3.8,3.71,3.22,3.15,2.65,2.32,2.12,1.83,1.91,1.64,1.95,,,,,,English
Anatole France,e,12.84,t,8.72,a,7.94,o,7.38,i,7.18,n,6.82,s,6.26,h,6.19,r,6.1,d,4.52,12.84,8.72,7.38,7.94,6.82,7.18,6.1,6.26,6.19,4.01,4.52,2.7,3.04,2.31,2.53,1.8,2.1,1.66,1.51,2.04,,,,,,English
Andrew Lang,e,12.77,t,9.02,a,8.08,o,7.35,h,7.09,i,6.8,n,6.71,s,6.17,r,5.63,d,4.85,12.77,9.02,7.35,8.08,6.71,6.8,5.63,6.17,7.09,3.71,4.85,2.37,2.86,2.19,2.6,1.7,1.99,2.06,1.44,2.42,,,,,,English
Andr__ Ch__radame,e,12.71,t,9.45,a,8.21,i,7.38,n,7.37,o,7.27,r,6.62,s,6.4,h,4.87,l,4.22,12.71,9.45,7.27,8.21,7.37,7.38,6.62,6.4,4.87,4.22,3.04,3.04,2.76,2.62,2.51,2.15,2.08,1.86,1.68,1.61,,,,,,English
Ann Radcliffe,e,13.55,t,9.22,a,7.56,o,7.54,n,6.94,h,6.81,i,6.51,s,6.3,r,5.98,d,4.54,13.55,9.22,7.54,7.56,6.94,6.51,5.98,6.3,6.81,3.79,4.54,2.7,2.79,2.21,2.71,1.71,1.75,1.76,1.29,2.24,,,,,,English
Anna Katharine Green,e,12.54,t,9.07,o,7.91,a,7.66,i,7.07,n,6.72,h,6.29,s,6.2,r,5.99,d,4.43,12.54,9.07,7.91,7.66,6.72,7.07,5.99,6.2,6.29,3.66,4.43,2.62,2.91,2.27,2.76,1.91,1.82,2.06,1.42,2.58,,,,,,English
Anna Mary Galbraith,e,12.7,t,9.79,o,7.88,a,7.5,i,7.4,n,6.97,s,6.83,r,5.98,h,5.33,l,3.82,12.7,9.79,7.88,7.5,6.97,7.4,5.98,6.83,5.33,3.82,3.72,3.41,2.74,2.97,2.37,1.99,1.86,1.58,1.68,1.38,,,,,,English
Anna Sewell,e,12.14,t,9.02,a,8.49,o,8.14,n,6.62,h,6.49,i,6.09,s,5.96,r,5.8,d,4.91,12.14,9.02,8.14,8.49,6.62,6.09,5.8,5.96,6.49,4.0,4.91,1.91,2.93,1.99,2.62,1.35,2.27,2.31,1.6,2.82,,,,,,English
Anna Steese Richardson,e,12.65,t,9.08,o,7.85,a,7.6,r,6.88,n,6.68,i,6.49,s,6.4,h,5.25,d,4.0,12.65,9.08,7.85,7.6,6.68,6.49,6.88,6.4,5.25,3.91,4.0,2.96,3.09,2.3,2.52,1.92,2.02,2.22,1.53,2.08,,,,,,English
Anne Brontë,e,12.17,t,8.94,o,7.83,a,7.64,i,7.22,n,7.05,s,6.1,h,5.87,r,5.76,d,4.48,12.17,8.94,7.83,7.64,7.05,7.22,5.76,6.1,5.87,4.26,4.48,2.26,3.31,2.23,3.0,1.57,1.98,2.33,1.53,2.24,,,,,,English
Anne Douglas Sedgwick,e,12.75,t,8.62,a,8.22,o,7.55,n,6.96,i,6.63,h,6.39,s,6.32,r,5.77,d,4.72,12.75,8.62,7.55,8.22,6.96,6.63,5.77,6.32,6.39,4.17,4.72,2.09,2.87,2.09,2.61,1.5,1.99,2.4,1.55,2.43,,,,,,English
Annie Besant,e,12.21,t,9.8,o,7.74,i,7.65,a,7.3,n,6.82,s,6.56,r,5.99,h,5.62,l,4.19,12.21,9.8,7.74,7.3,6.82,7.65,5.99,6.56,5.62,4.19,3.41,2.99,3.02,3.08,2.37,2.05,2.18,1.75,1.51,1.72,,,,,,English
Annie S. Swan,e,12.83,t,8.83,a,7.95,o,7.19,n,6.9,i,6.7,h,6.54,r,6.39,s,6.08,d,4.62,12.83,8.83,7.19,7.95,6.9,6.7,6.39,6.08,6.54,4.0,4.62,2.25,2.8,2.33,2.41,1.63,2.2,2.1,1.65,2.41,,,,,,English
Anonymous,e,12.42,t,9.09,a,7.85,o,7.5,n,6.94,i,6.75,h,6.23,s,6.13,r,6.01,d,4.58,12.42,9.09,7.5,7.85,6.94,6.75,6.01,6.13,6.23,3.85,4.58,2.61,2.82,2.36,2.58,1.84,1.97,1.87,1.54,2.16,,,,,,English
Anthony Berkeley,e,11.99,t,9.67,o,8.3,a,7.62,i,6.92,n,6.84,s,6.06,r,5.96,h,5.91,d,4.08,11.99,9.67,8.3,7.62,6.84,6.92,5.96,6.06,5.91,4.06,4.08,2.4,3.1,1.97,2.44,1.8,2.29,2.56,1.51,2.22,,,,,,English
Anthony Hope,e,12.37,t,8.96,a,8.19,o,7.43,i,7.0,n,6.77,h,6.29,s,5.92,r,5.82,d,5.01,12.37,8.96,7.43,8.19,6.77,7.0,5.82,5.92,6.29,3.97,5.01,2.16,2.94,2.25,2.73,1.65,2.14,2.07,1.41,2.4,,,,,,English
Anthony Trollope,e,12.42,t,9.7,o,8.33,a,7.71,h,7.04,n,6.63,i,6.27,r,6.13,s,5.83,d,4.22,12.42,9.7,8.33,7.71,6.63,6.27,6.13,5.83,7.04,3.5,4.22,2.59,2.74,2.33,2.53,1.66,2.2,1.78,1.74,2.54,,,,,,English
Antoine Simon Maillard,e,12.83,t,10.36,o,7.89,a,7.44,i,7.1,n,6.98,s,6.37,h,6.25,r,6.21,l,3.3,12.83,10.36,7.89,7.44,6.98,7.1,6.21,6.37,6.25,3.3,3.2,2.91,2.68,2.53,2.61,1.82,1.98,1.97,1.48,1.77,,,,,,English
Anton Checkov,e,11.9,t,8.65,o,8.36,a,8.31,i,7.41,n,7.06,s,6.38,r,5.93,h,5.32,l,4.03,11.9,8.65,8.36,8.31,7.06,7.41,5.93,6.38,5.32,4.03,3.62,2.14,3.14,2.37,2.7,1.63,2.23,2.65,1.42,2.03,,,,,,English
Anton Chekhov,e,12.08,t,8.85,a,8.33,o,7.74,n,7.17,i,6.89,h,6.45,s,6.29,r,5.44,d,4.52,12.08,8.85,7.74,8.33,7.17,6.89,5.44,6.29,6.45,4.06,4.52,2.1,2.85,2.01,2.43,1.54,2.38,2.3,1.42,2.43,,,,,,English
Antonio Pigafetta,e,12.46,a,9.85,t,8.4,o,8.21,n,7.17,i,7.07,r,5.82,s,4.93,h,4.88,l,4.51,12.46,8.4,8.21,9.85,7.17,7.07,5.82,4.93,4.88,4.51,3.99,3.05,2.82,1.93,2.47,2.11,2.02,,1.37,1.51,1.26,,,,,English
Apicius,e,11.87,i,8.27,t,8.21,a,8.11,o,7.28,n,6.78,s,6.68,r,6.59,h,4.44,l,4.33,11.87,8.21,7.28,8.11,6.78,8.27,6.59,6.68,4.44,4.33,3.75,3.57,3.32,2.2,2.58,2.77,1.8,1.37,1.63,1.52,,,,,,English
Apollonius Rhodius,e,13.02,t,9.16,a,7.95,h,7.69,o,7.28,n,6.66,s,6.62,r,6.14,i,6.02,d,4.72,13.02,9.16,7.28,7.95,6.66,6.02,6.14,6.62,7.69,3.79,4.72,2.08,2.66,2.58,2.34,1.65,2.06,1.85,1.51,2.27,,,,,,English
Archibald Marshall,e,12.37,t,9.43,a,7.98,o,7.88,h,7.13,i,6.88,n,6.49,s,5.88,r,5.49,d,4.43,12.37,9.43,7.88,7.98,6.49,6.88,5.49,5.88,7.13,4.02,4.43,2.04,2.94,2.26,2.46,1.42,2.18,2.15,1.67,2.52,,,,,,English
Aristophanes,e,11.93,t,8.95,a,8.09,o,8.05,i,7.16,s,6.64,r,6.23,n,6.18,h,5.41,l,4.35,11.93,8.95,8.05,8.09,6.18,7.16,6.23,6.64,5.41,4.35,3.52,2.98,3.26,2.24,2.55,2.1,2.07,2.43,1.52,2.21,,,,,,English
Aristotle,e,12.84,t,10.02,o,7.95,a,7.69,i,7.32,n,6.92,s,6.87,h,5.99,r,5.99,l,3.52,12.84,10.02,7.95,7.69,6.92,7.32,5.99,6.87,5.99,3.52,3.13,3.12,2.63,2.5,2.44,1.97,1.68,1.73,1.67,1.87,,,,,,English
Arnold Bennett,e,11.96,t,9.62,o,8.41,a,7.6,i,7.46,n,7.03,r,6.06,s,5.94,h,4.72,l,3.86,11.96,9.62,8.41,7.6,7.03,7.46,6.06,5.94,4.72,3.86,3.34,2.87,3.6,2.53,2.46,2.1,2.07,2.67,1.48,1.8,,,,,,English
Arnold Henry Savage Landor,e,12.5,t,9.15,a,8.69,o,7.45,n,6.92,i,6.82,r,6.39,s,6.16,h,5.55,l,4.18,12.5,9.15,7.45,8.69,6.92,6.82,6.39,6.16,5.55,4.18,3.99,2.78,2.78,2.37,2.46,1.82,2.05,1.63,1.56,2.3,,,,,,English
Arrian of Nicomedia,e,12.6,t,9.2,a,8.97,i,7.07,o,6.86,n,6.81,h,6.58,s,6.55,r,6.25,d,4.32,12.6,9.2,6.86,8.97,6.81,7.07,6.25,6.55,6.58,3.3,4.32,2.87,2.52,2.38,2.39,1.87,1.76,1.63,1.5,1.86,,,,,,English
Arthur Applin,e,12.78,t,9.11,a,8.07,o,7.24,i,7.07,n,7.03,r,6.58,s,6.05,h,5.71,l,4.06,12.78,9.11,7.24,8.07,7.03,7.07,6.58,6.05,5.71,4.06,4.03,2.96,2.58,2.47,2.4,1.91,2.07,1.67,1.5,2.07,,,,,,English
Arthur Charles Fox-Davies,e,12.68,t,8.86,a,8.2,o,7.39,r,7.24,n,6.94,i,6.92,s,6.64,h,5.38,l,4.16,12.68,8.86,7.39,8.2,6.94,6.92,7.24,6.64,5.38,4.16,3.81,3.17,2.64,2.91,2.4,1.87,1.92,1.52,1.72,1.62,,,,,,English
Arthur Conan Doyle,e,12.32,t,9.06,a,8.07,o,7.84,i,6.9,n,6.64,h,6.42,s,6.18,r,5.88,d,4.27,12.32,9.06,7.84,8.07,6.64,6.9,5.88,6.18,6.42,3.91,4.27,2.58,3.05,2.16,2.69,1.68,1.9,2.07,1.47,2.59,,,,,,English
Arthur D. Howden Smith,e,12.55,t,8.75,a,8.1,o,7.57,s,6.39,i,6.39,h,6.38,n,6.38,r,6.2,d,4.59,12.55,8.75,7.57,8.1,6.38,6.39,6.2,6.39,6.38,4.05,4.59,2.46,3.18,2.31,2.6,1.77,2.02,2.15,1.56,2.37,,,,,,English
Arthur Dow,e,11.93,t,9.11,i,7.91,o,7.85,a,7.75,n,7.66,s,6.53,r,6.51,h,4.33,l,3.93,11.93,9.11,7.85,7.75,7.66,7.91,6.51,6.53,4.33,3.93,3.43,3.43,2.78,2.47,2.27,2.81,2.21,1.52,1.54,1.58,,,,,,English
Arthur G. Doughty,e,12.78,t,9.55,a,8.15,o,8.06,n,7.49,i,6.82,r,6.5,s,5.91,h,5.64,d,4.33,12.78,9.55,8.06,8.15,7.49,6.82,6.5,5.91,5.64,3.52,4.33,3.21,2.52,2.61,2.22,1.92,1.52,1.6,1.62,1.8,,,,,,English
Arthur Machen,e,12.54,t,9.26,a,8.13,o,7.7,n,7.03,i,6.81,s,6.09,r,6.0,h,5.96,d,4.4,12.54,9.26,7.7,8.13,7.03,6.81,6.0,6.09,5.96,3.91,4.4,2.59,2.95,2.23,2.51,1.63,2.01,2.03,1.5,2.32,,,,,,English
Arthur Preston Hankins,e,12.02,t,9.58,a,8.26,o,7.84,n,7.06,i,6.38,h,6.33,s,5.87,r,5.46,d,4.48,12.02,9.58,7.84,8.26,7.06,6.38,5.46,5.87,6.33,4.04,4.48,2.35,2.97,2.1,2.6,1.68,2.17,2.19,1.56,2.49,,,,,,English
Arthur Schopenhauer,e,12.55,t,9.7,i,8.07,o,7.51,a,7.49,n,7.21,s,6.73,h,5.71,r,5.61,l,4.09,12.55,9.7,7.51,7.49,7.21,8.07,5.61,6.73,5.71,4.09,3.3,3.19,2.66,2.74,2.34,1.99,1.64,1.77,1.37,1.92,,,,,,English
Auguste Renouard,e,12.66,t,9.7,o,7.72,a,7.64,i,7.52,n,6.86,s,6.65,r,6.01,h,5.19,l,4.03,12.66,9.7,7.72,7.64,6.86,7.52,6.01,6.65,5.19,4.03,3.74,3.49,2.94,2.71,2.48,2.12,1.71,1.52,1.87,1.33,,,,,,English
Aurelius Augustine,e,12.89,t,9.95,o,7.84,i,7.12,a,7.09,h,7.05,s,6.81,n,6.59,r,5.65,d,4.05,12.89,9.95,7.84,7.09,6.59,7.12,5.65,6.81,7.05,3.46,4.05,2.57,2.7,2.46,2.38,1.61,1.94,1.83,1.71,2.22,,,,,,English
Austin Craig,e,12.31,t,8.93,a,8.12,i,7.71,o,7.53,n,7.05,s,6.5,r,6.34,h,5.95,d,4.03,12.31,8.93,7.53,8.12,7.05,7.71,6.34,6.5,5.95,3.92,4.03,2.91,2.42,2.57,2.41,2.24,1.87,1.54,1.47,1.92,,,,,,English
Ayn Rand,e,13.33,t,9.8,o,8.36,a,7.08,n,6.99,h,6.42,r,6.41,s,5.95,i,5.8,d,4.25,13.33,9.8,8.36,7.08,6.99,5.8,6.41,5.95,6.42,3.68,4.25,2.28,3.1,2.28,1.99,1.43,1.9,1.78,1.55,3.47,,,,,,English
B. A. Hathaway,e,12.17,t,8.87,a,8.41,i,7.48,o,7.46,n,7.03,s,6.74,r,6.17,h,5.07,l,3.88,12.17,8.87,7.46,8.41,7.03,7.48,6.17,6.74,5.07,3.88,3.68,3.4,2.75,2.31,2.17,2.15,2.16,1.88,1.51,2.3,,,,,,English
B. L. (Benjamin Leopold) Farjeon,e,12.54,t,8.65,o,7.91,a,7.84,i,7.06,n,6.87,h,6.64,s,6.45,r,6.02,d,4.49,12.54,8.65,7.91,7.84,6.87,7.06,6.02,6.45,6.64,3.8,4.49,2.44,2.9,2.24,2.57,1.78,1.78,1.97,1.44,2.5,,,,,,English
B. M. Bower,e,12.05,t,9.25,a,7.9,o,7.73,n,6.99,i,6.93,h,6.12,r,5.54,s,5.4,l,4.61,12.05,9.25,7.73,7.9,6.99,6.93,5.54,5.4,6.12,4.61,4.35,2.75,2.88,2.41,2.19,1.9,2.57,1.76,1.91,2.25,,,,,,English
B. W. Dyer,e,11.87,t,9.04,o,8.08,a,7.95,r,7.23,i,6.9,n,6.38,s,6.18,h,4.24,u,4.06,11.87,9.04,8.08,7.95,6.38,6.9,7.23,6.18,4.24,3.66,3.31,3.66,4.06,2.56,2.09,2.15,2.46,2.23,1.85,1.57,,,,,,English
Baroness Orczy,e,12.84,t,8.67,a,7.82,o,7.41,h,6.67,n,6.55,i,6.37,s,6.2,r,6.14,d,4.64,12.84,8.67,7.41,7.82,6.55,6.37,6.14,6.2,6.67,4.4,4.64,2.49,3.09,2.23,2.52,1.69,2.01,2.24,1.42,2.28,,,,,,English
Beatrix Potter,e,11.8,t,10.21,o,8.4,r,7.39,i,7.17,n,6.84,a,6.79,s,5.09,h,3.88,d,3.74,11.8,10.21,8.4,6.79,6.84,7.17,7.39,5.09,3.88,3.55,3.74,3.48,3.42,2.35,2.31,2.75,2.5,2.0,1.85,1.91,,,,,,English
Bede,e,12.58,t,9.12,o,7.6,a,7.52,i,7.35,h,6.94,n,6.86,s,6.31,r,6.12,d,4.29,12.58,9.12,7.6,7.52,6.86,7.35,6.12,6.31,6.94,3.46,4.29,2.83,2.47,2.82,2.23,1.7,1.85,1.7,2.0,1.98,,,,,,English
Bede Jarrett,e,12.84,t,9.87,o,7.96,i,7.63,n,6.78,s,6.7,a,6.67,h,6.04,r,5.83,l,3.96,12.84,9.87,7.96,6.67,6.78,7.63,5.83,6.7,6.04,3.96,3.56,2.86,2.68,2.85,2.29,1.9,2.19,1.97,1.52,1.81,,,,,,English
Ben Jonson,e,11.69,t,8.56,o,8.36,a,7.81,i,6.94,s,6.58,r,6.56,n,6.56,h,5.14,l,4.24,11.69,8.56,8.36,7.81,6.56,6.94,6.56,6.58,5.14,4.24,3.63,3.04,3.31,2.3,2.77,2.09,1.85,2.22,1.68,2.05,,,,,,English
Benedict de Spinoza,e,12.85,t,9.24,i,8.72,o,8.14,n,7.31,a,7.16,s,6.44,r,5.76,h,5.58,d,3.74,12.85,9.24,8.14,7.16,7.31,8.72,5.76,6.44,5.58,3.2,3.74,2.99,2.4,2.92,2.21,1.72,1.6,1.69,1.6,1.88,,,,,,English
Benjamin Franklin,e,12.26,t,9.19,o,7.82,a,7.65,n,7.4,i,7.33,r,6.13,s,6.04,h,5.5,d,4.21,12.26,9.19,7.82,7.65,7.4,7.33,6.13,6.04,5.5,3.46,4.21,2.75,2.73,2.44,2.83,2.18,2.07,1.93,1.68,2.16,,,,,,English
Benjamin Harrow,e,12.96,t,10.5,o,7.95,i,7.53,a,7.43,n,7.09,s,6.43,r,5.94,h,5.22,l,3.7,12.96,10.5,7.95,7.43,7.09,7.53,5.94,6.43,5.22,3.7,3.18,3.3,2.62,2.62,2.38,2.12,1.67,1.75,1.4,1.9,,,,,,English
Benjamin Leonard D’Ooge,e,11.63,t,8.13,i,7.55,a,7.4,s,7.09,r,6.66,n,6.63,o,5.56,u,4.56,l,3.85,11.63,8.13,5.56,7.4,6.63,7.55,6.66,7.09,3.0,3.85,3.27,3.43,4.56,2.18,3.58,2.5,1.63,,1.67,,,1.73,1.27,,,English
Bernal Diaz del Castillo,e,12.85,t,9.04,a,8.07,o,7.98,n,6.47,s,6.4,r,6.33,h,6.26,i,6.25,d,4.51,12.85,9.04,7.98,8.07,6.47,6.25,6.33,6.4,6.26,3.6,4.51,2.94,3.05,2.3,2.66,1.74,1.64,1.52,1.26,2.64,,,,,,English
Bernard Shaw,e,11.87,t,8.97,a,7.83,o,7.75,i,7.16,n,6.73,s,6.28,r,5.91,h,5.61,l,4.54,11.87,8.97,7.75,7.83,6.73,7.16,5.91,6.28,5.61,4.54,3.8,3.05,2.96,2.19,2.61,2.1,2.04,2.3,1.8,1.96,,,,,,English
Bertha Upton,e,11.78,t,9.56,o,8.22,i,7.14,a,7.04,r,7.02,n,6.65,s,5.62,h,4.39,l,4.02,11.78,9.56,8.22,7.04,6.65,7.14,7.02,5.62,4.39,4.02,3.68,3.27,3.27,2.24,2.23,2.65,2.88,2.1,1.69,2.04,,,,,,English
Bertrand Russell,e,12.93,t,9.91,i,7.79,a,7.64,o,7.54,s,6.99,n,6.94,r,5.53,h,5.4,l,3.71,12.93,9.91,7.54,7.64,6.94,7.79,5.53,6.99,5.4,3.71,2.91,3.52,2.72,2.43,2.4,2.07,1.71,1.8,1.66,2.1,,,,,,English
Bertrand W. Sinclair,e,12.07,t,9.21,o,8.32,a,7.45,i,6.73,n,6.56,r,6.39,s,5.59,h,5.55,d,4.46,12.07,9.21,8.32,7.45,6.56,6.73,6.39,5.59,5.55,4.33,4.46,3.05,3.05,2.38,2.19,1.96,2.22,1.91,1.82,2.36,,,,,,English
Bill o'th' Hoylus End,e,12.46,t,9.17,a,8.28,o,7.68,n,6.92,i,6.85,r,5.93,h,5.9,s,5.71,d,4.39,12.46,9.17,7.68,8.28,6.92,6.85,5.93,5.71,5.9,4.01,4.39,2.66,2.48,2.27,2.74,1.89,2.14,1.95,1.59,2.54,,,,,,English
Bjornstjerne Bjornson,e,13.58,t,9.31,a,7.9,h,7.78,o,7.39,n,6.38,s,6.32,i,6.25,r,5.91,d,4.5,13.58,9.31,7.39,7.9,6.38,6.25,5.91,6.32,7.78,3.77,4.5,2.26,2.65,2.21,2.35,1.53,1.96,1.73,1.49,2.7,,,,,,English
Blaise Pascal,e,12.67,t,9.87,i,7.7,o,7.67,a,7.21,s,7.14,n,6.79,h,6.55,r,5.47,l,3.83,12.67,9.87,7.67,7.21,6.79,7.7,5.47,7.14,6.55,3.83,3.49,2.78,2.89,2.37,2.44,1.8,1.68,1.68,1.45,2.07,,,,,,English
Bob Evans and Chris Dulabone,e,12.24,t,9.24,a,8.15,o,8.09,i,6.76,n,6.29,h,6.1,r,5.77,s,5.68,l,4.38,12.24,9.24,8.09,8.15,6.29,6.76,5.77,5.68,6.1,4.38,4.11,2.56,3.02,2.02,2.64,1.7,2.19,2.34,1.58,2.5,,,,,,English
Boethius,e,12.69,t,9.77,o,7.9,i,7.36,s,7.22,n,7.01,a,6.62,h,6.53,r,5.65,l,3.66,12.69,9.77,7.9,6.62,7.01,7.36,5.65,7.22,6.53,3.66,3.59,2.72,2.93,2.62,2.18,1.84,1.93,1.88,1.46,2.28,,,,,,English
Booker T. Washington,e,12.81,t,10.03,o,8.15,a,7.79,n,7.13,i,6.83,h,6.0,s,5.93,r,5.86,d,3.97,12.81,10.03,8.15,7.79,7.13,6.83,5.86,5.93,6.0,3.53,3.97,2.67,2.68,2.44,2.73,1.88,2.08,1.69,1.34,2.33,,,,,,English
Boy Scouts of America,e,11.86,t,9.54,o,8.13,a,7.87,n,6.94,i,6.94,s,6.69,r,6.34,h,5.39,l,4.17,11.86,9.54,8.13,7.87,6.94,6.94,6.34,6.69,5.39,4.17,3.75,3.02,2.84,2.55,2.23,1.9,2.09,1.71,1.83,1.95,,,,,,English
Boyd Cable (Ernest Andrew Ewart),e,12.47,t,9.73,a,8.14,o,7.36,n,7.32,i,6.43,h,6.32,r,5.93,s,5.81,d,4.54,12.47,9.73,7.36,8.14,7.32,6.43,5.93,5.81,6.32,3.96,4.54,2.47,2.73,2.3,2.36,1.87,2.51,1.79,1.62,2.12,,,,,,English
Bram Stoker,e,12.48,t,9.15,a,8.15,o,7.83,n,6.8,h,6.72,i,6.63,s,6.15,r,5.6,d,4.5,12.48,9.15,7.83,8.15,6.8,6.63,5.6,6.15,6.72,4.02,4.5,2.21,2.78,2.25,2.72,1.5,2.05,1.94,1.42,2.73,,,,,,English
Brand Whitlock,e,12.54,t,9.18,a,7.94,o,7.67,i,6.99,h,6.96,n,6.95,s,6.06,r,5.56,d,4.69,12.54,9.18,7.67,7.94,6.95,6.99,5.56,6.06,6.96,4.17,4.69,2.39,2.52,2.13,2.46,1.71,2.25,1.84,1.35,2.44,,,,,,English
Bronislaw Malinowski,e,12.17,t,9.35,a,8.81,i,7.75,o,7.44,n,7.02,s,6.41,h,5.62,r,5.58,l,4.21,12.17,9.35,7.44,8.81,7.02,7.75,5.58,6.41,5.62,4.21,3.4,3.03,2.7,2.48,2.54,1.78,2.01,1.63,1.6,1.9,,,,,,English
Brother Lawrence,e,12.42,t,9.26,o,8.26,i,7.57,a,6.91,n,6.51,r,6.21,s,6.17,h,5.41,l,3.9,12.42,9.26,8.26,6.91,6.51,7.57,6.21,6.17,5.41,3.9,3.87,2.93,2.99,2.82,2.61,1.94,2.19,2.17,1.39,2.24,,,,,,English
Burford Delannoy,e,12.96,t,9.6,a,7.86,o,7.81,h,6.97,n,6.75,i,6.55,s,5.82,r,5.45,d,4.74,12.96,9.6,7.81,7.86,6.75,6.55,5.45,5.82,6.97,3.88,4.74,2.26,2.84,2.15,2.29,1.82,2.05,1.87,1.47,2.6,,,,,,English
C. C. Long,e,12.03,t,9.14,o,8.26,a,7.66,i,6.97,s,6.81,n,6.53,r,6.43,h,5.55,l,4.61,12.03,9.14,8.26,7.66,6.53,6.97,6.43,6.81,5.55,4.61,3.72,2.56,2.97,2.33,2.24,1.89,2.0,1.72,1.37,2.92,,,,,,English
C. Collodi--Pseudonym of Carlo Lorenzini,e,12.17,t,9.05,o,8.67,a,7.93,i,7.0,h,6.67,n,6.54,s,5.41,r,5.4,d,4.48,12.17,9.05,8.67,7.93,6.54,7.0,5.4,5.41,6.67,3.96,4.48,2.6,2.67,2.27,2.54,1.87,2.11,2.29,1.46,2.65,,,,,,English
C. G. Jung,e,12.36,t,9.42,i,7.94,o,7.73,a,7.23,s,6.86,n,6.83,h,6.35,r,5.86,l,3.86,12.36,9.42,7.73,7.23,6.83,7.94,5.86,6.86,6.35,3.86,3.41,3.08,2.59,2.66,2.58,1.93,1.85,1.58,1.41,1.7,,,,,,English
C. H. (Charles Humble) Dudley Ward,e,12.72,t,10.29,a,7.68,o,7.56,n,7.44,i,6.56,r,6.37,h,6.02,s,5.62,d,4.44,12.72,10.29,7.56,7.68,7.44,6.56,6.37,5.62,6.02,3.7,4.44,2.79,2.54,2.57,2.27,1.6,2.12,1.51,1.78,1.97,,,,,,English
C. J. Ellicott,e,13.41,t,9.97,o,7.72,a,7.21,i,7.02,n,6.91,r,6.58,s,6.17,h,5.4,d,3.72,13.41,9.97,7.72,7.21,6.91,7.02,6.58,6.17,5.4,3.49,3.72,3.23,2.53,2.58,2.32,1.98,1.74,1.81,1.64,2.03,,,,,,English
C. K. Shepherd,e,12.36,t,9.43,a,8.33,o,7.63,n,7.11,i,7.07,r,6.13,s,6.11,h,5.23,d,4.29,12.36,9.43,7.63,8.33,7.11,7.07,6.13,6.11,5.23,4.15,4.29,2.58,2.73,2.41,2.38,1.74,2.19,1.9,1.49,2.27,,,,,,English
C. Suetonius Tranquillus,e,12.65,t,9.24,a,7.78,o,7.6,i,7.58,n,6.8,s,6.64,h,6.21,r,6.03,d,3.97,12.65,9.24,7.6,7.78,6.8,7.58,6.03,6.64,6.21,3.31,3.97,2.98,3.16,2.65,2.59,2.1,1.75,1.45,1.54,1.85,,,,,,English
C.M. Kornbluth,e,12.05,t,9.51,o,7.84,a,7.81,i,6.72,n,6.52,r,6.2,s,5.87,h,5.25,d,4.37,12.05,9.51,7.84,7.81,6.52,6.72,6.2,5.87,5.25,4.19,4.37,2.93,3.06,2.18,2.31,2.22,2.22,2.09,1.73,2.3,,,,,,English
Calvin Coolidge,e,12.43,t,10.08,o,8.4,i,7.46,a,7.01,n,6.99,r,6.94,s,5.54,h,4.3,c,3.54,12.43,10.08,8.4,7.01,6.99,7.46,6.94,5.54,4.3,3.44,3.54,3.54,3.03,2.57,2.27,2.38,2.36,2.05,1.68,1.58,,,,,,English
Campbell Soup Company,e,11.93,t,9.0,o,7.93,a,7.92,r,7.0,n,6.84,i,6.84,s,6.05,c,3.93,l,3.79,11.93,9.0,7.93,7.92,6.84,6.84,7.0,6.05,3.52,3.79,3.79,3.93,3.03,2.35,2.44,3.39,2.5,1.66,1.96,1.63,,,,,,English
Captain Basil Hall,e,13.09,t,9.24,o,8.37,a,8.01,n,7.11,i,6.33,s,6.25,h,5.98,r,5.77,d,3.94,13.09,9.24,8.37,8.01,7.11,6.33,5.77,6.25,5.98,3.39,3.94,2.85,2.5,2.41,2.24,1.77,2.14,1.61,1.7,2.46,,,,,,English
Captain J. Kincaid,e,12.58,t,9.55,o,8.06,a,7.87,n,7.2,i,6.77,r,6.31,h,5.92,s,5.39,d,4.4,12.58,9.55,8.06,7.87,7.2,6.77,6.31,5.39,5.92,3.54,4.4,2.63,2.87,2.79,2.39,1.7,2.22,1.71,1.52,2.33,,,,,,English
Captain James Carson,e,12.61,t,9.52,o,7.84,a,7.82,h,6.8,n,6.59,i,6.03,s,5.72,r,5.71,d,4.3,12.61,9.52,7.84,7.82,6.59,6.03,5.71,5.72,6.8,3.82,4.3,2.53,2.9,2.33,2.38,1.7,2.27,1.94,2.08,2.42,,,,,,English
Carl Frederich Becker,e,12.72,t,9.22,a,7.95,o,7.71,h,7.11,n,6.46,s,6.28,r,6.17,i,6.16,d,4.65,12.72,9.22,7.71,7.95,6.46,6.16,6.17,6.28,7.11,4.08,4.65,2.5,2.79,2.25,2.56,1.82,2.0,1.71,1.47,2.2,,,,,,English
Carl von Clausewitz,e,13.02,t,10.25,a,7.88,o,7.52,i,7.43,n,7.16,s,6.65,r,6.07,h,5.5,c,3.58,13.02,10.25,7.52,7.88,7.16,7.43,6.07,6.65,5.5,3.51,3.13,3.58,2.57,2.91,2.4,1.84,1.52,1.7,1.48,1.78,,,,,,English
Carroll Watson Rankin,e,12.78,t,9.38,a,7.85,o,7.46,r,6.42,i,6.41,n,6.24,s,6.15,h,5.44,l,4.5,12.78,9.38,7.46,7.85,6.24,6.41,6.42,6.15,5.44,4.5,4.38,2.36,2.86,1.94,2.7,1.68,2.23,2.27,2.02,2.17,,,,,,English
Catherine Anne Austen Hubback,e,12.65,t,8.54,a,7.87,o,7.56,n,6.85,i,6.73,h,6.66,r,6.33,s,6.24,d,4.5,12.65,8.54,7.56,7.87,6.85,6.73,6.33,6.24,6.66,4.03,4.5,2.53,3.0,2.15,2.46,1.71,1.94,2.25,1.42,2.39,,,,,,English
Cecil B. Hartley,e,12.44,t,9.32,o,8.3,a,7.8,n,7.18,i,6.99,s,6.32,r,6.26,h,5.18,l,4.04,12.44,9.32,8.3,7.8,7.18,6.99,6.26,6.32,5.18,4.04,3.47,2.71,3.25,2.44,2.46,1.84,1.83,2.43,1.57,1.9,,,,,,English
Cecil Herbert Prodgers,e,12.24,t,9.25,a,8.94,o,7.81,n,6.98,i,6.41,h,5.97,r,5.91,s,5.54,d,4.54,12.24,9.25,7.81,8.94,6.98,6.41,5.91,5.54,5.97,4.09,4.54,2.4,2.57,2.47,2.54,1.76,2.12,1.8,1.64,2.49,,,,,,English
Charles A. Bramble,e,12.28,t,9.03,a,8.02,o,7.6,i,7.42,n,6.69,r,6.49,s,6.37,h,4.68,l,4.54,12.28,9.03,7.6,8.02,6.69,7.42,6.49,6.37,4.68,4.54,3.8,3.41,2.96,2.5,2.48,2.26,2.03,1.63,1.74,1.64,,,,,,English
Charles Baudelaire,e,12.51,t,9.14,o,7.69,a,7.12,i,6.93,s,6.86,n,6.7,r,6.52,h,5.57,l,4.34,12.51,9.14,7.69,7.12,6.7,6.93,6.52,6.86,5.57,4.34,3.77,2.56,3.05,2.28,2.64,1.88,2.21,2.12,1.57,2.04,,,,,,English
Charles C. Jones,e,12.54,t,9.16,a,7.94,o,7.93,n,7.71,i,6.73,r,6.66,s,6.24,h,5.28,d,4.21,12.54,9.16,7.93,7.94,7.71,6.73,6.66,6.24,5.28,3.67,4.21,3.06,2.51,2.64,2.33,2.11,2.09,1.58,1.51,1.86,,,,,,English
Charles Coppens,e,12.16,t,9.33,o,8.29,i,7.87,a,6.98,s,6.97,n,6.57,r,6.34,h,5.68,l,3.98,12.16,9.33,8.29,6.98,6.57,7.87,6.34,6.97,5.68,3.98,3.79,2.8,2.92,2.8,2.39,1.9,1.92,1.92,1.29,1.77,,,,,,English
Charles Darwin,e,13.11,t,9.01,a,7.92,i,7.43,o,7.24,n,7.16,s,6.84,r,6.29,h,4.96,l,4.17,13.11,9.01,7.24,7.92,7.16,7.43,6.29,6.84,4.96,4.17,3.7,3.51,2.56,2.77,2.5,1.91,1.83,1.64,1.68,1.6,,,,,,English
Charles de Mertens,e,13.12,t,10.08,o,7.66,a,7.27,i,7.0,n,6.66,r,6.34,s,6.07,h,5.89,d,4.01,13.12,10.08,7.66,7.27,6.66,7.0,6.34,6.07,5.89,3.28,4.01,3.16,2.92,2.51,2.45,2.43,1.88,1.66,1.65,1.85,,,,,,English
Charles Dickens,e,12.11,t,8.83,a,8.02,o,7.65,i,7.06,n,6.99,h,6.25,s,6.21,r,5.93,d,4.57,12.11,8.83,7.65,8.02,6.99,7.06,5.93,6.21,6.25,3.92,4.57,2.39,2.83,2.13,2.81,1.77,2.12,2.15,1.54,2.4,,,,,,English
"Charles Dodgson, AKA Lewis Carroll",e,12.66,t,9.67,a,7.8,o,7.47,i,6.97,n,6.71,h,6.39,s,5.87,r,5.12,d,4.54,12.66,9.67,7.47,7.8,6.71,6.97,5.12,5.87,6.39,4.27,4.54,2.28,3.39,1.88,2.05,1.52,2.46,2.34,1.35,2.48,,,,,,English
Charles E. Carryl,e,11.59,t,9.7,a,8.59,o,7.52,i,6.92,n,6.58,s,6.22,h,6.17,r,5.95,d,4.58,11.59,9.7,7.52,8.59,6.58,6.92,5.95,6.22,6.17,4.14,4.58,2.39,2.86,2.04,2.01,1.93,2.46,2.14,1.51,2.29,,,,,,English
Charles Garvice,e,12.64,t,8.62,a,7.9,o,7.53,n,6.73,i,6.7,h,6.44,s,6.43,r,6.31,d,4.64,12.64,8.62,7.53,7.9,6.73,6.7,6.31,6.43,6.44,4.31,4.64,2.37,2.89,2.16,2.54,1.66,1.96,2.18,1.29,2.26,,,,,,English
Charles Gilson,e,12.95,t,9.43,a,8.08,o,7.42,h,7.17,n,6.65,i,6.51,r,6.1,s,6.02,d,4.56,12.95,9.43,7.42,8.08,6.65,6.51,6.1,6.02,7.17,3.65,4.56,2.39,2.67,2.3,2.18,1.64,2.01,1.87,1.51,2.4,,,,,,English
Charles Godfrey Leland,e,12.43,t,8.92,a,8.0,i,7.31,o,7.25,n,7.11,s,6.39,r,6.33,h,5.75,l,4.21,12.43,8.92,7.25,8.0,7.11,7.31,6.33,6.39,5.75,4.21,4.02,2.93,2.54,2.29,2.48,1.84,2.01,1.93,1.59,2.18,,,,,,English
Charles Johnson Post,e,12.33,t,9.3,a,8.77,o,7.27,n,6.73,i,6.54,r,6.24,s,5.94,h,5.93,d,4.44,12.33,9.3,7.27,8.77,6.73,6.54,6.24,5.94,5.93,4.36,4.44,2.84,2.66,2.54,2.15,1.91,2.21,1.56,1.56,2.36,,,,,,English
Charles Lanman,e,12.47,t,9.21,a,8.18,o,7.47,n,7.33,i,7.03,s,5.94,h,5.88,r,5.84,d,4.23,12.47,9.21,7.47,8.18,7.33,7.03,5.84,5.94,5.88,3.93,4.23,2.59,2.88,2.6,2.65,1.84,1.98,1.88,1.57,2.26,,,,,,English
Charles Mackay,e,12.95,t,9.22,a,7.74,o,7.48,i,6.9,n,6.86,s,6.44,h,6.28,r,6.22,d,4.4,12.95,9.22,7.48,7.74,6.86,6.9,6.22,6.44,6.28,3.71,4.4,2.86,2.83,2.59,2.57,1.97,1.77,1.65,1.44,1.97,,,,,,English
Charles Perrault,e,12.99,t,9.43,a,7.7,o,7.46,h,7.03,i,6.51,n,6.21,r,6.2,s,6.1,d,4.43,12.99,9.43,7.46,7.7,6.21,6.51,6.2,6.1,7.03,3.84,4.43,2.39,2.9,2.23,2.46,1.73,2.19,1.91,1.52,2.48,,,,,,English
Charles Thomas-Stanford,e,12.51,t,9.46,a,8.38,i,7.41,o,7.39,n,7.0,r,6.69,s,6.59,h,5.33,l,3.81,12.51,9.46,7.39,8.38,7.0,7.41,6.69,6.59,5.33,3.81,3.71,3.01,2.83,2.58,2.41,1.84,1.87,1.62,1.64,1.66,,,,,,English
Charles W. Hall,e,12.85,t,9.06,a,8.33,o,7.44,n,6.74,i,6.38,h,6.13,r,6.01,s,5.96,d,4.57,12.85,9.06,7.44,8.33,6.74,6.38,6.01,5.96,6.13,4.54,4.57,2.48,2.72,2.61,2.08,1.72,2.19,1.88,1.57,2.44,,,,,,English
Charlotte Brontë,e,12.81,t,8.62,a,7.89,o,7.54,i,7.07,n,6.88,s,6.43,r,5.95,h,5.82,d,4.65,12.81,8.62,7.54,7.89,6.88,7.07,5.95,6.43,5.82,4.15,4.65,2.49,3.01,2.11,2.81,1.67,1.95,2.04,1.42,2.33,,,,,,English
Charlotte Carmichael Stopes,e,13.07,t,8.91,a,7.94,o,7.59,r,6.83,n,6.8,i,6.5,s,6.49,h,6.12,d,4.16,13.07,8.91,7.59,7.94,6.8,6.5,6.83,6.49,6.12,3.88,4.16,2.6,2.43,2.53,2.55,1.87,1.76,1.82,1.73,1.97,,,,,,English
Charlotte M. Yonge,e,12.57,t,8.61,a,8.18,o,7.67,i,7.01,n,6.9,h,6.24,s,6.16,r,5.97,d,4.47,12.57,8.61,7.67,8.18,6.9,7.01,5.97,6.16,6.24,4.3,4.47,2.2,3.06,1.92,2.42,1.61,1.84,2.21,1.69,2.35,,,,,,English
Charlotte Perkins Gilman,e,11.84,t,9.85,o,8.33,a,7.6,i,7.38,n,7.12,r,6.12,s,5.73,h,4.88,d,4.1,11.84,9.85,8.33,7.6,7.12,7.38,6.12,5.73,4.88,3.88,4.1,2.64,3.17,2.15,2.28,2.13,2.29,2.13,1.62,2.24,,,,,,English
Charlotte Perkins Stetson Gilman,e,13.08,t,9.39,o,7.91,a,7.74,n,6.58,i,6.45,r,6.04,s,6.0,h,5.59,d,4.39,13.08,9.39,7.91,7.74,6.58,6.45,6.04,6.0,5.59,4.26,4.39,2.41,3.11,2.37,2.43,1.63,2.04,2.19,1.37,2.7,,,,,,English
Cheiro,e,12.97,t,9.74,i,7.61,a,7.53,n,7.5,o,7.35,s,6.33,r,5.79,h,5.72,l,4.59,12.97,9.74,7.35,7.53,7.5,7.61,5.79,6.33,5.72,4.59,3.62,2.76,2.6,2.76,2.28,2.02,1.64,1.84,1.4,1.56,,,,,,English
Christoper Marlowe,e,12.11,t,9.75,o,8.17,a,7.37,s,6.92,i,6.76,n,6.25,r,6.15,h,5.91,l,4.24,12.11,9.75,8.17,7.37,6.25,6.76,6.15,6.92,5.91,4.24,3.49,2.49,3.63,2.65,2.68,1.95,1.82,1.85,1.44,2.07,,,,,,English
Christopher Anvil,e,12.44,t,9.46,a,8.25,o,7.76,n,7.08,i,6.35,r,6.02,s,5.8,h,5.4,d,4.62,12.44,9.46,7.76,8.25,7.08,6.35,6.02,5.8,5.4,3.9,4.62,2.86,2.84,1.99,2.21,2.27,2.48,1.86,1.71,2.25,,,,,,English
Clair Blank,e,13.03,t,9.2,a,7.72,o,7.43,h,6.67,i,6.41,n,6.36,s,5.98,r,5.92,d,4.74,13.03,9.2,7.43,7.72,6.36,6.41,5.92,5.98,6.67,4.69,4.74,2.29,2.8,1.87,2.19,1.76,2.57,2.04,1.47,2.57,,,,,,English
Clara Viebig,e,12.61,t,8.63,h,8.13,a,8.02,o,7.53,s,6.43,n,6.28,i,6.19,r,5.98,d,4.91,12.61,8.63,7.53,8.02,6.28,6.19,5.98,6.43,8.13,4.36,4.91,1.93,2.69,1.88,2.4,1.5,2.22,1.8,1.45,2.71,,,,,,English
Clark S. Beardslee,e,12.11,t,8.71,n,8.22,i,8.09,a,7.84,o,7.01,s,6.96,r,5.74,h,5.47,l,4.79,12.11,8.71,7.01,7.84,8.22,8.09,5.74,6.96,5.47,4.79,4.18,2.79,2.85,2.46,2.35,1.88,1.94,1.64,1.27,1.74,,,,,,English
Claudius Ptolemy,e,12.8,t,9.59,i,7.97,a,7.59,n,7.52,o,7.28,s,6.45,r,6.28,h,5.29,l,3.75,12.8,9.59,7.28,7.59,7.52,7.97,6.28,6.45,5.29,3.75,3.68,3.29,2.82,2.46,2.32,2.2,1.6,1.54,1.67,1.33,,,,,,English
Clinton Thomas Dent,e,12.75,t,9.7,a,7.97,o,7.59,n,6.83,i,6.8,s,6.03,r,5.85,h,5.42,d,4.07,12.75,9.7,7.59,7.97,6.83,6.8,5.85,6.03,5.42,4.05,4.07,3.0,3.11,2.45,2.55,2.05,2.0,1.69,1.56,2.25,,,,,,English
Col. William F. Cody,e,12.47,t,9.25,a,8.27,o,7.71,n,7.34,i,6.62,h,6.04,r,6.03,s,5.59,d,4.84,12.47,9.25,7.71,8.27,7.34,6.62,6.03,5.59,6.04,3.72,4.84,2.62,2.68,2.43,2.47,1.77,2.06,1.9,1.45,2.52,,,,,,English
Conway Evans,e,12.68,t,9.35,o,8.03,a,7.65,n,6.95,r,6.79,i,6.61,s,5.29,h,4.5,d,4.2,12.68,9.35,8.03,7.65,6.95,6.61,6.79,5.29,4.5,3.71,4.2,3.17,3.29,2.28,2.21,2.21,2.41,1.87,1.67,2.72,,,,,,English
Cooper Willyams,e,12.75,t,9.51,a,7.83,o,7.69,n,7.43,r,6.88,i,6.55,h,5.64,s,5.59,d,4.27,12.75,9.51,7.69,7.83,7.43,6.55,6.88,5.59,5.64,3.59,4.27,3.03,2.54,2.74,2.7,1.94,2.07,1.7,1.65,1.76,,,,,,English
Cosmos Mindeleff,e,12.98,t,9.58,o,8.08,a,7.74,n,6.84,i,6.79,r,6.73,s,6.24,h,5.18,l,4.52,12.98,9.58,8.08,7.74,6.84,6.79,6.73,6.24,5.18,4.52,3.64,3.12,2.79,2.67,2.23,1.9,1.84,1.35,1.63,1.71,,,,,,English
Courtney Ryley Cooper,e,12.96,t,9.91,a,8.29,n,7.26,o,6.97,i,6.68,h,6.63,r,6.02,s,5.96,d,3.95,12.96,9.91,6.97,8.29,7.26,6.68,6.02,5.96,6.63,3.74,3.95,2.8,2.57,2.26,2.36,1.9,2.36,1.57,1.55,2.16,,,,,,English
Covington Clarke,e,12.33,t,9.01,a,7.86,o,7.79,n,7.13,i,6.56,r,5.88,h,5.83,s,5.77,d,4.33,12.33,9.01,7.79,7.86,7.13,6.56,5.88,5.77,5.83,4.13,4.33,2.77,2.98,2.36,2.59,1.8,2.58,1.89,1.48,2.43,,,,,,English
Cyril M. Kornbluth,e,12.32,t,9.47,o,7.93,a,7.28,i,6.92,n,6.81,r,6.79,s,5.83,h,4.82,d,4.16,12.32,9.47,7.93,7.28,6.81,6.92,6.79,5.83,4.82,3.77,4.16,3.17,3.04,2.31,2.51,2.39,2.31,2.2,1.72,1.95,,,,,,English
D. H. Compton and Pierre Blot,e,12.55,t,9.98,o,7.93,a,7.6,i,6.94,r,6.53,n,6.43,s,6.35,h,4.85,l,4.44,12.55,9.98,7.93,7.6,6.43,6.94,6.53,6.35,4.85,4.44,3.64,2.87,2.95,2.56,2.13,2.55,1.97,1.9,1.76,1.8,,,,,,English
D. H. Lawrence,e,12.12,t,8.76,a,8.26,o,7.76,i,7.22,n,7.08,s,6.23,h,6.21,r,5.4,l,4.82,12.12,8.76,7.76,8.26,7.08,7.22,5.4,6.23,6.21,4.82,4.43,2.15,2.84,2.09,2.37,1.45,2.11,2.26,1.42,2.51,,,,,,English
D.G. (David George) Hogarth,e,12.52,t,8.96,a,8.29,o,7.65,n,6.89,s,6.4,i,6.32,r,6.27,h,5.9,d,4.43,12.52,8.96,7.65,8.29,6.89,6.32,6.27,6.4,5.9,4.34,4.43,2.45,2.81,2.64,2.23,1.73,2.06,1.66,1.68,2.48,,,,,,English
Dallas McCord Reynolds,e,12.67,t,9.2,o,8.02,a,7.83,n,6.91,i,6.57,s,6.19,r,6.1,h,5.29,l,4.09,12.67,9.2,8.02,7.83,6.91,6.57,6.1,6.19,5.29,4.09,4.08,2.8,3.0,2.05,2.64,2.04,1.97,2.34,1.53,2.05,,,,,,English
Dane Coolidge,e,12.57,t,9.03,a,8.11,o,7.36,h,7.27,n,6.54,s,6.12,i,6.1,r,5.61,d,4.89,12.57,9.03,7.36,8.11,6.54,6.1,5.61,6.12,7.27,4.19,4.89,2.39,2.95,1.94,2.39,1.54,2.26,1.91,1.78,2.58,,,,,,English
Daniel Defoe,e,12.34,t,9.76,a,8.11,o,7.93,n,6.79,i,6.68,h,6.53,s,5.92,r,5.73,d,4.5,12.34,9.76,7.93,8.11,6.79,6.68,5.73,5.92,6.53,3.5,4.5,2.42,2.66,2.4,2.62,1.82,1.96,2.0,1.62,2.51,,,,,,English
Daniel G. Brinton,e,12.08,t,9.15,a,8.54,o,7.99,i,7.88,n,7.19,r,6.29,s,6.29,h,4.78,l,3.88,12.08,9.15,7.99,8.54,7.19,7.88,6.29,6.29,4.78,3.88,3.5,3.55,2.89,2.3,2.43,2.08,1.83,1.7,1.62,1.38,,,,,,English
Daniel Knower,e,12.6,t,9.92,a,8.2,o,7.96,n,7.01,i,6.89,r,6.02,h,5.95,s,5.58,d,4.33,12.6,9.92,7.96,8.2,7.01,6.89,6.02,5.58,5.95,3.36,4.33,2.82,2.6,2.56,2.56,1.8,1.97,1.77,1.47,2.46,,,,,,English
Dante Alighieri,e,12.96,t,9.57,o,7.57,a,7.48,i,7.02,h,6.97,n,6.71,s,6.44,r,5.87,d,4.13,12.96,9.57,7.57,7.48,6.71,7.02,5.87,6.44,6.97,3.71,4.13,2.54,2.68,2.47,2.54,1.62,1.89,1.62,1.48,2.53,,,,,,English
David Collins,e,13.02,t,9.73,o,7.75,a,7.63,n,7.18,i,6.48,r,6.3,h,6.29,s,5.92,d,4.21,13.02,9.73,7.75,7.63,7.18,6.48,6.3,5.92,6.29,3.28,4.21,2.92,2.58,2.64,2.37,2.03,1.84,1.59,1.7,2.27,,,,,,English
David Grayson,e,12.13,t,9.02,o,7.99,a,7.78,i,7.37,n,6.89,h,6.17,s,6.14,r,5.79,d,4.19,12.13,9.02,7.99,7.78,6.89,7.37,5.79,6.14,6.17,3.99,4.19,2.51,2.86,2.38,2.69,1.78,2.08,2.06,1.35,2.52,,,,,,English
David Herbert Lawrence,e,12.94,t,8.63,a,7.82,h,7.5,o,7.25,i,6.69,s,6.49,n,6.45,r,5.64,d,4.73,12.94,8.63,7.25,7.82,6.45,6.69,5.64,6.49,7.5,4.45,4.73,1.99,2.73,2.0,2.64,1.42,2.14,2.02,1.4,2.82,,,,,,English
David Hume,e,12.94,t,9.53,i,7.94,o,7.75,n,7.75,a,7.55,s,6.83,r,6.08,h,4.96,c,3.5,12.94,9.53,7.75,7.55,7.75,7.94,6.08,6.83,4.96,3.25,3.26,3.5,2.89,2.55,2.52,2.17,1.35,1.82,1.55,1.57,,,,,,English
David Kalakaua,e,12.7,a,9.34,t,8.64,o,7.37,i,7.08,n,6.84,h,6.62,s,5.82,r,5.71,d,4.52,12.7,8.64,7.37,9.34,6.84,7.08,5.71,5.82,6.62,3.77,4.52,2.36,2.92,2.76,2.3,1.92,1.86,1.31,1.39,2.24,,,,,,English
David M. Mitchell,e,11.68,t,9.53,o,7.98,i,7.61,a,7.48,n,6.89,r,6.62,s,6.26,h,4.64,l,4.37,11.68,9.53,7.98,7.48,6.89,7.61,6.62,6.26,4.64,4.37,3.72,3.34,3.03,2.47,2.11,2.68,2.23,1.55,1.67,1.72,,,,,,English
David P. Barrows,e,12.55,t,8.92,a,8.5,o,7.49,n,7.41,i,7.39,s,6.5,r,6.26,h,5.59,d,4.19,12.55,8.92,7.49,8.5,7.41,7.39,6.26,6.5,5.59,3.83,4.19,3.02,2.55,2.6,2.33,2.47,1.73,1.51,1.4,1.68,,,,,,English
David Potter,e,12.51,t,9.11,o,7.91,a,7.84,n,6.74,i,6.51,h,6.09,s,5.87,r,5.82,d,4.58,12.51,9.11,7.91,7.84,6.74,6.51,5.82,5.87,6.09,4.23,4.58,2.36,3.06,2.16,2.47,1.7,2.13,2.64,1.71,2.35,,,,,,English
David Slowinski,e,11.95,t,9.85,o,8.71,r,7.63,i,7.35,n,6.82,a,6.52,s,5.09,c,3.84,d,3.48,11.95,9.85,8.71,6.52,6.82,7.35,7.63,5.09,3.41,3.17,3.48,3.84,3.32,2.51,2.44,2.92,2.68,2.11,1.78,1.81,,,,,,English
Dawson Turner,e,12.74,t,9.56,a,7.61,i,7.45,o,7.42,n,6.91,r,6.54,s,6.31,h,5.48,l,3.87,12.74,9.56,7.42,7.61,6.91,7.45,6.54,6.31,5.48,3.87,3.81,3.33,3.17,2.62,2.31,2.09,1.6,1.62,1.63,1.62,,,,,,English
Dean S. Fansler,e,12.62,t,9.11,a,8.28,o,7.86,h,6.94,n,6.9,i,6.56,s,6.16,r,5.81,d,4.27,12.62,9.11,7.86,8.28,6.9,6.56,5.81,6.16,6.94,3.73,4.27,2.47,2.65,2.26,2.45,1.58,2.07,1.87,1.58,2.2,,,,,,English
Democritus Junior,e,11.69,t,8.46,a,8.42,i,8.09,s,7.77,o,7.12,n,6.65,r,6.01,h,4.66,l,4.18,11.69,8.46,7.12,8.42,6.65,8.09,6.01,7.77,4.66,4.18,3.69,3.33,4.07,1.94,3.42,2.09,1.45,1.44,1.64,1.34,,,,,,English
Desiderius Erasmus,e,12.42,t,9.49,a,7.81,o,7.73,i,6.91,s,6.87,n,6.81,r,6.14,h,6.03,l,4.03,12.42,9.49,7.73,7.81,6.81,6.91,6.14,6.87,6.03,4.03,3.63,2.64,2.85,2.56,2.53,2.01,1.89,2.08,1.56,1.88,,,,,,English
Diego Collado,e,12.04,t,9.07,a,8.73,i,8.48,o,8.12,n,6.88,r,6.46,s,5.51,h,4.39,u,3.52,12.04,9.07,8.12,8.73,6.88,8.48,6.46,5.51,4.39,2.61,3.26,3.38,3.52,2.32,2.68,1.85,2.33,,1.56,1.24,,1.56,,,,English
Dinabandhu Mitra,e,12.0,t,9.12,o,8.37,a,8.06,i,7.21,n,6.68,h,6.46,r,6.17,s,6.15,d,3.84,12.0,9.12,8.37,8.06,6.68,7.21,6.17,6.15,6.46,3.42,3.84,2.3,2.81,2.39,2.61,1.66,2.21,2.26,1.9,2.08,,,,,,English
Diogenes La__rtius,e,12.12,t,9.13,a,8.29,o,8.05,i,7.44,s,7.37,n,7.17,h,6.6,r,5.23,d,3.94,12.12,9.13,8.05,8.29,7.17,7.44,5.23,7.37,6.6,3.29,3.94,2.86,2.63,2.3,2.36,2.06,1.68,1.73,1.33,1.94,,,,,,English
Don H. Berkebile,e,12.86,t,9.68,o,7.48,a,7.44,n,7.23,i,7.11,r,6.9,s,5.63,h,5.34,d,3.73,12.86,9.68,7.48,7.44,7.23,7.11,6.9,5.63,5.34,3.69,3.73,3.28,2.76,2.6,2.24,2.18,2.27,1.59,1.64,1.87,,,,,,English
Donald A. Mackenzie,e,12.66,a,8.85,t,8.66,i,7.31,o,6.9,s,6.77,n,6.76,r,6.38,h,6.17,d,4.53,12.66,8.66,6.9,8.85,6.76,7.31,6.38,6.77,6.17,3.62,4.53,2.61,2.4,2.38,2.41,1.94,2.05,1.7,1.71,1.98,,,,,,English
Donald F. Daley,e,12.71,t,10.05,o,8.43,a,7.0,r,6.74,i,6.73,n,6.49,h,5.23,s,5.19,d,4.16,12.71,10.05,8.43,7.0,6.49,6.73,6.74,5.19,5.23,3.35,4.16,3.4,3.08,2.27,2.33,2.31,2.25,2.17,1.64,2.02,,,,,,English
Donald McGibeny,e,12.45,t,9.37,o,7.81,a,7.55,i,6.97,n,6.63,h,6.36,s,5.74,r,5.65,d,4.67,12.45,9.37,7.81,7.55,6.63,6.97,5.65,5.74,6.36,3.84,4.67,2.41,3.06,2.09,2.81,1.71,2.05,2.19,1.49,2.49,,,,,,English
Donald Monro,e,12.99,t,9.37,a,7.86,o,7.26,i,7.2,n,6.62,r,6.35,s,6.2,h,5.58,d,4.48,12.99,9.37,7.26,7.86,6.62,7.2,6.35,6.2,5.58,3.45,4.48,2.94,2.75,2.59,2.75,2.11,1.85,1.58,1.59,1.98,,,,,,English
Donald William Stewart,e,12.19,t,9.9,a,7.84,o,7.7,i,7.3,n,7.14,r,6.7,s,6.41,h,5.62,l,3.99,12.19,9.9,7.7,7.84,7.14,7.3,6.7,6.41,5.62,3.99,3.84,3.1,2.51,2.61,2.21,1.91,1.8,1.67,1.61,1.79,,,,,,English
Dorothy L. Sayers,e,11.83,t,9.13,o,7.89,a,7.74,i,7.2,n,6.72,s,6.08,r,5.9,h,5.6,d,4.57,11.83,9.13,7.89,7.74,6.72,7.2,5.9,6.08,5.6,4.11,4.57,2.4,3.27,2.0,2.68,2.0,2.09,2.48,1.68,2.06,,,,,,English
Douglas Sladen,e,12.4,t,9.15,a,8.19,o,7.47,i,7.06,n,6.88,h,6.73,s,6.01,r,5.87,d,4.21,12.4,9.15,7.47,8.19,6.88,7.06,5.87,6.01,6.73,4.05,4.21,2.51,2.72,2.53,2.57,1.67,1.95,1.86,1.42,2.5,,,,,,English
E. D. E. N. Southworth,e,12.59,t,8.94,o,8.09,a,7.88,n,6.84,i,6.65,h,6.38,r,6.1,s,5.82,d,4.74,12.59,8.94,8.09,7.88,6.84,6.65,6.1,5.82,6.38,4.23,4.74,2.24,2.88,2.16,2.45,1.64,1.85,2.29,1.48,2.41,,,,,,English
E. F. Benson,e,12.29,t,8.98,a,8.26,o,7.76,n,6.98,i,6.9,s,6.37,h,6.2,r,5.7,d,4.55,12.29,8.98,7.76,8.26,6.98,6.9,5.7,6.37,6.2,4.15,4.55,2.44,2.9,2.14,2.43,1.55,1.96,1.91,1.55,2.42,,,,,,English
E. Lynn Linton,e,12.62,t,9.81,o,7.81,a,7.81,n,7.44,i,6.8,r,6.37,s,6.11,h,5.42,l,4.22,12.62,9.81,7.81,7.81,7.44,6.8,6.37,6.11,5.42,4.22,4.03,2.95,2.66,2.48,2.29,2.02,1.85,1.81,1.57,1.79,,,,,,English
E. M. Forster,e,12.72,t,9.09,a,7.9,o,7.53,i,6.75,n,6.69,h,6.49,s,6.33,r,5.85,d,4.54,12.72,9.09,7.53,7.9,6.69,6.75,5.85,6.33,6.49,4.18,4.54,2.43,3.05,1.91,2.56,1.65,2.06,2.09,1.52,2.34,,,,,,English
E. Nesbit,e,12.68,t,9.09,a,8.03,o,7.68,n,6.65,h,6.65,i,6.62,s,6.14,r,5.73,d,4.95,12.68,9.09,7.68,8.03,6.65,6.62,5.73,6.14,6.65,4.14,4.95,2.02,2.79,1.93,2.3,1.71,2.04,2.11,1.82,2.54,,,,,,English
E. P. S. Allen,e,11.61,t,9.88,o,8.21,a,8.04,n,7.67,r,6.6,i,6.52,s,5.15,h,4.82,l,4.16,11.61,9.88,8.21,8.04,7.67,6.52,6.6,5.15,4.82,4.16,4.11,3.22,2.74,2.36,2.47,2.26,2.18,1.66,1.66,2.27,,,,,,English
E. Phillips Oppenheim,e,12.91,t,8.73,o,7.85,a,7.8,i,6.75,n,6.54,h,6.2,r,6.2,s,5.94,d,4.42,12.91,8.73,7.85,7.8,6.54,6.75,6.2,5.94,6.2,3.96,4.42,2.44,2.91,2.12,2.97,1.84,2.06,2.34,1.35,2.27,,,,,,English
E. T. C. Werner,e,12.59,t,9.16,a,7.78,i,7.32,o,7.3,n,7.26,h,6.77,s,6.33,r,5.85,d,4.21,12.59,9.16,7.3,7.78,7.26,7.32,5.85,6.33,6.77,3.5,4.21,2.82,2.86,2.47,2.4,1.87,2.24,1.67,1.32,1.98,,,,,,English
E. V. Lucas,e,12.37,t,9.26,a,8.14,o,7.75,n,7.13,i,7.01,s,6.5,r,6.03,h,5.89,l,4.0,12.37,9.26,7.75,8.14,7.13,7.01,6.03,6.5,5.89,4.0,3.91,2.68,2.83,2.26,2.53,1.74,2.0,1.94,1.66,2.17,,,,,,English
E.M. Berens,e,13.5,t,8.59,a,7.6,o,7.24,s,6.85,i,6.81,h,6.74,n,6.61,r,6.29,d,4.63,13.5,8.59,7.24,7.6,6.61,6.81,6.29,6.85,6.74,3.61,4.63,2.82,2.84,2.61,2.27,2.03,1.93,1.54,1.36,2.06,,,,,,English
Eben Eugene Rexford,e,12.47,t,10.02,o,8.0,a,7.67,i,7.16,n,6.69,r,6.26,s,6.06,h,4.94,l,4.5,12.47,10.02,8.0,7.67,6.69,7.16,6.26,6.06,4.94,4.5,3.5,2.56,2.81,2.64,2.2,2.1,2.22,1.78,1.79,2.19,,,,,,English
Edgar Allan Poe,e,12.76,t,9.42,a,7.7,o,7.59,i,7.2,n,6.96,s,6.01,r,5.92,h,5.81,d,4.09,12.76,9.42,7.59,7.7,6.96,7.2,5.92,6.01,5.81,3.99,4.09,2.71,2.94,2.52,2.59,2.02,1.95,1.89,1.58,2.12,,,,,,English
Edgar Fawcett,e,12.61,t,8.45,a,8.13,o,7.57,i,7.06,n,6.58,s,6.43,r,6.14,h,5.74,l,4.39,12.61,8.45,7.57,8.13,6.58,7.06,6.14,6.43,5.74,4.39,4.24,2.49,3.25,2.06,2.65,1.91,1.85,2.39,1.35,2.24,,,,,,English
Edgar Jepson,e,12.16,t,9.09,a,8.01,o,7.34,i,7.17,n,6.92,h,6.54,r,6.14,s,5.99,d,4.93,12.16,9.09,7.34,8.01,6.92,7.17,6.14,5.99,6.54,4.06,4.93,2.44,2.85,2.25,2.29,1.53,2.21,1.99,1.48,2.22,,,,,,English
Edgar Lee Masters,e,12.25,t,8.55,o,8.02,a,7.76,n,6.85,i,6.63,r,6.41,s,5.9,h,5.87,d,4.58,12.25,8.55,8.02,7.76,6.85,6.63,6.41,5.9,5.87,4.38,4.58,2.28,2.9,2.46,2.61,1.59,2.19,2.21,1.53,2.56,,,,,,English
Edgar Rice Burroughs,e,12.68,t,9.43,a,8.3,o,7.51,n,6.74,h,6.53,i,6.51,r,6.2,s,5.83,d,4.56,12.68,9.43,7.51,8.3,6.74,6.51,6.2,5.83,6.53,3.82,4.56,2.46,2.82,2.43,2.4,1.76,2.08,1.79,1.44,2.37,,,,,,English
Edgar Thurston,e,12.32,a,8.88,t,8.86,o,7.38,i,7.3,n,6.63,s,6.47,r,6.25,h,5.81,d,4.18,12.32,8.86,7.38,8.88,6.63,7.3,6.25,6.47,5.81,3.71,4.18,3.01,2.65,2.58,2.63,2.02,1.96,1.44,1.62,1.85,,,,,,English
Edgar Wallace,e,12.65,t,9.38,a,8.27,o,7.3,i,6.85,h,6.69,n,6.61,s,6.05,r,5.74,d,4.6,12.65,9.38,7.3,8.27,6.61,6.85,5.74,6.05,6.69,3.84,4.6,2.48,2.83,2.0,2.45,1.68,1.97,2.06,1.59,2.43,,,,,,English
Edith King Hall,e,12.51,t,9.47,o,7.8,a,7.38,i,7.0,r,6.11,n,6.11,s,6.09,h,5.9,l,4.96,12.51,9.47,7.8,7.38,6.11,7.0,6.11,6.09,5.9,4.96,4.19,2.39,3.01,2.01,2.36,1.83,2.03,2.57,1.77,2.09,,,,,,English
Edith Wharton,e,12.87,t,9.0,a,7.9,o,7.39,n,6.89,h,6.62,i,6.56,s,6.49,r,5.96,d,4.51,12.87,9.0,7.39,7.9,6.89,6.56,5.96,6.49,6.62,4.11,4.51,2.39,2.92,2.31,2.41,1.67,2.08,1.92,1.47,2.3,,,,,,English
Edmond Rostand,e,12.02,t,8.45,a,8.05,o,8.03,i,6.94,n,6.73,r,6.67,s,6.26,h,5.87,l,4.1,12.02,8.45,8.03,8.05,6.73,6.94,6.67,6.26,5.87,4.1,3.31,3.23,3.31,1.9,2.34,1.64,2.4,2.66,1.51,2.04,,,,,,English
Edmund Burke,e,12.71,t,9.95,o,7.78,a,7.61,i,7.55,n,7.24,s,6.62,r,6.13,h,5.53,l,3.48,12.71,9.95,7.78,7.61,7.24,7.55,6.13,6.62,5.53,3.48,3.47,3.09,2.95,2.71,2.42,2.11,1.58,1.73,1.52,1.7,,,,,,English
Edmund Dulac,e,12.81,t,9.19,a,8.43,h,7.25,n,7.05,o,6.88,i,6.76,s,6.02,r,5.49,d,5.33,12.81,9.19,6.88,8.43,7.05,6.76,5.49,6.02,7.25,3.88,5.33,2.1,2.52,2.37,2.58,1.61,2.0,1.81,1.41,2.45,,,,,,English
Edmund Luce,e,11.64,i,9.27,a,8.51,t,8.47,s,7.27,o,6.54,r,6.42,n,6.41,u,5.32,l,3.83,11.64,8.47,6.54,8.51,6.41,9.27,6.42,7.27,3.16,3.83,3.1,3.78,5.32,1.97,3.62,2.56,1.52,0.9,1.67,,,1.28,,,,English
Edmund Spenser,e,13.38,t,8.53,a,7.45,i,7.06,h,6.98,o,6.8,s,6.28,r,6.24,n,6.13,d,4.91,13.38,8.53,6.8,7.45,6.13,7.06,6.24,6.28,6.98,4.53,4.91,2.07,3.02,2.51,2.2,1.48,2.21,1.83,1.45,2.47,,,,,,English
Edward Albert,e,12.69,t,8.86,a,8.04,i,7.3,o,7.26,s,6.98,n,6.81,r,6.34,h,5.79,l,4.37,12.69,8.86,7.26,8.04,6.81,7.3,6.34,6.98,5.79,4.37,3.9,2.86,2.51,2.47,2.49,2.01,1.84,1.84,1.48,1.9,,,,,,English
Edward Carpenter,e,12.83,t,8.84,o,7.61,a,7.58,n,6.95,r,6.57,i,6.42,s,6.18,h,6.15,d,4.57,12.83,8.84,7.61,7.58,6.95,6.42,6.57,6.18,6.15,4.07,4.57,2.41,2.8,2.52,2.28,1.77,2.25,2.07,1.5,2.31,,,,,,English
Edward Costello,e,12.97,t,8.89,o,7.78,a,7.74,n,7.05,r,6.58,i,6.55,h,5.8,s,5.74,d,4.4,12.97,8.89,7.78,7.74,7.05,6.55,6.58,5.74,5.8,3.8,4.4,2.79,2.8,2.63,2.76,1.74,2.15,1.72,1.49,2.36,,,,,,English
Edward Frederic Benson,e,12.36,t,9.32,a,8.21,o,7.34,h,7.18,i,7.13,n,6.8,s,6.45,r,5.44,d,4.6,12.36,9.32,7.34,8.21,6.8,7.13,5.44,6.45,7.18,3.97,4.6,2.41,2.72,2.1,2.41,1.46,2.1,1.76,1.58,2.5,,,,,,English
Edward Gibbon,e,12.97,t,9.27,a,7.86,i,7.48,o,7.24,s,6.76,n,6.73,r,6.51,h,5.75,d,4.18,12.97,9.27,7.24,7.86,6.73,7.48,6.51,6.76,5.75,3.38,4.18,3.2,2.97,2.79,2.49,2.32,1.44,1.49,1.47,1.46,,,,,,English
Edward Lasker,e,11.07,t,9.64,a,7.34,i,6.6,o,6.44,n,6.44,s,5.7,h,5.19,r,5.13,p,4.29,11.07,9.64,6.44,7.34,6.44,6.6,5.13,5.7,5.19,3.35,2.82,3.48,1.98,2.13,1.8,4.29,1.98,,3.52,2.15,,,,3.9,,English
Edward Meyrick Goulburn,e,12.2,t,9.78,o,8.27,i,7.63,n,6.91,a,6.8,r,6.56,s,6.18,h,5.15,l,3.72,12.2,9.78,8.27,6.8,6.91,7.63,6.56,6.18,5.15,3.72,3.43,3.46,3.04,2.73,2.36,2.09,2.03,2.01,1.44,1.94,,,,,,English
Edward S. Ellis,e,12.72,t,9.18,a,8.27,o,7.45,n,6.77,i,6.69,h,6.51,s,6.42,r,5.84,d,4.44,12.72,9.18,7.45,8.27,6.77,6.69,5.84,6.42,6.51,3.73,4.44,2.5,2.81,2.3,2.33,1.91,2.12,1.79,1.45,2.47,,,,,,English
Edward Smith,e,12.43,t,9.67,o,8.0,a,7.53,n,7.01,i,7.0,r,6.27,s,6.15,h,5.66,l,3.83,12.43,9.67,8.0,7.53,7.01,7.0,6.27,6.15,5.66,3.83,3.81,3.0,2.77,2.54,2.51,2.23,1.88,1.77,1.82,2.07,,,,,,English
Edward Sylvester Ellis,e,12.67,t,9.93,a,7.75,o,7.37,h,7.04,i,6.8,n,6.76,s,5.93,r,5.92,d,4.37,12.67,9.93,7.37,7.75,6.76,6.8,5.92,5.93,7.04,3.68,4.37,2.44,2.8,2.3,2.13,1.7,2.03,1.66,1.67,2.66,,,,,,English
Edward W. Ludwig,e,12.26,t,9.73,o,8.37,a,7.05,i,6.83,r,6.68,n,6.65,s,5.58,h,4.6,d,4.02,12.26,9.73,8.37,7.05,6.65,6.83,6.68,5.58,4.6,3.52,4.02,3.32,3.25,2.32,2.48,2.34,2.59,2.04,1.82,1.95,,,,,,English
Edward William Lane,e,13.53,t,9.06,o,7.77,a,7.68,i,6.64,s,6.58,n,6.54,h,6.49,r,6.38,d,3.79,13.53,9.06,7.77,7.68,6.54,6.64,6.38,6.58,6.49,3.48,3.79,2.66,2.34,2.79,2.84,1.94,1.77,1.75,1.64,1.75,,,,,,English
Edwin A. Abbot,e,12.51,t,9.21,o,8.0,a,7.59,i,7.49,n,7.24,s,6.45,r,6.0,h,5.2,l,4.19,12.51,9.21,8.0,7.59,7.24,7.49,6.0,6.45,5.2,4.19,3.78,3.07,3.04,2.46,2.64,1.83,1.95,2.1,1.47,1.8,,,,,,English
Edwin Dingle,e,12.45,t,9.06,a,8.01,o,7.62,n,7.55,i,7.22,s,6.01,r,5.91,h,5.82,d,4.0,12.45,9.06,7.62,8.01,7.55,7.22,5.91,6.01,5.82,3.95,4.0,2.71,2.74,2.46,2.54,1.89,2.24,1.9,1.48,2.21,,,,,,English
Edwin Lefevre,e,11.78,t,10.18,a,8.12,o,8.01,i,7.07,n,6.75,s,6.17,h,5.47,r,5.32,d,4.14,11.78,10.18,8.01,8.12,6.75,7.07,5.32,6.17,5.47,3.96,4.14,2.63,2.88,2.11,2.66,1.82,2.01,2.24,1.7,2.36,,,,,,English
Edwin N. McClellan,e,12.39,a,8.6,t,8.59,n,8.04,i,7.6,r,7.24,o,7.14,s,6.03,d,4.21,h,4.05,12.39,8.59,7.14,8.6,8.04,7.6,7.24,6.03,4.05,3.39,4.21,3.6,2.43,2.95,2.9,2.02,1.97,1.42,1.48,1.31,,,,,,English
Edwin P. Norwood,e,12.79,t,9.77,a,8.05,o,7.54,n,6.67,h,6.44,i,6.09,s,5.84,r,5.51,d,4.71,12.79,9.77,7.54,8.05,6.67,6.09,5.51,5.84,6.44,4.29,4.71,2.37,2.7,2.18,2.23,1.73,2.49,2.08,1.52,2.65,,,,,,English
Effie Price Gladding,e,12.47,t,8.99,a,8.22,o,7.88,n,7.16,i,6.51,r,6.38,s,6.3,h,5.65,l,4.47,12.47,8.99,7.88,8.22,7.16,6.51,6.38,6.3,5.65,4.47,3.92,2.58,2.69,2.43,2.23,1.79,2.21,1.83,1.41,2.57,,,,,,English
Elaine McGee,e,11.74,t,9.43,a,8.16,o,8.08,i,7.55,n,7.39,r,6.72,s,6.34,l,4.48,h,3.79,11.74,9.43,8.08,8.16,7.39,7.55,6.72,6.34,3.79,4.48,3.64,3.65,3.25,2.27,2.55,2.18,2.13,1.38,1.76,1.42,,,,,,English
Eleanor H. Porter,e,12.33,t,9.21,a,7.91,o,7.67,n,7.09,h,6.36,i,6.28,s,6.0,r,5.49,l,4.76,12.33,9.21,7.67,7.91,7.09,6.28,5.49,6.0,6.36,4.76,4.67,2.09,2.93,1.89,2.49,1.71,1.98,2.69,1.45,2.58,,,,,,English
Eleanora H. Stooke,e,12.27,t,8.94,o,8.17,a,7.61,i,6.88,n,6.24,h,6.11,r,6.1,s,5.92,d,4.72,12.27,8.94,8.17,7.61,6.24,6.88,6.1,5.92,6.11,3.63,4.72,2.22,2.89,1.88,2.61,1.79,2.17,2.43,2.17,2.49,,,,,,English
Elias L__nnrot,e,13.02,t,8.97,o,7.6,n,7.17,a,7.14,h,7.1,s,6.81,i,6.56,r,6.32,l,4.43,13.02,8.97,7.6,7.14,7.17,6.56,6.32,6.81,7.1,4.43,3.97,1.96,2.38,2.57,2.72,1.46,2.18,1.57,1.37,2.26,,,,,,English
Elisha Kent Kane,e,12.84,t,9.32,a,7.89,o,7.54,n,6.92,i,6.74,r,6.4,s,6.36,h,5.39,d,4.0,12.84,9.32,7.54,7.89,6.92,6.74,6.4,6.36,5.39,3.72,4.0,2.93,2.9,2.65,2.48,1.79,2.1,1.64,1.63,2.31,,,,,,English
Eliza Grey,e,12.25,t,9.06,o,7.8,a,7.53,i,7.2,n,6.5,r,6.31,s,5.69,h,5.35,d,4.24,12.25,9.06,7.8,7.53,6.5,7.2,6.31,5.69,5.35,4.12,4.24,2.8,2.83,2.35,2.85,1.95,2.45,2.22,1.48,2.4,,,,,,English
Elizabeth Barrett Browning,e,12.06,t,8.62,o,8.12,a,7.66,s,6.74,n,6.54,i,6.52,h,6.16,r,6.04,l,4.47,12.06,8.62,8.12,7.66,6.54,6.52,6.04,6.74,6.16,4.47,4.23,2.32,3.2,2.27,2.65,1.77,2.08,2.12,1.44,2.54,,,,,,English
Elizabeth Burgoyne Corbett,e,12.56,t,8.86,o,7.9,a,7.87,i,6.82,n,6.54,s,6.06,r,5.95,h,5.67,d,4.34,12.56,8.86,7.9,7.87,6.54,6.82,5.95,6.06,5.67,4.12,4.34,2.49,3.13,2.36,2.85,1.8,1.9,2.31,1.62,2.46,,,,,,English
Elizabeth Cleghorn Gaskell,e,12.38,t,8.86,a,8.14,o,7.63,n,6.78,s,6.61,i,6.6,h,6.06,r,5.99,d,4.69,12.38,8.86,7.63,8.14,6.78,6.6,5.99,6.61,6.06,3.81,4.69,2.33,2.74,2.17,2.92,1.68,2.01,2.04,1.55,2.55,,,,,,English
Elizabeth Gaskell,e,12.47,t,9.03,o,7.97,a,7.93,n,6.81,h,6.58,i,6.53,r,6.26,s,6.19,d,4.26,12.47,9.03,7.97,7.93,6.81,6.53,6.26,6.19,6.58,3.97,4.26,2.21,2.83,2.28,2.76,1.55,2.17,2.04,1.44,2.39,,,,,,English
Elizabeth Morison,e,13.43,t,9.63,a,7.81,o,7.69,n,7.17,i,6.47,r,6.44,s,5.97,h,5.78,d,4.32,13.43,9.63,7.69,7.81,7.17,6.47,6.44,5.97,5.78,3.65,4.32,2.68,2.9,2.19,2.21,1.92,2.13,1.45,1.48,2.2,,,,,,English
Elizabeth Sandham,e,12.67,t,8.75,a,7.98,o,7.62,n,6.83,i,6.71,r,6.52,h,6.39,s,6.07,d,4.75,12.67,8.75,7.62,7.98,6.83,6.71,6.52,6.07,6.39,3.88,4.75,2.28,2.77,2.25,3.1,1.69,1.65,2.09,1.48,2.39,,,,,,English
Elizabeth Von Arnim,e,12.71,t,8.86,a,7.68,o,7.42,n,6.83,s,6.8,h,6.78,i,6.55,r,5.96,d,4.71,12.71,8.86,7.42,7.68,6.83,6.55,5.96,6.8,6.78,4.12,4.71,2.18,2.73,2.15,2.29,1.55,2.16,1.94,1.64,2.63,,,,,,English
Ellen G. White,e,13.24,t,9.63,o,7.59,a,7.08,i,6.85,n,6.72,h,6.7,s,6.49,r,6.22,d,4.31,13.24,9.63,7.59,7.08,6.72,6.85,6.22,6.49,6.7,3.82,4.31,2.83,2.55,2.73,2.21,2.06,1.93,1.59,1.44,1.99,,,,,,English
Ellis Parker Butler,e,11.88,t,9.42,a,8.33,o,7.85,i,7.23,n,6.81,h,5.67,s,5.65,r,5.41,d,4.5,11.88,9.42,7.85,8.33,6.81,7.23,5.41,5.65,5.67,4.39,4.5,2.35,2.96,2.14,2.57,1.73,2.32,2.14,1.79,2.49,,,,,,English
Ellis Spear,e,12.2,t,9.72,o,8.44,a,7.6,i,7.1,r,6.92,n,6.89,s,5.25,h,4.45,d,3.87,12.2,9.72,8.44,7.6,6.89,7.1,6.92,5.25,4.45,3.41,3.87,3.53,3.07,2.52,2.35,2.42,2.17,1.98,1.69,2.0,,,,,,English
Elphinstone Dayrell,e,13.02,t,9.76,h,8.27,a,8.22,o,7.75,n,6.63,i,5.9,s,5.22,r,5.06,d,4.91,13.02,9.76,7.75,8.22,6.63,5.9,5.06,5.22,8.27,3.5,4.91,2.06,2.76,2.25,2.42,1.61,2.16,1.7,1.64,2.77,,,,,,English
Ely Banister Soane,e,12.02,a,9.19,t,8.78,o,7.21,n,7.06,i,6.93,s,6.42,r,6.28,h,5.9,d,4.42,12.02,8.78,7.21,9.19,7.06,6.93,6.28,6.42,5.9,3.7,4.42,2.52,3.04,2.48,2.5,1.95,1.88,1.58,1.53,2.03,,,,,,English
El__onore Riego de la Branchardi__re,e,12.8,t,10.92,o,8.43,n,6.98,i,6.92,a,6.67,r,6.56,s,6.02,h,5.51,l,4.12,12.8,10.92,8.43,6.67,6.98,6.92,6.56,6.02,5.51,4.12,3.37,3.45,2.17,2.07,1.89,2.34,2.09,,1.49,2.43,,,,1.64,,English
Emerson Hough,e,12.21,t,8.85,a,8.25,o,8.11,n,6.86,i,6.82,s,6.32,h,6.04,r,5.72,d,4.14,12.21,8.85,8.11,8.25,6.86,6.82,5.72,6.32,6.04,4.1,4.14,2.4,3.02,2.25,3.02,1.53,1.91,2.27,1.3,2.61,,,,,,English
Emile Durkheim,e,12.99,t,10.26,i,8.51,a,7.46,o,7.29,s,7.01,n,6.81,h,5.92,r,5.75,l,3.72,12.99,10.26,7.29,7.46,6.81,8.51,5.75,7.01,5.92,3.72,2.98,3.43,2.44,2.51,2.63,1.98,1.59,1.6,1.42,1.64,,,,,,English
Emily Brontë,e,12.78,t,8.67,a,7.74,o,7.4,n,7.16,i,7.15,h,6.47,s,6.07,r,5.92,d,4.78,12.78,8.67,7.4,7.74,7.16,7.15,5.92,6.07,6.47,4.11,4.78,2.41,2.98,2.15,2.64,1.59,2.12,2.16,1.39,2.11,,,,,,English
Emily Dickinson,e,12.83,t,9.43,a,7.39,o,7.36,i,7.23,s,6.69,n,6.52,r,5.99,h,5.65,l,4.39,12.83,9.43,7.36,7.39,6.52,7.23,5.99,6.69,5.65,4.39,4.09,2.37,2.89,2.24,2.5,1.86,1.94,1.85,1.69,2.31,,,,,,English
Emily Post,e,12.6,t,9.19,o,8.14,a,8.1,n,7.21,s,6.94,i,6.67,r,6.43,h,5.47,l,4.08,12.6,9.19,8.14,8.1,7.21,6.67,6.43,6.94,5.47,4.08,3.51,2.65,2.8,2.25,2.35,1.82,2.01,2.04,1.65,1.79,,,,,,English
Epictetus,e,11.84,t,9.21,o,8.78,i,7.5,a,7.06,n,6.86,r,6.62,s,6.16,h,5.09,l,3.96,11.84,9.21,8.78,7.06,6.86,7.5,6.62,6.16,5.09,3.96,3.46,3.17,3.46,2.29,2.11,2.36,1.74,2.41,1.66,1.94,,,,,,English
Ernest Flagg Henderson,e,12.7,t,9.58,a,8.2,n,7.37,i,7.16,o,7.1,r,6.98,s,6.38,h,5.28,l,3.96,12.7,9.58,7.1,8.2,7.37,7.16,6.98,6.38,5.28,3.96,3.38,2.93,2.61,2.56,2.41,1.91,2.2,1.74,1.55,1.77,,,,,,English
Ernest Hemingway,e,12.15,t,9.73,a,8.16,o,7.92,i,6.74,n,6.69,h,6.4,s,5.61,r,5.25,d,4.83,12.15,9.73,7.92,8.16,6.69,6.74,5.25,5.61,6.4,4.24,4.83,2.17,2.91,1.78,2.26,1.51,2.41,2.01,1.71,2.84,,,,,,English
Escott Lynn,e,12.29,t,8.75,a,8.37,o,7.27,n,7.0,h,6.46,r,6.3,i,6.16,s,6.03,d,4.84,12.29,8.75,7.27,8.37,7.0,6.16,6.3,6.03,6.46,4.07,4.84,2.62,2.76,2.24,2.41,1.63,2.36,1.89,1.47,2.35,,,,,,English
Ethel Lynn,e,12.4,t,8.91,a,8.24,o,7.87,n,7.01,i,6.42,r,5.92,s,5.74,h,5.68,d,4.85,12.4,8.91,7.87,8.24,7.01,6.42,5.92,5.74,5.68,4.04,4.85,2.67,3.06,2.4,2.45,1.79,2.34,1.86,1.51,2.59,,,,,,English
Etsu Inagaki Sugimoto,e,12.45,t,8.79,a,8.23,o,7.74,n,6.78,i,6.58,s,6.38,h,6.1,r,6.1,d,4.54,12.45,8.79,7.74,8.23,6.78,6.58,6.1,6.38,6.1,4.13,4.54,2.31,2.67,2.38,2.55,1.71,2.21,1.94,1.53,2.61,,,,,,English
Eugene O'Neill,e,11.97,t,8.74,o,7.75,a,7.51,i,7.18,n,6.9,s,6.23,r,5.88,h,5.19,l,4.35,11.97,8.74,7.75,7.51,6.9,7.18,5.88,6.23,5.19,4.35,4.29,2.48,3.26,2.13,2.47,1.79,2.64,2.66,1.63,2.23,,,,,,English
Eug__ne Scribe,e,14.98,a,7.77,n,7.26,i,7.22,t,6.95,s,6.87,r,6.75,o,5.99,u,5.3,l,4.85,14.98,6.95,5.99,7.77,7.26,7.22,6.75,6.87,1.91,4.85,3.55,3.6,5.3,1.23,3.15,2.59,1.02,,1.32,,,1.79,,,1.23,English
Eug__ne Sue,e,12.74,t,9.02,o,8.14,a,7.93,i,6.54,r,6.35,h,6.34,n,6.31,s,6.12,d,4.31,12.74,9.02,8.14,7.93,6.31,6.54,6.35,6.12,6.34,3.97,4.31,2.46,2.79,2.48,2.46,1.76,1.86,2.11,1.77,2.19,,,,,,English
Euripides,e,12.82,t,9.13,o,7.93,a,7.82,n,6.8,h,6.56,i,6.33,s,6.3,r,6.2,d,4.31,12.82,9.13,7.93,7.82,6.8,6.33,6.2,6.3,6.56,4.21,4.31,2.3,2.6,2.36,2.71,1.64,2.09,1.87,1.44,2.38,,,,,,English
Evelyn Philip Shirley,e,13.05,t,8.18,o,7.84,r,7.67,n,7.42,a,7.11,i,7.03,s,6.46,h,5.51,l,4.25,13.05,8.18,7.84,7.11,7.42,7.03,7.67,6.46,5.51,4.25,3.86,2.76,2.02,3.27,2.23,1.58,1.92,1.93,1.86,1.73,,,,,,English
F. H. Leeds,e,13.01,t,9.21,a,8.03,i,7.45,o,7.33,n,6.54,r,6.47,s,6.07,h,4.68,l,4.37,13.01,9.21,7.33,8.03,6.54,7.45,6.47,6.07,4.68,4.37,3.43,3.79,2.96,2.63,2.4,2.58,2.05,1.66,1.92,1.43,,,,,,English
F. Hopkinson Smith,e,12.41,t,9.41,o,8.35,a,7.33,r,6.69,i,6.61,n,6.6,h,5.77,s,5.56,d,4.35,12.41,9.41,8.35,7.33,6.6,6.61,6.69,5.56,5.77,3.71,4.35,2.76,2.77,2.17,2.51,2.08,2.34,2.05,1.87,2.28,,,,,,English
F. L. Wallace,e,12.81,t,9.83,a,7.76,o,7.52,n,7.01,i,6.88,h,6.15,s,5.83,r,5.46,d,4.72,12.81,9.83,7.52,7.76,7.01,6.88,5.46,5.83,6.15,3.85,4.72,3.05,2.96,1.77,2.16,1.64,2.08,1.93,1.44,2.72,,,,,,English
F. Marion Crawford,e,12.29,t,9.22,a,8.26,o,7.96,n,6.93,h,6.84,i,6.29,s,6.05,r,5.56,d,4.58,12.29,9.22,7.96,8.26,6.93,6.29,5.56,6.05,6.84,4.17,4.58,2.19,2.98,1.96,2.33,1.34,2.11,2.39,1.52,2.55,,,,,,English
F. Max Müller,e,12.34,t,9.46,a,8.29,o,7.46,i,7.28,n,7.18,s,6.5,r,6.19,h,6.02,d,3.85,12.34,9.46,7.46,8.29,7.18,7.28,6.19,6.5,6.02,3.67,3.85,2.6,2.58,2.47,2.39,1.7,1.91,1.79,1.45,1.95,,,,,,English
F. O. Call,e,12.1,t,8.96,o,8.01,a,7.29,n,6.84,r,6.65,i,6.63,s,6.27,h,5.25,d,4.32,12.1,8.96,8.01,7.29,6.84,6.63,6.65,6.27,5.25,4.32,4.32,2.45,2.97,2.4,2.41,2.05,2.81,2.02,1.78,2.36,,,,,,English
F. R. Watson,e,12.27,t,9.45,o,8.28,a,7.45,i,7.38,n,6.87,r,6.7,s,6.53,h,4.62,c,4.0,12.27,9.45,8.28,7.45,6.87,7.38,6.7,6.53,4.62,3.72,3.53,4.0,3.33,2.83,1.98,2.16,2.06,1.45,1.64,1.64,,,,,,English
F. Scott Fitzgerald,e,12.24,t,8.98,a,8.16,o,7.78,i,6.87,n,6.85,s,6.11,h,5.92,r,5.89,d,4.5,12.24,8.98,7.78,8.16,6.85,6.87,5.89,6.11,5.92,4.25,4.5,2.42,2.87,2.06,2.64,1.61,2.27,2.36,1.52,2.32,,,,,,English
F. W. Nietzsche,e,12.17,t,10.08,i,7.85,o,7.75,a,7.75,n,7.03,s,6.87,r,5.73,h,5.66,l,4.05,12.17,10.08,7.75,7.75,7.03,7.85,5.73,6.87,5.66,4.05,3.33,3.12,2.54,2.68,2.37,2.0,1.92,1.91,1.39,1.62,,,,,,English
Fancis Buchanan Hamilton,e,11.85,a,9.45,t,8.91,o,7.1,i,6.86,n,6.7,r,6.63,h,6.3,s,6.15,d,3.84,11.85,8.91,7.1,9.45,6.7,6.86,6.63,6.15,6.3,3.57,3.84,2.88,2.85,2.49,2.56,2.05,1.79,1.76,1.8,1.87,,,,,,English
Fanny Burney,e,12.33,t,8.63,o,8.03,a,7.57,i,7.21,n,6.73,s,6.07,r,5.99,h,5.73,d,4.4,12.33,8.63,8.03,7.57,6.73,7.21,5.99,6.07,5.73,4.2,4.4,2.35,3.27,2.06,3.35,1.67,1.71,2.55,1.4,2.28,,,,,,English
Felix Voorhies,e,13.08,t,8.73,a,7.81,o,7.76,n,6.85,r,6.8,i,6.55,s,6.22,h,5.11,d,4.69,13.08,8.73,7.76,7.81,6.85,6.55,6.8,6.22,5.11,3.89,4.69,2.65,3.25,2.3,2.25,1.97,2.1,1.93,1.38,2.48,,,,,,English
Feodor Dostoevsky,e,12.59,t,9.59,o,7.92,i,7.06,a,7.04,n,6.86,r,6.28,s,5.88,h,5.84,l,4.17,12.59,9.59,7.92,7.04,6.86,7.06,6.28,5.88,5.84,4.17,3.99,2.72,3.07,2.55,2.51,1.86,1.98,2.0,1.59,2.12,,,,,,English
Fernando Pessoa,e,12.35,t,10.01,o,8.37,i,6.86,n,6.7,a,6.6,r,6.57,s,6.17,h,4.93,l,3.57,12.35,10.01,8.37,6.6,6.7,6.86,6.57,6.17,4.93,3.57,3.52,2.9,3.23,2.42,2.43,2.01,2.65,2.0,1.75,2.21,,,,,,English
Fiodor Dostoievski,e,12.02,t,9.14,a,8.15,o,7.89,i,7.26,n,6.98,h,6.08,s,5.81,r,5.27,d,4.21,12.02,9.14,7.89,8.15,6.98,7.26,5.27,5.81,6.08,4.21,4.21,2.44,3.06,2.08,2.74,1.62,2.08,2.57,1.45,2.31,,,,,,English
Flavius Josephus,e,12.85,t,9.97,a,8.29,h,7.61,o,7.57,n,6.61,s,6.37,i,6.33,r,5.7,d,4.55,12.85,9.97,7.57,8.29,6.61,6.33,5.7,6.37,7.61,3.08,4.55,2.28,2.68,2.35,2.62,1.68,1.74,1.73,1.61,2.38,,,,,,English
Flora Annie Steel,e,12.37,t,9.24,a,7.94,o,7.45,h,6.73,n,6.5,i,6.23,r,6.15,s,6.15,d,4.62,12.37,9.24,7.45,7.94,6.5,6.23,6.15,6.15,6.73,4.22,4.62,2.13,2.97,2.44,2.27,1.6,2.16,1.93,1.85,2.65,,,,,,English
Florence A. Merriam,e,12.5,t,9.52,o,7.51,a,7.48,n,6.87,i,6.81,h,6.42,s,5.97,r,5.88,d,4.5,12.5,9.52,7.51,7.48,6.87,6.81,5.88,5.97,6.42,4.17,4.5,2.3,2.73,2.42,2.18,1.66,2.47,1.7,1.92,2.69,,,,,,English
Florence Crannell Means,e,12.68,t,8.86,a,7.87,o,7.44,n,6.72,i,6.16,r,6.06,s,6.06,h,5.99,d,5.07,12.68,8.86,7.44,7.87,6.72,6.16,6.06,6.06,5.99,4.23,5.07,2.68,2.58,1.86,2.45,1.89,2.57,2.11,1.64,2.45,,,,,,English
Florence Hartley,e,12.65,t,9.38,o,8.21,a,7.55,n,7.02,i,7.0,r,6.58,s,6.19,h,4.89,l,4.21,12.65,9.38,8.21,7.55,7.02,7.0,6.58,6.19,4.89,4.21,3.59,2.79,3.15,2.56,2.34,2.02,1.8,2.27,1.5,1.92,,,,,,English
Florence White Williams,e,11.81,t,10.24,o,8.11,i,7.4,r,7.05,a,6.99,n,6.65,s,5.14,h,4.52,l,4.25,11.81,10.24,8.11,6.99,6.65,7.4,7.05,5.14,4.52,4.25,3.88,3.37,3.3,2.3,2.1,2.52,2.42,1.95,1.68,2.04,,,,,,English
Floyd L. Wallace,e,12.27,t,9.77,o,8.06,a,7.8,i,6.93,n,6.7,r,5.86,h,5.67,s,5.61,d,4.57,12.27,9.77,8.06,7.8,6.7,6.93,5.86,5.61,5.67,3.99,4.57,3.32,3.0,1.88,2.28,1.94,2.16,1.95,1.42,2.36,,,,,,English
Frances Bacon,e,12.51,t,9.49,a,8.13,o,7.99,n,6.84,i,6.59,s,6.5,r,6.35,h,5.85,d,3.96,12.51,9.49,7.99,8.13,6.84,6.59,6.35,6.5,5.85,3.65,3.96,2.54,2.83,2.76,2.42,1.76,1.88,1.76,1.45,2.45,,,,,,English
Frances Cavanah,e,12.42,t,8.92,a,8.45,o,8.22,n,6.67,h,6.42,i,6.26,s,5.99,r,5.78,d,4.54,12.42,8.92,8.22,8.45,6.67,6.26,5.78,5.99,6.42,3.96,4.54,2.48,2.61,1.95,2.4,1.69,2.32,1.99,1.99,2.58,,,,,,English
Frances Halton Eva Hasell,e,12.52,t,9.38,a,8.17,o,7.66,n,6.93,i,6.72,r,6.44,s,6.07,h,5.89,d,4.35,12.52,9.38,7.66,8.17,6.93,6.72,6.44,6.07,5.89,3.75,4.35,2.89,2.91,2.21,2.17,1.82,2.16,1.7,1.39,2.55,,,,,,English
Frances Hodgson Burnett,e,12.62,t,8.61,a,8.48,o,7.18,h,6.87,n,6.83,s,6.69,i,6.62,r,5.7,d,5.02,12.62,8.61,7.18,8.48,6.83,6.62,5.7,6.69,6.87,4.03,5.02,2.19,2.72,1.84,2.49,1.46,2.15,1.99,1.51,2.58,,,,,,English
Francesco Petrarca,e,12.23,t,8.72,o,8.18,i,7.84,a,7.76,n,6.85,r,6.82,s,6.23,h,4.33,l,4.26,12.23,8.72,8.18,7.76,6.85,7.84,6.82,6.23,4.33,4.26,3.64,3.39,2.88,2.11,2.57,2.25,2.33,1.66,1.56,1.71,,,,,,English
Francis A. March and Richard J. Beamish,e,12.75,t,9.44,a,8.4,n,7.45,o,7.07,i,6.99,r,6.84,s,6.24,h,5.34,d,4.01,12.75,9.44,7.07,8.4,7.45,6.99,6.84,6.24,5.34,3.65,4.01,2.88,2.61,2.62,2.56,1.9,2.08,1.55,1.57,1.92,,,,,,English
Francis Bacon,e,12.57,t,9.93,o,7.71,a,7.59,i,7.42,n,7.3,s,6.65,r,6.17,h,5.82,d,3.81,12.57,9.93,7.71,7.59,7.3,7.42,6.17,6.65,5.82,3.35,3.81,2.86,2.92,2.66,2.51,1.98,1.73,1.55,1.53,1.72,,,,,,English
Francis Cunningham,e,12.5,t,9.45,o,7.77,i,7.64,a,7.24,n,7.07,h,6.54,s,6.42,r,5.81,d,4.1,12.5,9.45,7.77,7.24,7.07,7.64,5.81,6.42,6.54,3.45,4.1,3.07,2.64,2.75,2.41,2.0,1.82,1.61,1.39,2.04,,,,,,English
Francis Dodd,e,11.87,a,8.75,t,8.36,o,7.46,i,7.39,n,7.13,r,7.12,s,5.48,h,4.79,d,4.38,11.87,8.36,7.46,8.75,7.13,7.39,7.12,5.48,4.79,3.73,4.38,3.76,2.43,2.52,3.0,1.94,2.03,1.55,1.78,1.64,,,,,,English
Francis Grierson,e,12.06,t,8.99,i,7.83,n,7.72,a,7.72,o,7.62,s,6.44,r,5.92,h,5.39,l,4.23,12.06,8.99,7.62,7.72,7.72,7.83,5.92,6.44,5.39,4.23,3.86,3.35,2.71,2.33,2.55,2.09,1.93,1.65,1.31,2.09,,,,,,English
Francis Grose,e,11.64,o,8.45,a,8.44,t,8.2,n,6.63,r,6.57,s,6.47,i,6.43,h,5.07,l,4.4,11.64,8.2,8.45,8.44,6.63,6.43,6.57,6.47,5.07,4.4,3.62,3.17,2.77,2.43,2.52,2.3,2.44,1.8,2.06,1.96,,,,,,English
Francis Russell,e,12.73,t,9.7,a,8.26,o,7.63,n,7.02,i,6.62,h,6.14,r,6.02,s,5.89,d,4.48,12.73,9.7,7.63,8.26,7.02,6.62,6.02,5.89,6.14,3.74,4.48,2.95,2.59,2.25,2.57,1.6,1.86,1.66,1.54,2.17,,,,,,English
Francis W. Hirst,e,12.23,t,9.48,o,7.87,a,7.72,i,7.3,n,6.87,s,6.52,r,6.18,h,5.7,d,3.93,12.23,9.48,7.87,7.72,6.87,7.3,6.18,6.52,5.7,3.79,3.93,3.08,2.92,2.57,2.69,2.12,1.68,1.79,1.53,1.86,,,,,,English
Francois Duc De La Rochefoucauld,e,12.98,t,9.45,o,7.89,i,7.62,a,7.29,s,7.02,n,6.69,r,6.03,h,5.34,l,3.82,12.98,9.45,7.89,7.29,6.69,7.62,6.03,7.02,5.34,3.82,3.5,2.78,2.93,2.65,2.58,1.79,1.63,1.66,,2.1,,1.4,,,,English
Francois Rabelais,e,12.17,t,9.27,a,8.06,o,7.62,i,6.8,n,6.65,h,6.47,s,6.28,r,6.06,d,4.22,12.17,9.27,7.62,8.06,6.65,6.8,6.06,6.28,6.47,4.08,4.22,2.53,3.08,2.44,2.37,1.87,2.05,1.9,1.59,2.15,,,,,,English
Frank A. Martin,e,12.51,t,9.25,a,8.39,o,7.66,n,7.16,i,6.69,r,6.32,h,6.3,s,6.2,d,4.25,12.51,9.25,7.66,8.39,7.16,6.69,6.32,6.2,6.3,3.66,4.25,2.51,2.66,2.59,2.52,1.76,2.12,1.61,1.48,2.13,,,,,,English
Frank Barrett,e,12.21,t,9.33,o,7.86,a,7.86,i,6.64,n,6.61,h,6.5,s,6.23,r,5.82,d,4.5,12.21,9.33,7.86,7.86,6.61,6.64,5.82,6.23,6.5,3.62,4.5,2.22,2.98,2.36,2.47,1.6,2.28,2.38,1.66,2.7,,,,,,English
Frank Crane,e,11.9,t,9.45,o,8.5,i,7.65,a,7.17,n,7.09,r,6.3,s,5.47,h,4.45,l,3.88,11.9,9.45,8.5,7.17,7.09,7.65,6.3,5.47,4.45,3.88,3.64,3.1,3.21,2.47,2.54,2.33,2.2,2.31,1.64,2.23,,,,,,English
Frank Frankfort Moore,e,12.49,t,9.63,o,8.09,a,8.0,h,6.92,i,6.86,n,6.64,s,6.11,r,5.61,d,3.88,12.49,9.63,8.09,8.0,6.64,6.86,5.61,6.11,6.92,3.67,3.88,2.5,2.87,2.38,2.58,1.74,2.0,2.08,1.4,2.35,,,,,,English
Frank Richard Stockton,e,12.37,t,9.75,a,8.76,o,7.65,h,7.29,n,6.8,i,6.32,s,5.7,r,5.32,d,4.77,12.37,9.75,7.65,8.76,6.8,6.32,5.32,5.7,7.29,3.61,4.77,2.48,2.68,2.26,2.28,1.8,1.93,1.7,1.68,2.54,,,,,,English
Frank Riley,e,12.63,t,9.69,a,7.7,o,7.62,i,6.69,n,6.46,r,6.38,h,5.97,s,5.79,l,4.35,12.63,9.69,7.62,7.7,6.46,6.69,6.38,5.79,5.97,4.35,4.26,2.51,2.89,2.23,2.43,2.03,2.19,1.9,1.54,2.51,,,,,,English
Frank Thomas Bullen,e,12.39,t,9.42,a,8.23,o,7.61,i,7.22,n,7.07,s,6.46,r,5.93,h,5.48,l,4.29,12.39,9.42,7.61,8.23,7.07,7.22,5.93,6.46,5.48,4.29,3.53,2.74,2.9,2.49,2.3,2.01,1.99,1.99,1.66,2.06,,,,,,English
Franz Kafka,e,12.51,t,9.96,o,7.97,a,7.67,h,6.77,i,6.77,n,6.61,s,6.06,r,5.31,d,4.35,12.51,9.96,7.97,7.67,6.61,6.77,5.31,6.06,6.77,3.96,4.35,2.28,2.94,2.03,2.39,1.59,2.09,2.06,1.57,2.5,,,,,,English
Fred T. Hodgson,e,12.91,t,10.02,a,7.44,o,7.42,i,7.05,n,6.76,s,6.21,r,6.2,h,5.83,l,3.93,12.91,10.02,7.42,7.44,6.76,7.05,6.2,6.21,5.83,3.93,3.52,3.01,3.06,3.3,1.89,1.88,2.33,1.25,1.74,1.75,,,,,,English
Fred W. Ward,e,11.73,t,8.75,a,7.95,o,7.45,n,7.11,r,6.86,i,6.51,s,5.54,h,4.77,d,4.49,11.73,8.75,7.45,7.95,7.11,6.51,6.86,5.54,4.77,4.35,4.49,3.24,2.38,2.34,2.66,2.42,2.45,1.67,1.88,2.53,,,,,,English
Frederic Kidder,e,12.24,t,9.29,a,7.99,o,7.55,n,7.43,i,7.27,r,6.75,s,5.99,h,4.83,d,3.6,12.24,9.29,7.55,7.99,7.43,7.27,6.75,5.99,4.83,3.4,3.6,3.06,2.77,2.32,2.34,2.09,2.48,1.77,1.85,2.16,,,,,,English
Frederic S. Cozzens,e,12.52,t,9.29,a,8.21,o,7.63,n,7.0,i,6.79,s,6.3,r,6.26,h,5.88,d,4.05,12.52,9.29,7.63,8.21,7.0,6.79,6.26,6.3,5.88,4.01,4.05,2.82,2.68,2.59,2.12,2.05,1.96,1.7,1.65,2.2,,,,,,English
Frederick Boyle,e,12.29,t,9.13,a,7.84,o,7.53,i,7.07,s,6.89,n,6.7,r,6.37,h,5.28,l,4.3,12.29,9.13,7.53,7.84,6.7,7.07,6.37,6.89,5.28,4.3,3.73,3.19,3.05,2.31,2.56,2.06,1.88,1.84,1.75,1.95,,,,,,English
Frederick Douglass,e,12.7,t,9.16,a,7.93,o,7.65,n,6.93,i,6.88,s,6.34,r,6.0,h,5.82,d,4.24,12.7,9.16,7.65,7.93,6.93,6.88,6.0,6.34,5.82,4.04,4.24,2.59,2.56,2.48,2.88,1.76,1.96,2.03,1.5,2.21,,,,,,English
Frederick Franklin Schrader,e,12.67,t,9.01,a,8.16,n,7.96,o,7.31,i,7.23,r,6.87,s,6.22,h,5.09,d,3.81,12.67,9.01,7.31,8.16,7.96,7.23,6.87,6.22,5.09,3.73,3.81,3.1,2.49,2.58,2.64,2.0,2.17,1.58,1.46,1.81,,,,,,English
Frederick Jackson Turner,e,12.72,t,9.96,n,7.84,o,7.82,i,7.78,a,7.68,s,6.62,r,6.2,h,5.17,l,3.87,12.72,9.96,7.82,7.68,7.84,7.78,6.2,6.62,5.17,3.87,3.71,3.18,2.23,2.7,2.32,2.12,1.68,1.46,1.11,1.79,,,,,,English
Frederick Swainson,e,11.38,t,9.24,o,8.35,a,7.8,n,6.79,i,6.72,h,6.1,s,6.06,r,5.66,l,4.45,11.38,9.24,8.35,7.8,6.79,6.72,5.66,6.06,6.1,4.45,4.25,2.73,3.23,2.37,2.27,1.66,2.28,2.14,1.57,2.42,,,,,,English
Frederick W. Hamilton,e,11.45,t,8.69,o,7.97,i,7.85,a,7.38,r,7.25,n,7.2,s,6.71,l,3.81,h,3.71,11.45,8.69,7.97,7.38,7.2,7.85,7.25,6.71,3.71,3.81,3.38,3.53,2.9,2.44,2.57,2.97,2.3,1.68,1.9,1.41,,,,,,English
Frederick William Headland,e,12.26,t,9.76,i,8.44,a,8.01,o,7.61,n,7.03,s,6.97,r,5.68,h,4.98,c,4.07,12.26,9.76,7.61,8.01,7.03,8.44,5.68,6.97,4.98,3.63,3.76,4.07,2.82,2.44,2.53,2.04,1.3,1.75,1.8,1.21,,,,,,English
Fredrick S. Burch,e,12.13,t,10.01,o,7.99,r,7.25,a,7.25,i,6.84,n,6.58,s,5.43,h,4.45,l,4.08,12.13,10.01,7.99,7.25,6.58,6.84,7.25,5.43,4.45,4.08,3.3,3.36,3.54,2.2,2.61,2.24,2.2,1.9,1.96,1.97,,,,,,English
Friedrich Nietzsche,e,12.56,t,9.6,o,7.66,i,7.66,a,7.61,n,7.11,s,6.98,h,5.84,r,5.74,l,4.16,12.56,9.6,7.66,7.61,7.11,7.66,5.74,6.98,5.84,4.16,3.54,2.88,2.79,2.47,2.4,1.94,1.88,1.77,1.29,1.88,,,,,,English
Friedrich Wilhelm Nietzsche,e,12.43,t,9.58,i,7.74,o,7.71,a,7.62,n,7.12,s,6.99,h,5.76,r,5.71,l,4.03,12.43,9.58,7.71,7.62,7.12,7.74,5.71,6.99,5.76,4.03,3.43,2.96,2.77,2.55,2.48,1.91,1.87,1.86,1.33,1.91,,,,,,English
Fritz Leiber,e,12.16,t,9.28,a,7.87,o,7.54,i,7.01,n,6.99,s,6.11,r,6.0,h,5.51,d,4.24,12.16,9.28,7.54,7.87,6.99,7.01,6.0,6.11,5.51,4.13,4.24,2.86,2.87,2.2,2.58,1.88,2.41,2.01,1.54,2.23,,,,,,English
Fyodor Dostoevsky,e,11.86,t,9.22,a,8.27,o,8.02,i,7.07,n,7.0,h,6.08,s,6.03,r,5.43,d,4.23,11.86,9.22,8.02,8.27,7.0,7.07,5.43,6.03,6.08,4.06,4.23,2.2,3.1,2.03,2.59,1.65,2.04,2.49,1.4,2.32,,,,,,English
Fyodor Dostoyevsky,e,12.14,t,9.16,a,8.19,o,7.94,i,7.04,n,6.82,h,6.36,s,6.03,r,5.4,d,4.32,12.14,9.16,7.94,8.19,6.82,7.04,5.4,6.03,6.36,4.12,4.32,2.25,3.08,2.15,2.64,1.64,1.98,2.48,1.41,2.25,,,,,,English
G. E. Farrow,e,11.88,t,9.22,a,7.93,o,7.88,i,7.01,n,6.34,s,6.04,r,6.0,h,5.65,l,4.46,11.88,9.22,7.88,7.93,6.34,7.01,6.0,6.04,5.65,4.46,4.35,2.55,3.17,1.98,2.35,1.93,2.27,2.36,1.61,2.45,,,,,,English
G. K. Chesterton,e,12.15,t,9.54,a,8.31,o,7.39,i,7.33,n,6.87,s,6.39,h,6.06,r,5.66,l,4.35,12.15,9.54,7.39,8.31,6.87,7.33,5.66,6.39,6.06,4.35,3.92,2.64,2.79,2.23,2.51,1.76,2.01,2.07,1.56,2.21,,,,,,English
G.K. Chesterton,e,12.19,t,9.59,a,8.19,o,7.58,i,7.2,n,7.0,s,6.53,r,5.91,h,5.82,l,4.4,12.19,9.59,7.58,8.19,7.0,7.2,5.91,6.53,5.82,4.4,3.78,2.71,2.73,2.3,2.5,1.76,2.04,1.91,1.61,2.02,,,,,,English
GANPAT,e,12.51,t,9.06,a,8.12,o,7.66,n,6.78,i,6.5,h,6.39,s,6.11,r,5.82,d,4.48,12.51,9.06,7.66,8.12,6.78,6.5,5.82,6.11,6.39,4.14,4.48,2.14,2.89,2.29,2.44,1.66,2.22,2.12,1.37,2.77,,,,,,English
Gaston Leroux,e,12.8,t,9.28,a,7.97,o,7.69,h,6.91,i,6.86,n,6.6,r,6.04,s,6.03,d,4.45,12.8,9.28,7.69,7.97,6.6,6.86,6.04,6.03,6.91,3.72,4.45,2.45,2.8,2.03,2.62,1.67,2.1,1.95,1.36,2.34,,,,,,English
Geo. W. Donohue,e,12.36,t,10.57,o,8.11,i,7.97,a,7.65,n,7.43,s,6.22,r,5.78,h,5.24,l,3.79,12.36,10.57,8.11,7.65,7.43,7.97,5.78,6.22,5.24,3.79,3.44,3.32,2.64,2.47,2.08,2.12,1.55,1.78,1.62,1.71,,,,,,English
Geoffrey Chaucer,e,13.15,t,9.23,a,7.93,o,7.59,h,7.26,n,6.65,s,6.43,i,6.3,r,5.85,l,4.35,13.15,9.23,7.59,7.93,6.65,6.3,5.85,6.43,7.26,4.35,4.14,2.08,2.73,2.41,2.3,1.39,1.87,2.29,1.42,2.53,,,,,,English
George Ade,e,12.72,t,9.14,a,8.3,o,7.51,n,6.83,i,6.38,h,6.34,r,5.86,s,5.47,d,4.48,12.72,9.14,7.51,8.3,6.83,6.38,5.86,5.47,6.34,4.18,4.48,2.77,2.9,2.25,2.35,2.02,2.31,1.67,1.7,2.38,,,,,,English
George Bernard Shaw,e,11.59,t,8.97,o,8.17,a,7.88,i,7.23,n,7.04,s,6.28,r,6.08,h,5.61,l,4.21,11.59,8.97,8.17,7.88,7.04,7.23,6.08,6.28,5.61,4.21,3.56,2.55,3.24,2.11,2.71,1.8,2.22,2.58,1.47,2.06,,,,,,English
George Eliot,e,12.0,t,8.95,a,8.03,o,7.72,i,7.09,n,6.91,h,6.39,s,6.32,r,5.65,d,4.29,12.0,8.95,7.72,8.03,6.91,7.09,5.65,6.32,6.39,4.11,4.29,2.34,2.95,2.2,2.71,1.62,2.31,2.08,1.63,2.45,,,,,,English
George Eliot [pseudonym of Mary Anne Evans],e,12.23,t,9.26,a,8.16,o,7.82,n,6.98,h,6.92,i,6.51,s,6.37,r,5.68,d,4.32,12.23,9.26,7.82,8.16,6.98,6.51,5.68,6.37,6.92,3.94,4.32,2.02,2.83,2.14,2.56,1.46,2.23,2.15,1.61,2.55,,,,,,English
George Forbes,e,13.12,t,8.99,a,7.95,o,7.73,n,6.71,i,6.47,h,6.39,s,6.08,r,5.89,d,4.53,13.12,8.99,7.73,7.95,6.71,6.47,5.89,6.08,6.39,3.37,4.53,2.69,2.85,2.39,2.67,1.91,1.96,1.58,1.68,2.73,,,,,,English
"George H. Lowery, Jr",e,12.7,t,8.31,o,7.94,a,7.83,i,7.54,n,7.35,r,7.1,s,6.38,l,4.17,h,3.75,12.7,8.31,7.94,7.83,7.35,7.54,7.1,6.38,3.75,4.17,3.42,3.7,2.99,2.25,2.5,2.23,1.63,1.82,2.13,1.72,,,,,,English
George Haven Putnam,e,12.49,t,10.08,o,7.98,a,7.64,n,7.5,i,7.11,r,6.28,s,6.24,h,5.75,d,3.74,12.49,10.08,7.98,7.64,7.5,7.11,6.28,6.24,5.75,3.67,3.74,3.03,2.58,2.66,2.27,1.98,1.79,1.69,1.47,2.0,,,,,,English
George Henry Joseph Adlam,e,11.54,t,9.15,a,8.16,i,8.16,o,7.54,s,6.89,n,6.38,r,6.35,h,4.64,l,4.25,11.54,9.15,7.54,8.16,6.38,8.16,6.35,6.89,4.64,4.25,3.97,4.12,2.98,2.29,2.51,2.25,1.71,1.63,1.65,1.62,,,,,,English
George Lyman Kittredge,e,13.15,t,8.93,i,7.49,a,7.39,s,7.28,o,7.25,n,6.88,r,6.0,h,5.19,l,3.74,13.15,8.93,7.25,7.39,6.88,7.49,6.0,7.28,5.19,3.74,3.73,3.51,2.9,2.38,2.41,2.24,1.54,1.5,1.71,1.87,,,,,,English
George MacDonald,e,12.64,t,9.32,o,7.91,a,7.6,h,6.84,n,6.77,i,6.72,s,5.98,r,5.78,d,4.48,12.64,9.32,7.91,7.6,6.77,6.72,5.78,5.98,6.84,4.07,4.48,2.31,2.86,2.35,2.48,1.54,2.2,1.95,1.5,2.58,,,,,,English
George Manville Fenn,e,11.96,t,9.07,a,8.26,o,8.0,n,6.97,i,6.46,h,6.39,s,6.14,r,5.08,d,4.97,11.96,9.07,8.0,8.26,6.97,6.46,5.08,6.14,6.39,4.02,4.97,2.09,2.93,2.07,2.75,1.58,2.38,2.25,1.5,2.64,,,,,,English
George O. Smith,e,12.77,t,9.4,a,8.01,o,7.56,i,6.95,n,6.91,r,6.11,s,5.7,h,5.56,l,4.29,12.77,9.4,7.56,8.01,6.91,6.95,6.11,5.7,5.56,4.29,4.23,2.88,2.86,2.11,2.5,1.84,2.11,1.88,1.63,2.25,,,,,,English
George T. Ulmer,e,12.37,t,9.46,o,8.04,a,7.75,i,6.91,n,6.55,r,6.16,h,5.48,s,5.42,d,4.98,12.37,9.46,8.04,7.75,6.55,6.91,6.16,5.42,5.48,3.93,4.98,2.46,2.9,2.43,2.69,1.77,2.27,2.0,1.64,2.55,,,,,,English
George Tobias Flom,e,12.72,n,8.54,a,8.19,t,8.1,o,7.61,r,6.87,i,6.87,s,6.29,h,5.02,l,4.42,12.72,8.1,7.61,8.19,8.54,6.87,6.87,6.29,5.02,4.42,3.9,2.32,2.19,2.31,2.75,1.33,2.23,1.53,1.38,2.04,,,,,,English
George W. Clark,e,12.36,t,8.35,o,8.03,a,7.52,r,7.23,n,6.51,s,6.35,h,6.22,i,6.18,l,4.92,12.36,8.35,8.03,7.52,6.51,6.18,7.23,6.35,6.22,4.92,3.88,2.21,2.68,2.41,2.7,1.6,2.33,2.2,1.79,2.31,,,,,,English
Georgie Sheldon,e,12.8,t,8.55,a,8.02,o,7.54,i,6.76,n,6.75,h,6.54,r,6.05,s,5.91,d,4.75,12.8,8.55,7.54,8.02,6.75,6.76,6.05,5.91,6.54,4.37,4.75,2.15,2.99,2.23,2.55,1.64,1.99,2.34,1.44,2.4,,,,,,English
Gertrude Chandler Warner,e,12.97,t,9.11,a,7.34,o,7.29,n,6.68,h,6.45,i,6.32,r,6.04,s,6.01,d,4.8,12.97,9.11,7.29,7.34,6.68,6.32,6.04,6.01,6.45,4.49,4.8,2.53,2.78,1.94,2.05,1.62,2.19,2.51,1.66,2.61,,,,,,English
Gertrude Stein,e,12.59,t,9.59,a,9.05,n,8.25,i,7.93,s,7.31,o,6.72,r,5.82,h,4.87,l,4.07,12.59,9.59,6.72,9.05,8.25,7.93,5.82,7.31,4.87,4.07,3.68,3.32,2.39,1.36,2.02,1.83,2.34,1.67,1.38,1.85,,,,,,English
Gilbert C. Kniffin,e,12.57,t,9.59,o,7.97,n,7.26,r,7.22,a,7.22,i,7.03,s,5.49,h,4.9,d,4.16,12.57,9.59,7.97,7.22,7.26,7.03,7.22,5.49,4.9,3.69,4.16,3.12,2.55,2.83,2.2,2.12,2.42,1.76,1.59,1.86,,,,,,English
Giovanni Boccaccio,e,12.93,t,9.29,a,7.93,o,7.89,h,7.81,n,6.79,i,6.6,s,5.69,r,5.63,d,4.43,12.93,9.29,7.89,7.93,6.79,6.6,5.63,5.69,7.81,3.77,4.43,2.23,2.57,2.4,2.69,1.3,2.13,1.84,1.47,2.5,,,,,,English
Gordon Randall Garrett,e,13.05,t,9.89,a,7.71,o,7.59,n,6.97,i,6.55,r,6.33,h,5.99,s,5.5,d,4.29,13.05,9.89,7.59,7.71,6.97,6.55,6.33,5.5,5.99,3.81,4.29,2.85,2.61,2.29,2.74,1.86,2.15,1.78,1.55,2.22,,,,,,English
Gottfried Achenwall,e,12.26,t,9.36,o,7.87,a,7.66,n,7.54,i,7.29,r,7.02,s,6.28,h,4.84,l,4.11,12.26,9.36,7.87,7.66,7.54,7.29,7.02,6.28,4.84,4.11,3.53,3.29,2.63,2.3,2.22,2.32,2.18,1.86,1.58,1.62,,,,,,English
Grace Clarke Newton,e,11.79,t,9.77,o,8.56,r,7.35,i,7.12,n,6.8,a,6.77,s,5.33,h,4.19,c,3.57,11.79,9.77,8.56,6.77,6.8,7.12,7.35,5.33,4.19,3.33,3.47,3.57,3.35,2.59,2.26,2.69,2.51,2.14,1.79,1.94,,,,,,English
Grace May North,e,13.14,t,8.9,a,8.12,o,7.3,n,6.34,i,6.28,h,6.25,r,6.18,s,5.81,d,5.16,13.14,8.9,7.3,8.12,6.34,6.28,6.18,5.81,6.25,4.59,5.16,2.14,2.85,1.64,2.33,1.68,2.43,2.27,1.6,2.53,,,,,,English
Grady Ward,e,11.99,t,9.98,o,8.69,r,7.51,i,7.25,n,6.64,a,6.61,s,5.22,c,3.9,d,3.5,11.99,9.98,8.69,6.61,6.64,7.25,7.51,5.22,3.42,3.29,3.5,3.9,3.34,2.45,2.34,2.72,2.7,2.17,1.86,1.87,,,,,,English
Graph Waldeyer,e,11.91,t,9.6,o,8.11,a,7.33,i,7.3,r,6.51,n,6.49,s,5.74,h,5.08,d,4.04,11.91,9.6,8.11,7.33,6.49,7.3,6.51,5.74,5.08,3.97,4.04,2.86,3.2,2.41,2.28,2.73,2.46,1.91,1.7,2.06,,,,,,English
Guido Bruno,e,12.34,t,8.76,o,8.43,a,7.83,i,6.86,n,6.82,s,6.73,r,6.43,h,5.37,l,4.09,12.34,8.76,8.43,7.83,6.82,6.86,6.43,6.73,5.37,4.09,3.75,2.7,2.76,2.21,2.55,2.02,1.94,2.02,1.75,1.95,,,,,,English
Gustave Flaubert,e,13.22,t,9.0,a,7.71,o,7.63,h,7.14,s,6.6,n,6.56,i,6.44,r,5.95,d,4.35,13.22,9.0,7.63,7.71,6.56,6.44,5.95,6.6,7.14,4.09,4.35,2.35,2.7,2.24,2.48,1.69,2.16,1.55,1.48,2.32,,,,,,English
Guy de Maupassant,e,12.95,t,8.95,a,8.0,o,7.52,n,6.84,i,6.84,h,6.82,s,6.21,r,5.66,d,4.67,12.95,8.95,7.52,8.0,6.84,6.84,5.66,6.21,6.82,4.02,4.67,2.28,2.75,2.13,2.65,1.56,2.12,1.87,1.38,2.53,,,,,,English
H. A. Guerber,e,12.74,t,8.7,a,7.64,o,7.19,h,6.99,n,6.83,i,6.65,r,6.58,s,6.46,d,5.03,12.74,8.7,7.19,7.64,6.83,6.65,6.58,6.46,6.99,4.11,5.03,2.18,2.56,2.54,2.2,1.59,2.49,1.5,1.43,2.37,,,,,,English
H. B. Walters,e,12.28,t,8.54,i,8.11,a,8.01,o,7.94,n,7.12,s,6.73,r,6.48,h,4.65,l,3.86,12.28,8.54,7.94,8.01,7.12,8.11,6.48,6.73,4.65,3.86,3.07,3.15,2.48,3.07,2.49,2.45,1.59,1.4,1.79,1.27,,,,,,English
H. Claiborne Dixon,e,12.51,t,9.17,a,7.56,o,7.42,n,7.13,i,6.92,r,6.64,s,6.51,h,5.82,d,4.1,12.51,9.17,7.42,7.56,7.13,6.92,6.64,6.51,5.82,4.0,4.1,3.05,2.78,2.72,2.18,1.62,1.8,1.94,2.19,1.83,,,,,,English
H. G. Wells,e,12.43,t,9.33,a,8.41,n,7.16,o,7.15,i,7.1,s,6.25,h,5.86,r,5.81,d,4.6,12.43,9.33,7.15,8.41,7.16,7.1,5.81,6.25,5.86,3.95,4.6,2.54,2.72,2.3,2.61,1.89,2.2,1.81,1.5,2.15,,,,,,English
H. H. Kane,e,12.46,t,9.05,a,7.95,o,7.57,i,7.39,n,7.2,s,6.69,r,6.04,h,5.07,d,3.96,12.46,9.05,7.57,7.95,7.2,7.39,6.04,6.69,5.07,3.83,3.96,3.21,2.9,2.7,2.74,2.26,1.83,1.85,1.56,1.54,,,,,,English
H. P. Lovecraft,e,12.43,t,9.19,a,7.93,o,7.52,n,7.07,i,6.61,s,6.21,r,6.18,h,5.47,d,4.42,12.43,9.19,7.52,7.93,7.07,6.61,6.18,6.21,5.47,4.21,4.42,3.01,2.99,2.32,2.39,1.97,2.28,1.74,1.58,2.19,,,,,,English
H. R. Chamberlain,e,12.83,t,9.68,a,7.76,o,7.68,n,7.1,i,6.84,s,6.23,r,6.04,h,5.72,d,4.11,12.83,9.68,7.68,7.76,7.1,6.84,6.04,6.23,5.72,3.74,4.11,2.85,2.82,2.49,2.5,1.94,1.89,1.86,1.6,2.13,,,,,,English
H. Rider Haggard,e,12.29,t,9.28,a,8.2,o,7.87,n,6.72,i,6.61,h,6.29,s,6.17,r,5.7,d,4.54,12.29,9.28,7.87,8.2,6.72,6.61,5.7,6.17,6.29,3.99,4.54,2.17,2.99,2.43,2.36,1.6,2.33,1.83,1.45,2.78,,,,,,English
H. W. G. Hyrst,e,12.62,t,9.21,a,8.21,o,7.5,n,7.1,h,6.52,i,6.51,s,6.09,r,6.08,d,4.47,12.62,9.21,7.5,8.21,7.1,6.51,6.08,6.09,6.52,3.83,4.47,2.47,2.67,2.39,2.36,1.68,2.23,1.79,1.57,2.45,,,,,,English
Hallam Hawksworth,e,12.3,t,9.95,o,7.94,a,7.65,s,7.02,i,6.54,n,6.49,h,6.41,r,6.12,l,4.23,12.3,9.95,7.94,7.65,6.49,6.54,6.12,7.02,6.41,4.23,3.57,2.16,2.82,2.4,2.3,1.69,2.17,2.01,1.72,2.25,,,,,,English
Hans Christian Andersen,e,13.24,t,9.41,a,7.92,o,7.43,h,7.4,n,6.56,s,6.15,i,6.09,r,5.72,d,4.78,13.24,9.41,7.43,7.92,6.56,6.09,5.72,6.15,7.4,4.41,4.78,2.08,2.62,2.07,2.2,1.54,2.1,1.84,1.54,2.77,,,,,,English
Harold Speed,e,12.12,t,10.07,i,8.02,a,7.64,o,7.44,n,7.12,s,6.66,r,5.88,h,5.42,l,4.01,12.12,10.07,7.44,7.64,7.12,8.02,5.88,6.66,5.42,4.01,3.41,2.96,2.88,2.73,2.19,2.09,2.11,1.75,1.48,1.72,,,,,,English
Harriet Beecher Stowe,e,12.11,t,8.68,a,8.28,o,7.81,n,6.86,i,6.79,s,6.59,h,6.24,r,5.74,d,4.64,12.11,8.68,7.81,8.28,6.86,6.79,5.74,6.59,6.24,4.3,4.64,2.25,2.79,2.06,2.65,1.59,2.22,2.26,1.44,2.38,,,,,,English
Harriet Jacobs (AKA Linda Brent),e,12.93,t,8.88,o,7.79,a,7.67,i,6.56,n,6.45,h,6.37,r,6.18,s,6.02,d,4.95,12.93,8.88,7.79,7.67,6.45,6.56,6.18,6.02,6.37,3.98,4.95,2.27,2.74,2.27,3.05,1.61,1.85,2.21,1.51,2.52,,,,,,English
Harriet Myrtle,e,12.44,t,9.97,a,7.96,o,7.5,n,6.82,i,6.49,r,6.39,s,5.49,h,5.31,d,4.69,12.44,9.97,7.5,7.96,6.82,6.49,6.39,5.49,5.31,3.99,4.69,2.63,2.89,2.07,2.16,2.15,2.5,2.08,1.63,2.44,,,,,,English
Harry Collingwood,e,12.76,t,9.51,a,7.94,o,7.58,n,6.78,i,6.49,h,6.44,r,6.01,s,5.94,d,4.38,12.76,9.51,7.58,7.94,6.78,6.49,6.01,5.94,6.44,3.87,4.38,2.5,2.86,2.4,2.29,1.85,2.18,1.98,1.49,2.39,,,,,,English
Harry Steele Morrison,e,13.21,t,9.31,a,8.01,o,7.71,n,7.04,h,6.84,i,6.5,r,5.95,s,5.47,d,4.39,13.21,9.31,7.71,8.01,7.04,6.5,5.95,5.47,6.84,3.67,4.39,2.51,2.69,2.21,2.4,1.6,2.11,1.92,1.54,2.63,,,,,,English
Heinrich Hoffman,e,11.92,t,9.38,o,8.17,a,7.48,r,6.79,n,6.67,i,6.59,s,5.75,h,5.02,d,3.97,11.92,9.38,8.17,7.48,6.67,6.59,6.79,5.75,5.02,3.71,3.97,3.25,3.15,2.15,2.36,2.52,2.44,2.3,1.72,2.11,,,,,,English
Helen Bannerman,e,11.87,t,9.98,o,8.11,a,7.6,i,6.6,n,6.41,r,6.33,s,5.13,h,4.68,l,4.3,11.87,9.98,8.11,7.6,6.41,6.6,6.33,5.13,4.68,4.3,3.88,3.28,3.21,2.11,2.56,2.06,3.05,2.12,2.21,1.97,,,,,,English
Helen Keller,e,13.09,t,9.05,a,7.71,i,7.07,o,7.04,n,6.82,s,6.58,h,6.15,r,5.9,l,4.45,13.09,9.05,7.04,7.71,6.82,7.07,5.9,6.58,6.15,4.45,4.32,2.3,2.73,2.17,2.74,1.67,1.99,2.02,1.46,2.3,,,,,,English
Helena Petrovna Blavatsky,e,12.82,t,9.71,a,7.71,i,7.68,o,7.33,n,7.14,s,6.97,h,6.07,r,6.0,l,3.83,12.82,9.71,7.33,7.71,7.14,7.68,6.0,6.97,6.07,3.83,3.46,3.22,2.42,2.43,2.51,1.91,1.63,1.64,1.45,1.56,,,,,,English
Hendrik van Loon,e,13.55,t,9.27,a,7.96,o,7.43,n,6.88,h,6.47,i,6.41,r,6.34,s,6.03,d,4.39,13.55,9.27,7.43,7.96,6.88,6.41,6.34,6.03,6.47,3.82,4.39,2.76,2.58,2.63,2.23,1.93,1.88,1.78,1.52,2.12,,,,,,English
Henri Bergson,e,12.58,t,9.82,i,8.03,a,7.73,o,7.64,n,7.0,s,6.73,r,5.64,h,5.34,l,3.95,12.58,9.82,7.64,7.73,7.0,8.03,5.64,6.73,5.34,3.95,3.08,3.43,2.79,2.49,2.74,1.85,2.04,1.74,1.43,1.93,,,,,,English
Henrik Ibsen,e,11.28,t,9.41,o,8.55,a,8.09,n,7.04,i,6.65,s,6.4,r,5.96,h,5.61,l,4.22,11.28,9.41,8.55,8.09,7.04,6.65,5.96,6.4,5.61,4.22,3.94,2.23,3.13,1.77,3.04,1.62,2.13,2.56,1.53,2.11,,,,,,English
Henry (Brooks) Adams,e,12.86,t,9.36,a,7.88,o,7.55,n,7.5,i,7.11,s,6.4,r,6.34,h,5.33,d,4.02,12.86,9.36,7.55,7.88,7.5,7.11,6.34,6.4,5.33,3.84,4.02,3.22,2.6,2.58,2.31,2.04,1.77,1.6,1.4,2.03,,,,,,English
Henry Curties,e,13.05,t,9.07,a,7.66,o,7.46,n,6.9,i,6.69,h,6.55,r,6.35,s,6.17,d,4.25,13.05,9.07,7.46,7.66,6.9,6.69,6.35,6.17,6.55,3.74,4.25,2.8,2.62,2.4,2.36,1.95,1.98,1.75,1.59,2.19,,,,,,English
Henry David Thoreau,e,12.42,t,9.52,a,7.87,o,7.79,i,7.05,n,7.03,s,6.34,r,6.1,h,6.01,d,4.05,12.42,9.52,7.79,7.87,7.03,7.05,6.1,6.34,6.01,3.95,4.05,2.54,2.75,2.35,2.53,1.71,1.89,1.92,1.53,2.39,,,,,,English
Henry Fielding,e,12.6,t,8.81,o,7.94,a,7.69,i,6.91,n,6.84,h,6.8,s,6.32,r,6.21,d,4.09,12.6,8.81,7.94,7.69,6.84,6.91,6.21,6.32,6.8,3.68,4.09,2.54,2.83,2.31,2.7,1.78,1.72,2.14,1.46,2.37,,,,,,English
Henry Hartshorne,e,12.42,t,9.4,o,8.02,a,8.0,n,7.48,i,7.17,r,6.72,s,6.04,h,4.65,l,4.13,12.42,9.4,8.02,8.0,7.48,7.17,6.72,6.04,4.65,4.13,3.4,3.32,2.65,2.55,2.43,2.18,2.17,1.84,1.67,1.63,,,,,,English
Henry James,e,12.79,t,9.41,a,7.88,o,7.71,i,6.95,n,6.52,h,6.41,s,6.33,r,5.78,d,4.14,12.79,9.41,7.71,7.88,6.52,6.95,5.78,6.33,6.41,3.96,4.14,2.41,2.98,2.19,2.72,1.73,1.9,2.16,1.42,2.25,,,,,,English
Henry M. Beardsley,e,12.2,t,9.3,o,8.16,a,7.37,n,7.19,i,7.08,r,6.56,s,5.67,h,5.11,d,3.83,12.2,9.3,8.16,7.37,7.19,7.08,6.56,5.67,5.11,3.74,3.83,3.43,3.06,2.38,2.41,2.26,2.31,1.84,1.57,2.24,,,,,,English
Henry M. Pierce,e,12.27,t,9.98,o,8.32,i,7.36,a,7.11,n,6.83,r,6.48,s,5.89,h,5.12,d,3.66,12.27,9.98,8.32,7.11,6.83,7.36,6.48,5.89,5.12,3.58,3.66,3.29,3.24,2.69,2.27,2.16,2.29,1.9,1.51,1.84,,,,,,English
Henry Mayhew,e,12.69,t,9.48,a,7.76,o,7.66,h,6.82,n,6.79,s,6.47,i,6.34,r,5.95,d,4.36,12.69,9.48,7.66,7.76,6.79,6.34,5.95,6.47,6.82,3.88,4.36,2.59,2.68,2.42,2.49,1.76,2.07,1.75,1.63,2.25,,,,,,English
Henry Milner Rideout,e,12.44,t,8.78,a,7.73,o,7.44,n,6.71,i,6.59,h,6.34,r,6.11,s,6.1,d,4.74,12.44,8.78,7.44,7.73,6.71,6.59,6.11,6.1,6.34,4.62,4.74,2.35,2.91,2.12,2.4,1.77,2.56,1.99,1.64,2.31,,,,,,English
Henry R. Schoolcraft,e,12.82,t,9.6,o,7.84,a,7.55,i,7.47,n,7.04,r,6.72,s,6.03,h,5.43,d,3.94,12.82,9.6,7.84,7.55,7.04,7.47,6.72,6.03,5.43,3.62,3.94,3.12,2.63,2.62,2.17,2.04,1.93,1.72,1.55,1.89,,,,,,English
Henry S. Simmonds,e,12.61,t,8.93,a,7.97,o,7.66,r,6.96,n,6.95,i,6.67,s,6.66,h,5.63,d,4.08,12.61,8.93,7.66,7.97,6.95,6.67,6.96,6.66,5.63,3.84,4.08,3.16,2.44,2.52,2.44,1.99,1.92,1.66,1.77,1.94,,,,,,English
Henry W. Shaw,e,11.73,t,9.62,a,8.26,n,7.25,i,7.11,o,6.91,h,6.1,s,5.6,r,5.34,l,4.16,11.73,9.62,6.91,8.26,7.25,7.11,5.34,5.6,6.1,4.16,3.76,,3.32,1.74,2.5,1.65,2.04,1.92,1.74,2.56,,,,1.7,,English
Henry Woodd Nevinson,e,12.23,t,9.1,a,8.25,o,7.74,n,7.45,i,7.45,s,6.37,r,6.29,h,5.13,d,4.06,12.23,9.1,7.74,8.25,7.45,7.45,6.29,6.37,5.13,3.97,4.06,2.87,2.76,2.57,2.53,2.1,1.96,1.61,1.53,1.78,,,,,,English
Herbert Brayley Collett,e,12.12,t,9.3,a,8.35,o,7.31,n,7.28,r,6.53,i,6.49,s,5.86,h,4.99,d,4.83,12.12,9.3,7.31,8.35,7.28,6.49,6.53,5.86,4.99,4.02,4.83,3.29,2.38,2.53,2.48,2.27,1.98,1.45,1.68,2.2,,,,,,English
Herbert Coleridge,e,10.03,a,8.55,s,8.42,r,7.84,n,6.49,t,6.14,o,6.06,i,5.9,l,4.88,d,4.21,10.03,6.14,6.06,8.55,6.49,5.9,7.84,8.42,3.44,4.88,4.21,2.49,2.31,,1.91,3.44,3.58,1.95,3.35,1.88,,2.16,,,,English
Herbert George Jenkins,e,12.55,t,8.6,o,7.55,a,7.49,i,7.34,n,6.98,r,6.05,s,5.87,h,5.37,d,4.92,12.55,8.6,7.55,7.49,6.98,7.34,6.05,5.87,5.37,4.4,4.92,2.41,2.92,1.95,2.8,1.99,2.14,2.06,1.88,2.23,,,,,,English
Herbert George Wells,e,12.53,t,9.13,a,8.51,i,7.72,n,7.28,o,7.13,s,6.51,r,6.31,h,5.42,d,3.99,12.53,9.13,7.13,8.51,7.28,7.72,6.31,6.51,5.42,3.88,3.99,2.93,2.61,2.47,2.47,2.07,1.9,1.64,1.46,1.8,,,,,,English
Herbert Strang,e,12.84,t,9.1,a,7.75,o,7.58,n,6.77,i,6.6,h,6.52,s,6.02,r,5.81,d,4.71,12.84,9.1,7.58,7.75,6.77,6.6,5.81,6.02,6.52,3.99,4.71,2.49,2.81,2.2,2.48,1.63,2.07,1.83,1.67,2.52,,,,,,English
Herbert Thirkel White,e,12.36,t,8.67,a,8.39,o,7.31,i,7.29,n,7.21,r,6.51,s,6.44,h,4.98,d,3.98,12.36,8.67,7.31,8.39,7.21,7.29,6.51,6.44,4.98,3.79,3.98,3.07,2.7,2.56,2.9,1.94,1.96,1.89,1.66,2.03,,,,,,English
Herbert Winslow Collingwood,e,12.62,t,9.22,a,8.12,o,7.68,n,6.88,i,6.84,h,6.18,s,5.88,r,5.8,d,4.2,12.62,9.22,7.68,8.12,6.88,6.84,5.8,5.88,6.18,4.06,4.2,2.59,2.89,2.5,2.74,1.79,2.0,1.97,1.45,2.34,,,,,,English
Herman Hesse,e,12.16,t,8.78,a,8.39,o,7.48,h,7.26,i,7.11,n,6.81,s,6.36,r,5.31,d,4.8,12.16,8.78,7.48,8.39,6.81,7.11,5.31,6.36,7.26,4.0,4.8,2.01,2.54,2.33,2.64,1.44,2.24,2.04,1.46,2.4,,,,,,English
Herman Melville,e,12.28,t,9.25,a,8.12,o,7.3,i,6.91,n,6.88,s,6.67,h,6.5,r,5.54,l,4.44,12.28,9.25,7.3,8.12,6.88,6.91,5.54,6.67,6.5,4.44,4.0,2.42,2.81,2.19,2.45,1.85,2.18,1.8,1.77,2.31,,,,,,English
Herodotus,e,13.0,t,9.87,a,8.15,h,7.63,o,7.44,n,6.94,s,6.84,i,6.73,r,5.42,d,4.16,13.0,9.87,7.44,8.15,6.94,6.73,5.42,6.84,7.63,3.18,4.16,2.28,2.16,2.41,2.57,1.73,1.94,1.9,1.53,2.16,,,,,,English
Hilaire Belloc,e,11.51,t,9.44,o,8.23,a,7.31,i,7.3,r,7.2,n,6.87,s,5.49,h,4.54,d,4.33,11.51,9.44,8.23,7.31,6.87,7.3,7.2,5.49,4.54,4.27,4.33,3.07,3.31,2.21,2.28,2.22,2.35,2.03,1.75,2.08,,,,,,English
Hilary Abner Herbert,e,12.77,t,10.19,o,7.91,a,7.66,n,7.48,i,7.09,s,6.82,r,6.24,h,5.57,l,3.7,12.77,10.19,7.91,7.66,7.48,7.09,6.24,6.82,5.57,3.7,3.63,2.96,2.67,2.39,2.13,1.89,1.75,1.55,1.5,1.95,,,,,,English
Hilda T. Skae,e,12.41,t,8.94,a,8.25,o,7.54,i,6.9,n,6.57,h,6.08,r,5.98,s,5.93,d,4.56,12.41,8.94,7.54,8.25,6.57,6.9,5.98,5.93,6.08,4.52,4.56,2.26,2.69,1.9,2.35,1.62,2.76,2.17,1.45,2.59,,,,,,English
Hiram Bingham,e,12.52,t,9.32,a,8.65,o,7.74,n,6.83,i,6.83,r,6.45,s,6.2,h,5.42,l,4.11,12.52,9.32,7.74,8.65,6.83,6.83,6.45,6.2,5.42,4.11,3.81,3.13,2.92,2.56,2.19,1.88,1.87,1.66,1.51,1.98,,,,,,English
Homer,e,12.58,t,8.68,a,7.75,o,7.69,h,7.27,s,7.01,n,6.55,r,6.2,i,6.19,d,4.53,12.58,8.68,7.69,7.75,6.55,6.19,6.2,7.01,7.27,4.04,4.53,2.06,2.97,2.42,2.5,1.64,2.05,1.9,1.43,2.33,,,,,,English
Homer and Hesiod,e,12.62,t,8.43,a,7.94,o,7.8,h,6.89,s,6.85,n,6.68,i,6.24,r,6.15,d,4.56,12.62,8.43,7.8,7.94,6.68,6.24,6.15,6.85,6.89,4.35,4.56,2.27,2.82,2.5,2.4,1.71,2.3,1.83,1.47,2.12,,,,,,English
Honore de Balzac,e,12.89,t,8.97,o,7.87,a,7.85,i,6.88,n,6.56,s,6.46,h,6.37,r,5.77,d,4.16,12.89,8.97,7.87,7.85,6.56,6.88,5.77,6.46,6.37,3.93,4.16,2.44,3.21,2.31,2.73,1.63,2.11,2.01,1.35,2.19,,,,,,English
Horace,e,12.22,t,8.78,o,7.86,a,7.8,i,6.94,s,6.71,n,6.62,r,6.29,h,6.12,l,3.89,12.22,8.78,7.86,7.8,6.62,6.94,6.29,6.71,6.12,3.89,3.87,2.5,3.55,2.45,2.52,1.91,1.86,2.19,1.56,2.19,,,,,,English
Horace Fletcher,e,12.36,t,10.12,i,7.83,o,7.8,a,7.64,n,7.2,s,6.62,r,5.71,h,5.1,l,3.73,12.36,10.12,7.8,7.64,7.2,7.83,5.71,6.62,5.1,3.73,3.62,3.54,2.67,2.84,2.54,2.0,1.83,1.65,1.44,1.51,,,,,,English
Horace Walpole,e,12.41,t,9.24,o,7.81,a,7.73,i,7.11,s,6.49,n,6.42,h,6.4,r,6.39,d,4.61,12.41,9.24,7.81,7.73,6.42,7.11,6.39,6.49,6.4,3.62,4.61,2.68,2.9,2.41,2.83,1.92,1.71,1.95,1.42,1.94,,,,,,English
Horatio Alger,e,12.3,t,8.4,o,8.32,a,7.56,i,7.17,n,6.69,s,6.02,r,5.87,h,5.55,d,4.49,12.3,8.4,8.32,7.56,6.69,7.17,5.87,6.02,5.55,4.32,4.49,2.47,3.36,2.09,2.71,1.59,1.99,2.68,1.51,2.32,,,,,,English
"Horatio Alger, Jr",e,12.1,t,8.49,o,8.28,a,7.89,i,7.05,n,6.6,r,5.87,s,5.84,h,5.75,d,4.47,12.1,8.49,8.28,7.89,6.6,7.05,5.87,5.84,5.75,4.3,4.47,2.3,3.3,1.99,2.83,1.8,1.86,2.75,1.48,2.22,,,,,,English
Howard Pyle,e,11.61,t,9.79,o,8.22,h,7.88,a,7.81,n,6.69,i,6.28,s,5.86,r,5.74,d,4.48,11.61,9.79,8.22,7.81,6.69,6.28,5.74,5.86,7.88,4.36,4.48,1.73,2.7,2.4,2.26,1.26,2.38,1.92,1.78,2.63,,,,,,English
Howard R.  Garis,e,11.58,t,9.22,o,8.18,a,7.06,i,7.04,n,6.78,r,6.58,s,5.19,l,4.39,h,4.34,11.58,9.22,8.18,7.06,6.78,7.04,6.58,5.19,4.34,4.39,3.67,3.21,3.63,2.14,1.88,2.29,3.4,2.45,1.82,2.67,,,,,,English
Hugh Lofting,e,12.16,t,9.78,o,8.17,a,7.91,n,6.79,h,6.72,i,6.45,s,5.8,r,5.19,d,4.68,12.16,9.78,8.17,7.91,6.79,6.45,5.19,5.8,6.72,4.16,4.68,2.41,2.78,1.85,2.2,1.74,2.53,2.13,1.66,2.48,,,,,,English
Hugues Le Roux,e,12.74,t,9.19,a,7.8,i,7.25,o,7.23,s,6.77,n,6.67,r,6.46,h,5.88,l,4.3,12.74,9.19,7.23,7.8,6.67,7.25,6.46,6.77,5.88,4.3,3.59,2.98,2.87,2.38,2.52,2.13,1.82,1.67,1.49,1.84,,,,,,English
Ida B. Wells-Barnett,e,12.66,t,9.29,a,7.88,o,7.53,n,7.26,i,6.73,r,6.28,s,5.95,h,5.85,d,4.05,12.66,9.29,7.53,7.88,7.26,6.73,6.28,5.95,5.85,3.84,4.05,3.14,2.73,2.42,2.56,1.91,1.95,1.79,1.64,2.28,,,,,,English
Im Bang,e,12.78,t,8.97,a,8.55,o,7.69,n,7.12,h,6.72,i,6.59,s,5.82,r,5.57,d,4.76,12.78,8.97,7.69,8.55,7.12,6.59,5.57,5.82,6.72,3.62,4.76,2.33,2.67,2.27,2.57,1.55,2.24,2.09,1.28,2.45,,,,,,English
Immanuel Kant,e,12.55,t,10.08,i,8.55,o,8.1,n,8.0,a,6.99,s,6.71,r,5.38,h,5.11,c,3.87,12.55,10.08,8.1,6.99,8.0,8.55,5.38,6.71,5.11,3.63,2.98,3.87,2.69,2.56,2.21,2.38,1.55,1.64,1.49,1.55,,,,,,English
Inazo Nitob__,e,12.13,t,9.36,o,7.93,a,7.77,i,7.73,n,6.98,s,6.76,r,6.14,h,5.47,l,3.8,12.13,9.36,7.93,7.77,6.98,7.73,6.14,6.76,5.47,3.8,3.56,2.98,2.86,2.69,2.48,1.93,1.87,1.78,1.43,1.98,,,,,,English
Ingersoll Lockwood,e,12.6,t,9.63,o,8.21,a,7.34,n,7.14,r,6.58,i,6.49,s,6.11,h,5.29,d,4.08,12.6,9.63,8.21,7.34,7.14,6.49,6.58,6.11,5.29,3.86,4.08,2.84,3.0,2.67,2.43,2.21,2.1,1.69,1.59,2.03,,,,,,English
Irvin S. Cobb,e,12.15,t,9.28,a,8.11,o,7.85,n,7.08,i,7.01,s,5.98,r,5.9,h,5.45,d,4.17,12.15,9.28,7.85,8.11,7.08,7.01,5.9,5.98,5.45,3.95,4.17,2.69,3.17,2.35,2.47,1.94,2.19,2.02,1.64,2.34,,,,,,English
Irving E. Cox,e,12.56,t,9.48,o,7.91,a,7.14,n,6.84,i,6.78,r,6.21,s,5.7,h,5.66,d,4.36,12.56,9.48,7.91,7.14,6.84,6.78,6.21,5.7,5.66,4.14,4.36,2.95,2.98,2.13,2.32,2.01,2.33,2.03,1.64,2.15,,,,,,English
Isaac & sons Pitman,e,10.3,t,8.44,n,8.39,o,8.38,i,7.61,a,6.86,r,6.55,s,5.74,c,5.0,l,4.13,10.3,8.44,8.38,6.86,8.39,7.61,6.55,5.74,3.58,4.13,3.72,5.0,2.14,1.78,2.77,3.56,2.15,2.11,2.08,1.8,,,,,,English
Isaac Asimov,e,12.19,t,10.09,o,8.04,a,7.43,i,7.02,n,6.42,r,6.2,s,5.95,h,5.58,d,4.16,12.19,10.09,8.04,7.43,6.42,7.02,6.2,5.95,5.58,4.04,4.16,2.65,3.24,1.93,2.48,1.88,2.13,2.37,1.42,2.33,,,,,,English
J. D. Jones,e,12.09,t,9.29,o,8.12,a,7.37,i,6.96,s,6.75,n,6.61,r,6.38,h,5.86,l,4.12,12.09,9.29,8.12,7.37,6.61,6.96,6.38,6.75,5.86,4.12,3.92,2.52,2.76,2.48,2.3,1.97,2.12,2.13,1.77,2.15,,,,,,English
J. Ewing Ritchie,e,12.56,t,9.21,a,8.09,o,7.7,n,7.08,i,6.9,s,6.49,r,6.31,h,5.78,l,4.08,12.56,9.21,7.7,8.09,7.08,6.9,6.31,6.49,5.78,4.08,3.93,2.81,2.73,2.42,2.56,1.88,1.89,1.77,1.61,2.08,,,,,,English
J. H. Willard,e,12.77,t,9.77,o,8.32,a,7.46,r,6.64,n,6.57,i,6.5,h,5.76,s,5.59,d,4.35,12.77,9.77,8.32,7.46,6.57,6.5,6.64,5.59,5.76,3.34,4.35,2.94,2.63,2.46,2.59,2.36,2.23,1.8,1.68,2.08,,,,,,English
J. M. Barrie,e,12.1,t,9.32,a,8.06,o,7.61,i,6.99,h,6.73,n,6.41,s,6.24,r,5.77,d,4.35,12.1,9.32,7.61,8.06,6.41,6.99,5.77,6.24,6.73,4.06,4.35,2.34,2.86,1.99,2.6,1.56,2.05,2.55,1.58,2.5,,,,,,English
J. M. Synge,e,11.2,t,8.79,o,8.04,i,7.68,a,7.33,n,7.32,h,5.89,r,5.8,s,5.54,l,4.33,11.2,8.79,8.04,7.33,7.32,7.68,5.8,5.54,5.89,4.33,4.0,2.33,2.92,2.24,2.56,1.73,3.06,2.78,1.41,2.64,,,,,,English
J. Morris,e,12.56,t,9.75,a,8.28,o,7.85,i,7.49,n,7.16,s,6.31,r,6.01,h,5.88,d,3.7,12.56,9.75,7.85,8.28,7.16,7.49,6.01,6.31,5.88,3.14,3.7,2.82,2.73,2.75,2.51,2.03,1.8,1.58,1.4,1.82,,,,,,English
J. P. de Caussade,e,12.43,t,9.67,i,8.06,o,7.84,s,7.08,n,6.66,a,6.45,h,6.04,r,5.87,l,4.38,12.43,9.67,7.84,6.45,6.66,8.06,5.87,7.08,6.04,4.38,3.63,2.86,3.04,2.77,2.25,1.72,1.85,1.84,1.29,2.02,,,,,,English
J. P. Mahaffy,e,12.96,t,9.51,a,7.9,o,7.31,i,6.84,n,6.78,s,6.73,r,6.29,h,5.73,l,4.09,12.96,9.51,7.31,7.9,6.78,6.84,6.29,6.73,5.73,4.09,3.75,2.96,2.87,2.4,2.24,2.05,1.91,1.66,1.42,1.98,,,,,,English
J. Walker McSpadden,e,12.09,t,8.88,o,8.02,a,7.79,h,7.05,n,6.72,i,6.37,r,6.19,s,5.85,d,4.84,12.09,8.88,8.02,7.79,6.72,6.37,6.19,5.85,7.05,4.2,4.84,2.09,2.8,2.38,2.32,1.47,2.25,2.13,1.74,2.64,,,,,,English
J. Z. Holwell,e,12.78,t,10.16,o,7.69,i,7.5,a,7.26,n,7.14,r,6.46,s,5.97,h,5.03,d,3.63,12.78,10.16,7.69,7.26,7.14,7.5,6.46,5.97,5.03,3.49,3.63,3.29,3.04,2.65,2.38,2.37,1.96,1.88,1.57,1.52,,,,,,English
J.B. Elwell,e,11.39,t,9.39,a,8.58,o,7.15,n,6.65,i,6.58,r,6.53,s,6.09,h,5.47,d,4.59,11.39,9.39,7.15,8.58,6.65,6.58,6.53,6.09,5.47,3.99,4.59,2.91,3.65,2.1,2.13,1.94,1.88,2.26,1.63,1.52,,,,,,English
J.M. Barrie,e,12.0,t,9.9,o,8.66,r,7.78,i,7.15,a,6.65,n,6.6,s,5.18,c,4.11,h,3.51,12.0,9.9,8.66,6.65,6.6,7.15,7.78,5.18,3.51,3.18,3.47,4.11,3.24,2.35,2.51,2.75,2.6,2.11,1.81,1.9,,,,,,English
J.W. von Goethe,e,13.17,t,8.96,o,7.61,a,7.42,i,6.95,n,6.8,h,6.37,s,6.3,r,6.15,d,4.27,13.17,8.96,7.61,7.42,6.8,6.95,6.15,6.3,6.37,3.94,4.27,2.55,2.84,2.3,2.89,1.7,1.67,2.09,1.41,2.42,,,,,,English
Jack G. Huekels,e,12.35,t,9.62,o,8.22,a,7.19,i,7.08,r,7.02,n,6.62,s,5.59,h,4.68,d,4.02,12.35,9.62,8.22,7.19,6.62,7.08,7.02,5.59,4.68,3.41,4.02,3.54,2.94,2.42,2.45,2.57,2.37,1.97,1.74,1.83,,,,,,English
Jack London,e,12.39,t,9.14,a,8.15,o,7.32,n,7.12,i,6.76,h,6.67,s,6.09,r,5.56,d,4.77,12.39,9.14,7.32,8.15,7.12,6.76,5.56,6.09,6.67,3.95,4.77,2.31,2.8,2.27,2.5,1.61,2.29,1.83,1.52,2.6,,,,,,English
Jack McKenty,e,12.06,t,9.99,o,8.76,r,7.12,a,6.93,i,6.89,n,6.51,s,5.58,h,4.34,d,3.62,12.06,9.99,8.76,6.93,6.51,6.89,7.12,5.58,4.34,3.31,3.62,3.48,3.1,2.37,2.43,2.55,2.41,2.21,1.65,2.0,,,,,,English
Jack Williamson,e,12.59,t,9.04,a,8.21,o,7.21,n,6.63,r,6.61,i,6.56,s,5.95,h,5.81,d,4.61,12.59,9.04,7.21,8.21,6.63,6.56,6.61,5.95,5.81,4.51,4.61,2.51,2.72,2.29,2.49,1.73,2.43,1.77,1.74,2.15,,,,,,English
Jacob A. Riis,e,13.04,t,10.18,o,7.75,a,7.43,n,7.09,i,6.68,s,6.55,h,6.28,r,6.24,l,3.84,13.04,10.18,7.75,7.43,7.09,6.68,6.24,6.55,6.28,3.84,3.57,2.64,2.55,2.54,2.25,1.88,1.89,1.81,1.53,2.09,,,,,,English
Jacob Abbott,e,13.01,t,9.49,a,8.02,o,7.38,n,7.2,i,6.6,h,6.55,s,6.3,r,6.14,d,4.28,13.01,9.49,7.38,8.02,7.2,6.6,6.14,6.3,6.55,3.24,4.28,2.66,2.59,2.42,2.76,1.78,2.1,1.61,1.3,2.17,,,,,,English
Jacob Grimm and Wilhelm Grimm,e,12.86,t,9.61,a,8.32,h,7.92,o,7.55,n,6.78,i,6.02,s,5.58,d,5.25,r,5.23,12.86,9.61,7.55,8.32,6.78,6.02,5.23,5.58,7.92,4.19,5.25,1.89,2.66,1.99,2.14,1.3,2.2,1.88,1.45,2.98,,,,,,English
Jacques Casanova de Seingalt,e,12.73,t,9.01,a,8.17,o,7.75,i,7.05,n,6.72,h,6.23,s,5.88,r,5.48,d,4.51,12.73,9.01,7.75,8.17,6.72,7.05,5.48,5.88,6.23,3.84,4.51,2.38,3.01,2.26,3.0,1.62,1.94,2.18,1.42,2.44,,,,,,English
James Adair,e,13.07,t,9.39,a,7.73,o,7.57,i,7.19,n,6.9,r,6.36,h,6.32,s,6.26,d,3.93,13.07,9.39,7.57,7.73,6.9,7.19,6.36,6.26,6.32,3.53,3.93,2.81,2.55,2.58,2.39,1.84,1.85,1.84,1.45,1.99,,,,,,English
James Allen,e,11.65,t,9.29,o,7.81,i,7.4,a,7.33,n,7.2,s,6.7,r,6.02,h,5.59,l,3.94,11.65,9.29,7.81,7.33,7.2,7.4,6.02,6.7,5.59,3.94,3.72,3.39,3.35,2.58,2.34,2.06,2.22,1.92,1.48,1.77,,,,,,English
James Baldwin,e,12.5,t,9.21,a,8.54,o,7.74,h,7.3,n,6.67,i,6.13,s,5.72,r,5.57,d,4.89,12.5,9.21,7.74,8.54,6.67,6.13,5.57,5.72,7.3,4.08,4.89,2.13,2.55,1.98,2.43,1.52,2.16,2.09,1.6,2.87,,,,,,English
James Beaven,e,11.02,t,8.65,i,7.85,a,6.39,o,6.32,s,6.15,n,6.11,r,5.51,h,4.6,u,3.54,11.02,8.65,6.32,6.39,6.11,7.85,5.51,6.15,4.6,2.67,3.2,2.92,3.54,1.94,2.82,2.08,1.37,,1.4,1.26,,1.09,,,,English
James Boswell,e,11.8,t,8.64,o,8.08,a,7.85,i,7.52,n,7.32,s,6.4,h,6.31,r,5.78,d,4.21,11.8,8.64,8.08,7.85,7.32,7.52,5.78,6.4,6.31,3.81,4.21,2.55,2.75,2.18,2.87,1.7,1.81,1.98,1.52,2.33,,,,,,English
James C. Beeks,e,12.75,t,9.77,o,8.09,a,7.63,n,7.26,i,6.84,r,6.41,s,6.11,h,4.89,d,4.08,12.75,9.77,8.09,7.63,7.26,6.84,6.41,6.11,4.89,3.58,4.08,3.25,2.81,2.26,2.66,2.05,1.74,1.85,1.77,1.93,,,,,,English
James Chalmers,e,13.23,t,9.18,a,8.55,o,7.65,n,7.26,i,6.39,r,5.95,s,5.73,h,5.71,d,4.31,13.23,9.18,7.65,8.55,7.26,6.39,5.95,5.73,5.71,3.85,4.31,2.31,2.81,2.21,2.43,1.7,2.36,1.73,1.54,2.62,,,,,,English
James Daley McDonald,e,12.39,t,9.54,o,8.4,i,7.69,a,7.15,n,6.57,r,6.49,s,6.06,h,4.37,l,4.1,12.39,9.54,8.4,7.15,6.57,7.69,6.49,6.06,4.37,4.1,3.27,4.02,3.13,2.56,2.27,2.51,2.09,1.87,1.85,1.32,,,,,,English
James F. Rusling,e,12.65,t,8.79,a,8.63,o,7.51,n,7.11,r,6.53,s,6.33,i,6.23,h,5.26,d,4.45,12.65,8.79,7.51,8.63,7.11,6.23,6.53,6.33,5.26,4.27,4.45,2.7,2.98,2.3,2.35,1.73,2.11,1.81,1.6,2.31,,,,,,English
James Fenimore Cooper,e,13.2,t,9.3,a,7.8,o,7.27,n,7.1,i,6.81,h,6.77,s,6.22,r,5.87,d,4.46,13.2,9.3,7.27,7.8,7.1,6.81,5.87,6.22,6.77,3.61,4.46,2.69,2.86,2.53,2.36,1.66,2.01,1.69,1.33,2.31,,,,,,English
James Grant,e,12.44,t,8.4,a,8.37,o,7.53,n,6.83,i,6.78,r,6.45,s,6.16,h,5.9,d,4.57,12.44,8.4,7.53,8.37,6.83,6.78,6.45,6.16,5.9,4.21,4.57,2.8,2.79,2.49,2.47,1.8,2.14,1.79,1.66,2.19,,,,,,English
James Hamilton,e,12.74,t,9.34,a,7.94,o,7.42,i,7.14,n,6.87,s,6.39,r,6.31,h,6.16,d,3.8,12.74,9.34,7.42,7.94,6.87,7.14,6.31,6.39,6.16,3.73,3.8,2.84,2.75,2.63,2.45,1.74,1.92,1.78,1.61,2.1,,,,,,English
James J. Ellis,e,12.54,t,9.66,o,7.67,a,7.66,n,7.0,i,6.85,h,6.38,r,6.13,s,6.09,d,4.24,12.54,9.66,7.67,7.66,7.0,6.85,6.13,6.09,6.38,3.91,4.24,2.63,2.66,2.44,2.47,1.96,1.89,1.95,1.67,2.12,,,,,,English
James Joyce,e,12.14,t,8.59,a,7.94,o,7.63,i,6.82,n,6.81,s,6.45,h,6.36,r,5.85,l,4.52,12.14,8.59,7.63,7.94,6.81,6.82,5.85,6.45,6.36,4.52,4.37,2.47,2.76,2.3,2.59,1.81,2.29,2.02,1.67,2.27,,,,,,English
James Knowles,e,12.04,t,9.21,a,8.51,h,7.74,o,6.85,n,6.81,i,6.67,r,6.42,s,6.16,d,5.13,12.04,9.21,6.85,8.51,6.81,6.67,6.42,6.16,7.74,4.27,5.13,1.69,2.44,2.04,2.58,,2.27,1.82,1.46,2.48,,,,1.15,,English
James M. Barrie,e,12.82,t,9.48,a,7.64,o,7.36,h,7.11,n,6.64,i,6.64,s,6.07,r,5.61,d,4.59,12.82,9.48,7.36,7.64,6.64,6.64,5.61,6.07,7.11,4.03,4.59,2.21,2.8,1.9,2.23,1.66,2.13,2.36,1.58,2.8,,,,,,English
James Matthew Barrie,e,12.79,t,9.47,a,7.65,o,7.35,h,7.09,i,6.65,n,6.64,s,6.09,r,5.61,d,4.6,12.79,9.47,7.35,7.65,6.64,6.65,5.61,6.09,7.09,4.05,4.6,2.2,2.8,1.9,2.23,1.67,2.12,2.35,1.58,2.8,,,,,,English
James Mooney,e,13.25,t,9.57,a,8.24,o,7.45,n,7.35,i,6.82,r,6.25,h,6.21,s,5.91,d,3.89,13.25,9.57,7.45,8.24,7.35,6.82,6.25,5.91,6.21,3.62,3.89,2.81,2.49,2.23,2.29,1.66,1.94,1.65,1.53,2.23,,,,,,English
James Otis,e,12.59,t,9.73,a,7.95,o,7.9,n,6.88,i,6.48,h,6.27,s,5.72,r,5.46,d,4.46,12.59,9.73,7.9,7.95,6.88,6.48,5.46,5.72,6.27,3.85,4.46,2.34,2.98,2.3,2.42,1.65,2.0,2.35,1.73,2.49,,,,,,English
James Parkerson,e,12.29,t,9.33,o,8.07,a,7.28,r,7.08,i,7.0,n,6.63,s,5.95,h,4.63,l,4.0,12.29,9.33,8.07,7.28,6.63,7.0,7.08,5.95,4.63,4.0,3.88,3.08,3.02,2.45,2.5,2.31,2.21,2.15,1.63,2.05,,,,,,English
James Tod,e,12.04,t,9.31,a,8.94,i,7.3,o,7.28,n,6.88,r,6.53,h,6.37,s,6.35,d,4.11,12.04,9.31,7.28,8.94,6.88,7.3,6.53,6.35,6.37,3.33,4.11,2.81,2.68,2.85,2.39,1.87,1.65,1.41,1.52,1.77,,,,,,English
James Wood,e,12.65,t,8.83,o,7.76,i,7.32,a,7.29,n,7.18,s,6.92,r,6.33,h,5.22,l,4.28,12.65,8.83,7.76,7.29,7.18,7.32,6.33,6.92,5.22,4.28,3.42,2.58,3.26,2.45,2.65,1.89,2.06,1.59,1.56,1.97,,,,,,English
Jane Austen,e,12.64,t,8.75,a,7.86,o,7.76,n,7.1,i,6.85,r,6.19,s,6.17,h,6.08,d,4.14,12.64,8.75,7.76,7.86,7.1,6.85,6.19,6.17,6.08,3.94,4.14,2.44,2.9,2.3,2.78,1.6,1.95,2.29,1.59,2.33,,,,,,English
Jane Margaret Strickland,e,13.16,t,8.95,a,7.42,o,7.36,i,7.1,h,6.71,n,6.53,s,6.31,r,6.3,d,4.58,13.16,8.95,7.36,7.42,6.53,7.1,6.3,6.31,6.71,3.8,4.58,2.77,3.09,2.56,2.41,1.97,1.79,1.52,1.42,1.92,,,,,,English
Jarvis Hall,e,11.98,t,9.33,o,8.21,a,7.93,n,6.67,i,6.58,h,6.45,s,5.84,r,5.43,d,4.67,11.98,9.33,8.21,7.93,6.67,6.58,5.43,5.84,6.45,4.26,4.67,2.54,2.94,1.95,2.45,1.7,2.31,2.34,1.45,2.48,,,,,,English
Jean Baptiste Fr__d__ric Ortoli,e,13.01,t,8.96,a,7.88,o,7.48,i,6.66,n,6.55,h,6.53,r,6.07,s,5.78,d,4.66,13.01,8.96,7.48,7.88,6.55,6.66,6.07,5.78,6.53,3.99,4.66,2.51,2.97,2.17,2.45,1.69,2.05,2.27,1.51,2.31,,,,,,English
Jean de la Fontaine,e,12.45,t,9.02,a,7.89,o,7.66,s,6.86,i,6.74,h,6.44,n,6.17,r,6.13,d,4.25,12.45,9.02,7.66,7.89,6.17,6.74,6.13,6.86,6.44,4.24,4.25,2.46,2.94,2.49,2.37,1.82,1.95,1.77,1.64,2.28,,,,,,English
Jean Jacques Rousseau,e,13.04,t,9.32,a,7.67,i,7.51,o,7.39,n,6.93,s,5.99,h,5.89,r,5.77,d,4.34,13.04,9.32,7.39,7.67,6.93,7.51,5.77,5.99,5.89,3.4,4.34,2.78,2.72,2.49,3.37,1.84,1.76,1.97,1.41,2.19,,,,,,English
Jean Le Rond d' Alembert,e,13.07,t,10.59,o,7.64,i,7.43,a,6.91,s,6.6,h,6.43,n,6.36,r,6.07,d,3.61,13.07,10.59,7.64,6.91,6.36,7.43,6.07,6.6,6.43,3.24,3.61,3.03,2.89,2.39,2.34,2.03,1.74,1.74,1.47,1.94,,,,,,English
Jean Webster,e,11.93,t,9.24,a,7.91,o,7.62,i,7.2,n,6.81,s,5.99,r,5.87,h,5.13,l,4.31,11.93,9.24,7.62,7.91,6.81,7.2,5.87,5.99,5.13,4.31,4.27,2.4,3.34,2.0,2.64,1.8,2.23,2.62,1.67,2.19,,,,,,English
Jean-Henri Fabre,e,13.04,t,10.12,o,7.51,a,7.36,s,6.93,i,6.93,n,6.4,h,6.04,r,6.02,l,4.5,13.04,10.12,7.51,7.36,6.4,6.93,6.02,6.93,6.04,4.5,3.54,2.61,3.05,2.31,2.33,1.87,1.86,1.69,1.45,2.01,,,,,,English
Jean-Jacques Rousseau,e,12.87,t,9.64,o,7.87,i,7.44,a,7.25,s,6.89,n,6.77,h,6.28,r,5.78,l,3.97,12.87,9.64,7.87,7.25,6.77,7.44,5.78,6.89,6.28,3.97,3.46,2.72,2.94,2.43,2.53,1.72,1.72,1.94,1.43,2.14,,,,,,English
Jean-Pierre Claris de Florian,e,12.55,t,9.0,o,8.05,a,7.71,n,6.99,i,6.94,r,6.88,s,5.79,h,5.54,d,4.26,12.55,9.0,8.05,7.71,6.99,6.94,6.88,5.79,5.54,3.55,4.26,3.0,2.74,2.41,2.49,2.27,2.15,1.84,1.5,1.87,,,,,,English
Jeffries Wyman,e,13.13,t,9.13,o,8.03,a,7.59,n,6.94,i,6.69,s,6.41,r,6.28,h,5.11,d,3.75,13.13,9.13,8.03,7.59,6.94,6.69,6.28,6.41,5.11,3.64,3.75,3.24,2.75,2.92,2.43,2.15,1.98,1.59,1.8,1.95,,,,,,English
Jens Jakob Asmussen Worsaae,e,12.14,t,9.09,n,8.37,a,8.23,o,7.3,i,7.01,s,6.68,r,6.44,h,5.78,d,4.29,12.14,9.09,7.3,8.23,8.37,7.01,6.44,6.68,5.78,4.12,4.29,2.97,2.27,2.37,2.23,1.52,1.94,1.52,1.47,1.8,,,,,,English
Jerome K. Jerome,e,12.16,t,9.68,a,8.2,o,7.85,n,7.01,i,6.61,h,6.15,s,5.73,r,5.61,d,4.79,12.16,9.68,7.85,8.2,7.01,6.61,5.61,5.73,6.15,3.81,4.79,2.13,3.13,2.05,2.26,1.75,2.54,1.92,1.55,2.71,,,,,,English
Jesse Lynch Williams,e,12.07,t,9.17,o,8.4,a,7.75,n,7.11,h,6.56,i,6.19,s,5.78,r,5.29,d,4.42,12.07,9.17,8.4,7.75,7.11,6.19,5.29,5.78,6.56,4.32,4.42,2.35,3.06,2.1,2.55,1.63,2.54,2.31,1.51,2.6,,,,,,English
Joel Chandler Harris,e,12.31,t,9.6,a,8.16,o,7.74,n,6.95,h,6.73,i,6.23,s,5.99,r,5.77,d,4.69,12.31,9.6,7.74,8.16,6.95,6.23,5.77,5.99,6.73,3.98,4.69,2.23,2.86,1.96,2.7,1.48,2.49,1.97,1.6,2.58,,,,,,English
Johann Wolfgang Goethe,e,12.66,t,8.65,o,8.32,i,6.93,a,6.87,r,6.74,n,6.59,s,6.33,h,4.89,l,4.14,12.66,8.65,8.32,6.87,6.59,6.93,6.74,6.33,4.89,4.14,3.72,2.87,3.21,2.35,2.69,2.15,2.42,2.26,1.57,2.12,,,,,,English
Johann Wolfgang Von Goethe,e,12.93,t,9.35,a,7.41,o,7.23,s,6.93,i,6.73,n,6.59,h,6.41,r,6.22,l,4.5,12.93,9.35,7.23,7.41,6.59,6.73,6.22,6.93,6.41,4.5,3.66,2.29,2.94,2.17,2.66,1.94,2.21,2.01,1.37,2.26,,,,,,English
"Johann, Wolfgang von Goethe",e,13.36,t,9.25,a,7.65,i,7.53,o,7.42,n,6.58,s,6.52,r,6.35,h,5.25,l,4.19,13.36,9.25,7.42,7.65,6.58,7.53,6.35,6.52,5.25,4.19,3.5,3.7,2.73,2.26,2.3,2.35,1.75,1.59,1.66,1.72,,,,,,English
Johanna Spyri,e,12.74,t,9.05,a,7.91,o,7.53,h,7.34,i,6.68,n,6.47,r,5.92,s,5.63,d,5.13,12.74,9.05,7.53,7.91,6.47,6.68,5.92,5.63,7.34,4.34,5.13,2.09,2.7,1.83,2.4,1.61,2.42,2.11,1.38,2.59,,,,,,English
John A Martin,e,12.48,t,9.38,a,8.31,o,7.59,n,7.47,i,6.9,s,6.6,r,6.44,h,5.31,d,4.18,12.48,9.38,7.59,8.31,7.47,6.9,6.44,6.6,5.31,3.96,4.18,2.73,2.73,2.59,2.27,1.94,1.86,1.86,1.34,1.74,,,,,,English
John Alan Lyde Caunter,e,12.36,t,9.48,a,8.08,o,7.91,n,6.67,i,6.35,r,6.34,s,5.86,h,5.56,d,4.42,12.36,9.48,7.91,8.08,6.67,6.35,6.34,5.86,5.56,3.73,4.42,2.84,2.89,2.63,2.41,1.8,2.34,1.87,1.53,2.72,,,,,,English
John Aldini,e,13.22,t,9.97,a,7.67,i,7.66,o,7.41,n,6.83,r,5.98,s,5.8,h,5.33,c,3.81,13.22,9.97,7.41,7.67,6.83,7.66,5.98,5.8,5.33,3.65,3.63,3.81,2.43,2.56,2.95,2.35,1.57,1.51,1.65,1.6,,,,,,English
John Alexander Martin,e,12.14,t,9.49,a,8.2,o,7.88,n,7.43,r,6.83,i,6.82,s,6.28,h,4.77,d,3.89,12.14,9.49,7.88,8.2,7.43,6.82,6.83,6.28,4.77,3.68,3.89,3.07,2.95,2.55,1.99,2.37,2.16,1.78,1.29,1.82,,,,,,English
John Ashton,e,12.78,t,9.33,a,7.89,o,7.65,n,6.99,i,6.68,r,6.48,s,6.47,h,5.59,d,3.93,12.78,9.33,7.65,7.89,6.99,6.68,6.48,6.47,5.59,3.76,3.93,2.96,2.71,2.55,2.56,2.08,1.92,1.76,1.68,1.97,,,,,,English
John B. Remsburg,e,12.0,t,9.14,i,8.2,n,7.74,a,7.61,o,7.48,s,6.47,r,5.95,h,5.8,l,4.41,12.0,9.14,7.48,7.61,7.74,8.2,5.95,6.47,5.8,4.41,4.14,3.12,2.26,2.47,2.53,1.74,1.67,1.65,1.44,1.99,,,,,,English
John Bloundelle-Burton,e,12.56,t,8.87,a,8.25,o,8.07,n,6.81,h,6.8,i,6.38,s,6.26,r,5.71,d,4.48,12.56,8.87,8.07,8.25,6.81,6.38,5.71,6.26,6.8,3.77,4.48,2.19,2.82,2.21,2.69,1.54,2.19,1.94,1.5,2.78,,,,,,English
John Buchan,e,12.07,t,9.28,a,8.33,o,7.82,n,6.86,i,6.85,h,5.92,s,5.52,r,5.47,d,4.86,12.07,9.28,7.82,8.33,6.86,6.85,5.47,5.52,5.92,4.01,4.86,2.5,2.82,2.31,2.75,1.74,2.21,2.09,1.7,2.51,,,,,,English
John Bunyan,e,12.28,t,10.23,a,7.97,h,7.95,o,7.71,i,6.77,n,6.3,s,5.98,r,5.36,d,4.25,12.28,10.23,7.71,7.97,6.3,6.77,5.36,5.98,7.95,3.74,4.25,2.07,2.65,2.24,2.71,1.39,2.02,2.23,1.56,2.66,,,,,,English
John Camden Hotten,e,11.66,a,8.38,o,8.3,t,8.28,n,7.15,s,6.79,i,6.77,r,6.64,h,4.75,l,4.21,11.66,8.28,8.3,8.38,7.15,6.77,6.64,6.79,4.75,4.21,3.59,3.19,2.69,2.36,2.55,2.32,2.38,1.84,1.77,1.77,,,,,,English
John Cleland,e,12.41,t,9.37,o,7.75,a,7.37,i,7.2,n,7.05,s,6.45,h,6.17,r,5.72,d,4.24,12.41,9.37,7.75,7.37,7.05,7.2,5.72,6.45,6.17,3.65,4.24,2.62,2.83,2.64,2.9,1.9,2.07,1.97,1.35,2.27,,,,,,English
John Codman,e,12.59,t,9.31,o,8.1,r,7.3,i,7.08,n,6.81,a,6.78,s,5.83,h,4.89,d,4.09,12.59,9.31,8.1,6.78,6.81,7.08,7.3,5.83,4.89,3.52,4.09,3.33,3.09,2.8,2.31,2.28,2.19,1.95,1.63,1.86,,,,,,English
John Collins,e,12.91,t,8.71,o,7.99,a,7.38,n,7.1,r,6.93,i,6.49,s,6.07,h,5.05,d,4.47,12.91,8.71,7.99,7.38,7.1,6.49,6.93,6.07,5.05,4.11,4.47,2.79,2.8,2.32,2.26,2.06,2.43,1.82,1.58,2.45,,,,,,English
John Dean Paul,e,11.57,t,9.88,o,8.71,r,7.55,i,7.36,n,6.75,a,6.69,s,5.09,c,3.77,h,3.57,11.57,9.88,8.71,6.69,6.75,7.36,7.55,5.09,3.57,3.5,3.39,3.77,3.41,2.52,2.28,2.83,2.65,2.08,1.8,1.91,,,,,,English
John Dewey,e,12.26,t,9.97,i,8.73,n,7.8,o,7.69,a,7.51,s,6.7,r,5.46,h,4.73,c,3.94,12.26,9.97,7.69,7.51,7.8,8.73,5.46,6.7,4.73,3.67,3.47,3.94,2.85,2.56,2.3,2.13,1.84,1.52,1.25,1.42,,,,,,English
John Drinkwater,e,11.43,t,9.01,o,8.35,n,7.68,a,7.41,i,7.41,s,6.59,r,5.84,h,5.03,l,4.59,11.43,9.01,8.35,7.41,7.68,7.41,5.84,6.59,5.03,4.59,3.44,2.91,3.1,1.9,2.91,1.7,2.24,2.32,1.58,2.23,,,,,,English
John Evelyn,e,12.01,t,9.33,a,8.01,o,7.47,n,7.07,i,7.06,s,6.68,r,6.43,h,4.96,l,4.43,12.01,9.33,7.47,8.01,7.07,7.06,6.43,6.68,4.96,4.43,4.03,3.09,3.17,2.27,2.46,2.25,1.97,1.57,1.68,1.66,,,,,,English
John F. Hume,e,12.57,t,9.6,a,8.07,o,7.76,n,7.23,i,7.22,s,6.3,r,6.03,h,5.59,l,4.04,12.57,9.6,7.76,8.07,7.23,7.22,6.03,6.3,5.59,4.04,3.95,2.9,2.5,2.27,2.42,2.01,1.79,1.77,1.56,2.18,,,,,,English
John Filson,e,12.63,t,9.49,o,7.85,n,7.33,a,7.14,i,7.06,r,6.65,s,5.51,h,4.75,d,4.4,12.63,9.49,7.85,7.14,7.33,7.06,6.65,5.51,4.75,3.29,4.4,3.01,3.17,2.77,2.63,2.08,2.05,2.11,1.55,2.12,,,,,,English
John Fothergill,e,12.63,t,9.78,a,7.73,i,7.54,o,7.5,s,7.1,n,6.57,r,6.19,h,4.97,d,3.65,12.63,9.78,7.5,7.73,6.57,7.54,6.19,7.1,4.97,3.21,3.65,3.44,3.15,2.57,2.76,2.4,1.87,1.57,1.52,1.5,,,,,,English
John Foxe,e,13.01,t,9.35,o,7.57,a,7.54,i,6.96,n,6.93,h,6.48,r,6.4,s,6.28,d,4.49,13.01,9.35,7.57,7.54,6.93,6.96,6.4,6.28,6.48,3.29,4.49,2.86,2.68,2.53,2.54,2.02,1.8,1.65,1.53,2.05,,,,,,English
"John French, Viscount of Ypres",e,12.54,t,9.43,a,7.82,o,7.34,n,7.31,i,6.96,r,6.88,s,6.07,h,5.43,d,4.08,12.54,9.43,7.34,7.82,7.31,6.96,6.88,6.07,5.43,3.71,4.08,3.16,2.46,2.8,2.55,1.83,2.03,1.76,1.65,1.72,,,,,,English
John G. Nicolay and John Hay,e,12.61,t,9.46,a,7.84,o,7.79,n,7.43,i,7.3,s,6.39,r,6.2,h,5.53,d,4.01,12.61,9.46,7.79,7.84,7.43,7.3,6.2,6.39,5.53,3.95,4.01,2.99,2.54,2.59,2.37,1.92,1.8,1.7,1.4,2.0,,,,,,English
John Galsworthy,e,12.42,t,9.0,o,7.97,a,7.71,n,6.88,h,6.82,i,6.76,s,6.46,r,5.55,d,4.41,12.42,9.0,7.97,7.71,6.88,6.76,5.55,6.46,6.82,4.06,4.41,2.32,2.88,2.31,2.41,1.56,2.17,2.04,1.4,2.44,,,,,,English
John Gay,e,11.73,t,8.82,o,7.98,a,7.98,i,6.9,n,6.2,r,6.17,s,6.04,h,5.73,l,4.3,11.73,8.82,7.98,7.98,6.2,6.9,6.17,6.04,5.73,4.3,3.4,2.9,3.47,2.28,3.13,2.05,1.9,2.64,1.54,2.22,,,,,,English
John George Nicolay and John Hay,e,12.54,t,9.98,o,8.03,n,7.65,a,7.64,i,7.41,s,6.42,r,6.09,h,5.03,d,3.98,12.54,9.98,8.03,7.64,7.65,7.41,6.09,6.42,5.03,3.85,3.98,3.31,2.69,2.44,2.27,2.13,1.69,1.63,1.42,1.63,,,,,,English
John Henry Parker,e,12.66,t,9.48,a,7.82,o,7.41,r,6.93,i,6.83,n,6.75,s,6.25,h,5.77,l,4.54,12.66,9.48,7.41,7.82,6.75,6.83,6.93,6.25,5.77,4.54,3.76,3.47,2.66,2.64,2.18,1.77,1.69,1.86,1.6,1.89,,,,,,English
John Josselyn,e,12.38,t,9.29,a,7.91,o,7.62,n,7.2,i,6.64,r,6.55,s,6.3,h,6.21,l,3.86,12.38,9.29,7.62,7.91,7.2,6.64,6.55,6.3,6.21,3.86,3.79,2.64,2.66,2.43,2.43,1.86,2.13,1.74,1.71,2.24,,,,,,English
John Keats,e,12.63,t,8.55,o,7.61,a,7.5,s,6.87,n,6.73,i,6.72,r,6.27,h,6.11,l,4.6,12.63,8.55,7.61,7.5,6.73,6.72,6.27,6.87,6.11,4.6,4.26,2.41,2.82,2.45,2.41,2.1,2.15,1.8,1.53,2.22,,,,,,English
John Law,e,12.81,t,9.26,o,8.66,a,8.14,n,7.36,i,6.06,r,6.05,s,5.72,h,5.11,d,4.09,12.81,9.26,8.66,8.14,7.36,6.06,6.05,5.72,5.11,4.06,4.09,2.8,2.84,2.31,2.42,2.24,1.87,2.11,2.06,1.72,,,,,,English
John Leyland,e,13.12,t,9.37,a,8.26,n,7.29,i,7.08,o,6.93,r,6.69,s,6.31,h,5.49,d,3.89,13.12,9.37,6.93,8.26,7.29,7.08,6.69,6.31,5.49,3.48,3.89,2.95,2.43,2.55,2.44,1.97,2.02,1.69,1.72,1.93,,,,,,English
John Locke,e,12.74,t,9.93,o,8.03,i,7.63,n,7.62,a,7.59,s,6.71,h,5.9,r,5.6,d,3.59,12.74,9.93,8.03,7.59,7.62,7.63,5.6,6.71,5.9,3.26,3.59,2.78,2.66,2.45,2.48,1.9,1.64,1.74,1.66,1.95,,,,,,English
John Malcolm Rymer,e,12.16,t,8.69,a,8.32,o,7.84,i,6.73,n,6.7,h,6.5,s,6.11,r,5.95,d,4.43,12.16,8.69,7.84,8.32,6.7,6.73,5.95,6.11,6.5,4.01,4.43,2.55,3.06,2.26,2.85,1.63,1.98,2.27,1.49,2.33,,,,,,English
John Mandeville,e,12.37,t,10.68,a,9.14,h,7.66,o,7.36,n,7.13,i,5.81,s,5.79,r,5.75,d,4.43,12.37,10.68,7.36,9.14,7.13,5.81,5.75,5.79,7.66,4.0,4.43,2.01,2.17,2.67,2.67,1.43,1.68,1.93,1.57,1.82,,,,,,English
John Milton,e,11.97,t,9.07,o,7.69,a,7.31,n,6.95,h,6.82,i,6.78,s,6.64,r,6.52,d,4.64,11.97,9.07,7.69,7.31,6.95,6.78,6.52,6.64,6.82,4.22,4.64,2.2,3.06,2.44,2.47,1.76,2.17,1.27,1.51,2.4,,,,,,English
John Niles Hubbard,e,13.23,t,9.52,a,7.76,n,7.43,o,7.42,i,7.29,r,6.31,h,6.06,s,6.04,d,4.36,13.23,9.52,7.42,7.76,7.43,7.29,6.31,6.04,6.06,3.23,4.36,2.86,2.52,2.54,2.28,1.83,1.95,1.66,1.37,2.14,,,,,,English
John Oxenham,e,12.4,t,9.24,a,8.06,o,7.61,n,6.94,i,6.58,h,6.16,s,6.04,r,5.81,d,4.5,12.4,9.24,7.61,8.06,6.94,6.58,5.81,6.04,6.16,4.4,4.5,2.17,2.9,2.19,2.53,1.48,2.25,2.33,1.53,2.48,,,,,,English
John Patterson,e,12.82,t,9.05,a,7.94,o,7.69,n,7.07,r,6.66,i,6.53,s,5.75,h,5.74,d,4.25,12.82,9.05,7.69,7.94,7.07,6.53,6.66,5.75,5.74,3.91,4.25,2.84,2.83,2.69,2.47,1.92,2.2,1.62,1.54,2.29,,,,,,English
John R. Clark Hall,e,10.73,n,7.66,r,7.06,a,6.79,o,6.45,t,6.13,i,5.8,l,5.5,s,5.44,d,4.01,10.73,6.13,6.45,6.79,7.66,5.8,7.06,5.44,2.9,5.5,4.01,3.92,2.71,3.21,2.86,2.64,3.25,1.52,2.04,2.66,,,,,,English
John R. Lynch,e,12.84,t,10.57,a,8.19,o,7.89,n,7.49,i,7.01,s,5.88,r,5.64,h,5.44,d,3.93,12.84,10.57,7.89,8.19,7.49,7.01,5.64,5.88,5.44,3.54,3.93,3.46,2.67,2.54,2.33,2.09,1.38,1.55,1.69,1.86,,,,,,English
John Ruskin,e,12.29,t,10.1,o,8.02,a,7.5,i,7.35,n,7.06,r,6.21,s,6.14,h,5.6,l,3.89,12.29,10.1,8.02,7.5,7.06,7.35,6.21,6.14,5.6,3.89,3.49,3.01,3.13,2.61,2.18,1.96,1.87,1.99,1.63,1.91,,,,,,English
John Russell Russell,e,12.93,t,9.2,a,7.63,o,7.6,i,7.45,n,6.89,h,6.24,s,6.21,r,5.81,d,4.03,12.93,9.2,7.6,7.63,6.89,7.45,5.81,6.21,6.24,3.51,4.03,2.74,2.97,2.39,2.64,1.87,1.82,2.03,1.63,2.14,,,,,,English
John St. Loe Strachey,e,12.21,t,9.51,a,8.14,o,7.85,i,7.17,n,6.83,s,6.12,h,6.01,r,5.95,l,4.06,12.21,9.51,7.85,8.14,6.83,7.17,5.95,6.12,6.01,4.06,3.97,2.6,2.71,2.38,2.68,1.84,1.89,2.07,1.44,2.34,,,,,,English
John Stuart Mill,e,12.43,t,9.66,o,8.1,i,7.68,a,7.5,n,7.32,s,6.3,r,6.05,h,5.09,l,3.93,12.43,9.66,8.1,7.5,7.32,7.68,6.05,6.3,5.09,3.93,3.45,3.48,2.84,2.72,2.46,2.3,1.65,1.73,1.57,1.65,,,,,,English
John T. Morse,e,12.46,t,9.58,a,7.81,o,7.71,n,7.59,i,7.31,s,6.47,r,5.92,h,5.35,l,4.16,12.46,9.58,7.71,7.81,7.59,7.31,5.92,6.47,5.35,4.16,3.96,3.26,2.65,2.34,2.43,2.01,1.77,1.72,1.5,1.91,,,,,,English
John U. Wolff,a,11.79,n,8.17,e,7.83,t,7.26,i,6.87,s,6.06,o,5.51,u,4.93,r,4.53,g,4.5,7.83,7.26,5.51,11.79,8.17,6.87,4.53,6.06,4.0,4.04,3.07,2.14,4.93,,2.7,2.35,4.5,2.3,2.44,1.75,,,,2.29,,English
John Webster,e,11.73,o,8.89,t,8.79,a,7.68,i,6.89,n,6.52,s,6.42,r,6.28,h,5.53,l,4.52,11.73,8.79,8.89,7.68,6.52,6.89,6.28,6.42,5.53,4.52,4.05,2.72,3.42,2.34,2.62,1.59,1.66,2.4,1.51,2.07,,,,,,English
John William Polidori,e,12.83,t,9.16,o,7.61,a,7.37,i,7.08,n,6.84,r,6.45,h,6.41,s,6.05,d,4.18,12.83,9.16,7.61,7.37,6.84,7.08,6.45,6.05,6.41,3.43,4.18,2.81,2.93,2.47,2.59,2.05,2.12,1.81,1.6,2.04,,,,,,English
Jonathan Swift,e,12.59,t,9.28,o,7.8,a,7.61,i,6.92,n,6.84,r,6.27,s,6.2,h,5.83,d,4.17,12.59,9.28,7.8,7.61,6.84,6.92,6.27,6.2,5.83,3.84,4.17,2.73,2.9,2.47,2.67,1.99,1.96,1.86,1.6,2.21,,,,,,English
Jose Rizal,e,12.56,t,9.18,a,8.19,o,7.65,i,7.19,n,6.81,s,6.27,h,6.19,r,5.97,d,4.26,12.56,9.18,7.65,8.19,6.81,7.19,5.97,6.27,6.19,3.82,4.26,2.68,2.78,2.25,2.43,1.94,2.04,1.81,1.45,2.15,,,,,,English
Joseph Addison and Richard Steele,e,12.38,t,9.36,a,7.93,o,7.89,i,7.22,n,7.05,s,6.66,h,6.16,r,6.04,d,3.66,12.38,9.36,7.89,7.93,7.05,7.22,6.04,6.66,6.16,3.64,3.66,2.6,2.94,2.58,2.7,1.92,1.72,1.82,1.46,2.04,,,,,,English
Joseph Conrad,e,12.42,t,9.16,a,7.82,o,7.78,i,7.14,n,6.72,s,6.3,h,6.28,r,5.54,d,4.36,12.42,9.16,7.78,7.82,6.72,7.14,5.54,6.3,6.28,4.04,4.36,2.52,2.82,2.49,2.64,1.79,2.09,1.89,1.5,2.27,,,,,,English
Joseph Donaldson,e,13.2,t,9.1,o,7.6,a,7.57,n,7.12,i,6.89,h,6.35,r,6.1,s,5.64,d,4.53,13.2,9.1,7.6,7.57,7.12,6.89,6.1,5.64,6.35,3.47,4.53,2.58,2.84,2.45,2.64,1.67,2.13,1.83,1.49,2.62,,,,,,English
Joseph H. Alexander,e,12.36,t,9.04,a,8.76,o,7.41,n,7.27,i,6.76,r,6.73,s,6.13,h,4.82,d,4.34,12.36,9.04,7.41,8.76,7.27,6.76,6.73,6.13,4.82,4.21,4.34,3.05,2.54,2.32,2.76,2.12,2.03,1.38,1.71,1.73,,,,,,English
Joseph Payne Brennan,e,13.11,t,9.08,a,8.04,o,6.98,n,6.74,i,6.7,h,6.2,s,6.09,r,5.93,d,4.83,13.11,9.08,6.98,8.04,6.74,6.7,5.93,6.09,6.2,4.18,4.83,2.76,2.81,2.19,2.34,1.84,2.26,1.73,1.58,2.37,,,,,,English
"Joseph Planta, Esq. F. R. S",e,12.39,t,9.92,o,7.96,a,7.82,i,7.38,n,7.23,r,6.61,s,5.7,h,4.78,l,3.64,12.39,9.92,7.96,7.82,7.23,7.38,6.61,5.7,4.78,3.64,3.4,3.4,3.16,2.62,2.48,2.19,2.1,1.58,1.61,1.39,,,,,,English
Joseph Sheridan Le Fanu,e,12.6,t,8.66,a,8.27,o,7.34,i,7.06,n,6.8,r,6.22,s,6.05,h,5.7,d,4.6,12.6,8.66,7.34,8.27,6.8,7.06,6.22,6.05,5.7,4.12,4.6,2.73,2.95,2.05,2.8,1.76,2.08,2.25,1.33,2.33,,,,,,English
Joshua Coffin,e,12.9,t,9.64,o,7.98,a,7.41,n,7.32,i,6.91,r,6.48,s,6.09,h,5.45,d,3.8,12.9,9.64,7.98,7.41,7.32,6.91,6.48,6.09,5.45,3.59,3.8,3.2,2.72,2.44,2.36,2.08,1.89,1.81,1.66,1.89,,,,,,English
José  Rizal,e,12.52,t,9.14,a,8.31,o,7.7,i,7.0,n,6.76,s,6.36,h,6.33,r,6.03,d,4.25,12.52,9.14,7.7,8.31,6.76,7.0,6.03,6.36,6.33,3.9,4.25,2.63,2.74,2.27,2.42,1.87,2.0,1.86,1.43,2.22,,,,,,English
José Raúl Capablanca,e,11.29,t,10.08,a,7.51,i,7.3,o,7.16,n,6.66,s,5.69,h,5.42,r,5.26,l,3.81,11.29,10.08,7.16,7.51,6.66,7.3,5.26,5.69,5.42,3.81,2.94,3.07,2.15,1.96,2.01,3.27,1.98,,2.82,2.38,,,,3.13,,English
Jules Verne,e,12.77,t,9.56,a,8.02,o,7.4,n,6.91,i,6.84,s,6.4,r,6.01,h,5.99,d,4.21,12.77,9.56,7.4,8.02,6.91,6.84,6.01,6.4,5.99,3.93,4.21,2.81,2.87,2.34,2.29,1.96,1.94,1.68,1.54,2.3,,,,,,English
Julia Magruder,e,12.49,t,9.13,a,8.17,o,7.67,n,7.08,i,6.96,s,6.48,r,6.07,h,5.93,d,4.24,12.49,9.13,7.67,8.17,7.08,6.96,6.07,6.48,5.93,3.84,4.24,2.39,3.02,2.07,2.73,1.61,2.27,2.07,1.35,2.17,,,,,,English
Julian,e,11.81,t,9.27,o,7.56,i,7.55,a,7.35,h,7.22,n,7.03,s,6.93,r,5.49,l,4.8,11.81,9.27,7.56,7.35,7.03,7.55,5.49,6.93,7.22,4.8,4.33,1.84,2.81,2.6,2.18,1.19,2.31,1.7,1.44,2.32,,,,,,English
Julian Street,e,12.24,t,9.56,a,8.14,o,7.72,i,7.37,n,6.97,s,6.42,r,5.89,h,5.75,l,3.99,12.24,9.56,7.72,8.14,6.97,7.37,5.89,6.42,5.75,3.99,3.78,2.76,2.72,2.27,2.59,1.76,2.03,1.83,1.58,2.22,,,,,,English
K. U. Rafy,e,12.96,t,9.42,a,7.89,o,7.58,h,7.19,n,6.79,i,6.46,s,5.9,r,5.8,d,4.7,12.96,9.42,7.58,7.89,6.79,6.46,5.8,5.9,7.19,3.66,4.7,2.28,2.69,2.41,2.57,1.57,2.27,1.68,1.59,2.25,,,,,,English
Kahlil Gibran,e,12.03,t,9.12,o,8.45,a,7.47,n,7.15,i,6.49,s,6.34,r,6.16,h,6.01,d,4.12,12.03,9.12,8.45,7.47,7.15,6.49,6.16,6.34,6.01,3.82,4.12,2.04,3.85,2.42,2.01,1.64,2.16,2.79,1.41,2.28,,,,,,English
Karel Capek,e,11.52,t,8.68,o,8.49,a,8.04,n,6.92,i,6.48,r,6.3,s,6.27,h,5.28,l,5.14,11.52,8.68,8.49,8.04,6.92,6.48,6.3,6.27,5.28,5.14,3.71,2.4,3.41,2.06,2.9,1.75,2.17,2.32,1.78,2.12,,,,,,English
Karl Marx and Friedrich Engels,e,12.07,t,9.94,o,8.84,i,8.0,a,7.2,n,6.93,r,6.6,s,6.46,h,4.42,l,3.83,12.07,9.94,8.84,7.2,6.93,8.0,6.6,6.46,4.42,3.83,3.23,3.6,2.86,2.52,2.42,2.45,1.95,1.8,1.51,1.42,,,,,,English
Kate Chopin,e,13.37,t,8.73,a,7.79,o,7.48,n,6.97,h,6.78,i,6.65,s,6.08,r,5.88,d,4.69,13.37,8.73,7.48,7.79,6.97,6.65,5.88,6.08,6.78,4.15,4.69,2.33,2.63,2.08,2.5,1.7,2.21,1.64,1.47,2.48,,,,,,English
Kate Greenaway,e,12.34,t,8.48,o,7.55,r,7.28,a,7.28,i,7.28,n,6.75,s,5.99,l,4.88,h,3.92,12.34,8.48,7.55,7.28,6.75,7.28,7.28,5.99,3.92,4.88,3.55,3.2,3.33,2.24,2.53,2.4,2.25,2.4,1.7,2.08,,,,,,English
Kate Sanborn,e,12.25,t,8.84,a,8.18,o,7.82,n,6.97,i,6.75,s,6.19,r,6.15,h,5.13,d,4.61,12.25,8.84,7.82,8.18,6.97,6.75,6.15,6.19,5.13,4.23,4.61,2.67,2.83,2.29,2.49,1.85,2.33,2.11,1.56,2.24,,,,,,English
Katherine Creighton,e,12.81,t,9.07,a,8.06,o,7.48,n,6.81,i,6.39,r,6.18,h,5.89,s,5.7,l,4.55,12.81,9.07,7.48,8.06,6.81,6.39,6.18,5.7,5.89,4.55,4.47,2.55,2.56,2.48,2.18,1.77,2.4,2.05,1.59,2.61,,,,,,English
Katherine Mansfield,e,12.67,t,8.98,a,8.31,o,7.31,h,6.58,n,6.51,i,6.32,s,6.31,r,5.57,d,4.81,12.67,8.98,7.31,8.31,6.51,6.32,5.57,6.31,6.58,4.54,4.81,2.05,2.82,1.96,2.26,1.67,2.45,2.09,1.61,2.57,,,,,,English
Kenneth Grahame,e,12.0,t,9.38,a,8.32,o,7.7,n,6.93,i,6.44,h,6.21,s,5.9,r,5.69,d,4.98,12.0,9.38,7.7,8.32,6.93,6.44,5.69,5.9,6.21,4.58,4.98,2.09,2.87,2.12,2.38,1.69,2.47,2.18,1.49,2.41,,,,,,English
Kersey Graves,e,12.22,t,9.31,i,8.04,o,7.66,a,7.62,n,7.04,s,6.84,r,6.26,h,6.12,d,3.99,12.22,9.31,7.66,7.62,7.04,8.04,6.26,6.84,6.12,3.58,3.99,3.27,2.42,2.52,2.31,1.88,1.84,1.63,1.52,1.7,,,,,,English
King James I,e,14.58,t,9.65,i,7.68,o,7.28,a,7.11,n,6.55,s,6.47,h,6.36,r,6.06,l,3.53,14.58,9.65,7.28,7.11,6.55,7.68,6.06,6.47,6.36,3.53,3.48,2.78,2.96,2.45,2.35,2.1,1.83,1.49,1.58,1.97,,,,,,English
Krishna-Dwaipayana Vyasa,e,11.81,a,9.39,t,9.14,o,7.15,h,7.09,i,6.98,n,6.89,s,6.67,r,5.93,d,4.65,11.81,9.14,7.15,9.39,6.89,6.98,5.93,6.67,7.09,3.42,4.65,2.17,2.64,2.59,2.14,1.43,2.17,1.68,1.59,1.85,,,,,,English
Kurt Vonnegut,e,11.93,t,9.4,o,8.33,i,7.33,a,7.17,r,6.81,n,6.57,s,5.4,h,4.67,d,4.08,11.93,9.4,8.33,7.17,6.57,7.33,6.81,5.4,4.67,3.85,4.08,3.12,3.21,2.22,2.33,2.7,2.42,2.12,1.74,2.02,,,,,,English
L. Frank Baum,e,12.6,t,9.25,a,7.92,o,7.79,i,6.39,h,6.32,n,6.26,r,6.05,s,5.75,d,4.89,12.6,9.25,7.79,7.92,6.26,6.39,6.05,5.75,6.32,4.16,4.89,2.53,2.87,2.05,2.4,1.73,2.16,2.2,1.44,2.74,,,,,,English
L. M. (Lucy Maud) Montgomery,e,12.53,t,8.89,a,8.01,o,7.28,i,6.74,n,6.61,h,6.17,s,6.07,r,5.63,l,4.76,12.53,8.89,7.28,8.01,6.61,6.74,5.63,6.07,6.17,4.76,4.71,2.04,3.23,1.94,2.5,1.5,2.06,2.6,1.75,2.42,,,,,,English
L. Ron Hubbard,e,12.17,t,9.52,a,8.06,o,7.59,n,7.0,i,6.51,r,5.91,s,5.75,h,5.38,d,4.54,12.17,9.52,7.59,8.06,7.0,6.51,5.91,5.75,5.38,4.17,4.54,2.91,3.09,2.12,2.19,2.1,2.59,2.05,1.6,2.23,,,,,,English
Lady Charlotte Guest,e,12.85,t,9.65,a,8.38,h,8.2,o,7.28,n,7.2,i,6.0,s,5.62,r,5.6,d,5.34,12.85,9.65,7.28,8.38,7.2,6.0,5.6,5.62,8.2,3.7,5.34,2.0,2.53,2.14,2.38,1.27,1.83,1.86,1.33,2.92,,,,,,English
Lady Florence Dixie,e,12.27,t,8.83,a,8.09,o,7.91,n,6.98,i,6.63,r,6.28,s,6.09,h,5.58,d,4.42,12.27,8.83,7.91,8.09,6.98,6.63,6.28,6.09,5.58,3.86,4.42,2.8,3.11,2.36,2.21,1.94,2.55,1.76,1.57,2.59,,,,,,English
Lal Behari Day,e,13.06,t,9.63,a,7.97,h,7.72,o,7.52,n,6.69,i,6.32,s,5.95,r,5.67,d,4.44,13.06,9.63,7.52,7.97,6.69,6.32,5.67,5.95,7.72,3.43,4.44,2.22,2.69,2.29,2.39,1.71,2.12,1.84,1.53,2.53,,,,,,English
Laura Elizabeth Howe Richards,e,12.48,t,9.11,a,7.94,o,7.78,n,7.0,i,6.84,r,6.36,s,6.23,h,5.77,d,4.11,12.48,9.11,7.78,7.94,7.0,6.84,6.36,6.23,5.77,3.9,4.11,2.6,2.77,2.44,2.71,1.83,1.91,2.07,1.61,2.29,,,,,,English
Laura Spencer Portor,e,12.81,t,9.19,a,7.87,o,7.77,i,6.92,n,6.9,s,6.18,h,6.0,r,5.83,d,4.31,12.81,9.19,7.77,7.87,6.9,6.92,5.83,6.18,6.0,4.16,4.31,2.35,2.7,2.32,2.67,1.68,2.03,2.11,1.58,2.3,,,,,,English
Laurence Housman,e,12.35,t,9.17,o,8.59,i,7.39,a,7.22,n,6.85,s,6.22,r,5.27,h,5.23,l,4.12,12.35,9.17,8.59,7.22,6.85,7.39,5.27,6.22,5.23,4.12,3.61,2.31,3.47,1.83,2.76,1.79,2.58,2.96,1.45,2.3,,,,,,English
Laurence Sterne,e,11.38,t,9.64,o,7.93,a,7.78,i,7.31,n,6.96,h,6.38,s,6.36,r,5.86,d,3.93,11.38,9.64,7.93,7.78,6.96,7.31,5.86,6.36,6.38,3.82,3.93,2.65,3.08,2.37,2.64,1.85,1.83,2.08,1.62,2.15,,,,,,English
Lee B. Holum,e,12.7,t,9.82,o,8.0,a,7.67,i,6.79,n,6.69,r,6.66,s,5.63,h,5.3,l,3.99,12.7,9.82,8.0,7.67,6.69,6.79,6.66,5.63,5.3,3.99,3.96,3.21,2.94,2.18,2.25,2.25,2.3,1.71,1.52,2.11,,,,,,English
Leo Tolstoy,e,12.34,t,9.13,a,7.98,o,7.55,n,7.21,i,6.98,h,6.66,s,6.42,r,5.59,d,4.53,12.34,9.13,7.55,7.98,7.21,6.98,5.59,6.42,6.66,3.88,4.53,2.4,2.61,2.2,2.36,1.73,2.05,1.88,1.39,2.33,,,,,,English
Leopold von Ranke,e,13.16,t,10.0,o,7.66,a,7.43,n,7.19,i,7.13,h,6.38,s,6.11,r,5.94,d,4.19,13.16,10.0,7.66,7.43,7.19,7.13,5.94,6.11,6.38,3.64,4.19,3.11,2.47,2.37,2.4,2.08,1.75,1.46,1.4,2.04,,,,,,English
Leslie Waltham,e,12.33,t,9.96,o,8.15,i,7.09,a,6.97,n,6.8,r,6.57,s,5.85,h,5.45,d,3.91,12.33,9.96,8.15,6.97,6.8,7.09,6.57,5.85,5.45,3.29,3.91,3.01,3.05,2.09,2.48,2.07,2.44,2.16,1.52,2.14,,,,,,English
Lester del Rey,e,12.46,t,9.81,o,8.58,r,7.07,n,6.98,i,6.91,a,6.79,s,5.13,h,4.1,d,3.91,12.46,9.81,8.58,6.79,6.98,6.91,7.07,5.13,4.1,3.25,3.91,3.45,3.24,2.31,2.19,2.59,2.54,2.23,1.83,1.95,,,,,,English
Lever Brothers Company,e,11.51,t,9.16,o,8.03,i,7.37,r,7.27,a,7.08,n,6.7,s,5.9,l,4.12,p,3.69,11.51,9.16,8.03,7.08,6.7,7.37,7.27,5.9,3.56,4.12,3.4,3.42,3.45,2.37,2.33,3.69,2.42,1.89,1.74,1.69,,,,,,English
Lewis Carroll,e,12.48,t,9.9,a,7.98,o,7.73,i,7.02,n,6.55,h,6.28,s,5.88,r,5.48,d,4.41,12.48,9.9,7.73,7.98,6.55,7.02,5.48,5.88,6.28,4.24,4.41,2.5,3.2,1.95,2.0,1.63,2.39,2.06,1.42,2.38,,,,,,English
Lewis Tappan,e,12.91,t,9.7,o,7.93,a,7.65,n,7.17,i,6.99,r,6.5,s,6.34,h,5.19,l,3.88,12.91,9.7,7.93,7.65,7.17,6.99,6.5,6.34,5.19,3.88,3.58,3.01,2.94,2.63,2.22,2.04,1.67,1.86,1.54,1.82,,,,,,English
Lilian Bell,e,12.76,t,9.04,a,7.79,o,7.61,i,7.34,n,6.85,s,6.18,r,5.96,h,5.57,d,3.96,12.76,9.04,7.61,7.79,6.85,7.34,5.96,6.18,5.57,3.94,3.96,2.49,3.11,2.15,2.86,1.75,2.04,2.06,1.59,2.4,,,,,,English
Lodisa Frizell,e,12.74,t,9.35,o,8.07,a,7.55,i,6.74,r,6.65,n,6.33,s,5.98,h,5.51,d,3.86,12.74,9.35,8.07,7.55,6.33,6.74,6.65,5.98,5.51,3.76,3.86,2.65,2.89,2.46,2.48,2.07,2.19,1.89,1.65,2.62,,,,,,English
Logan Marshall,e,12.85,t,9.35,a,8.07,o,7.46,h,7.16,n,6.55,i,6.27,s,5.8,r,5.77,d,5.0,12.85,9.35,7.46,8.07,6.55,6.27,5.77,5.8,7.16,4.18,5.0,2.31,2.7,2.11,2.25,1.61,2.27,1.78,1.6,2.64,,,,,,English
Longinus,e,12.08,t,9.06,i,7.66,o,7.64,a,7.37,s,7.04,n,6.61,r,5.99,h,5.47,l,3.82,12.08,9.06,7.64,7.37,6.61,7.66,5.99,7.04,5.47,3.82,3.47,2.77,2.94,2.45,2.35,2.03,1.99,1.75,1.57,1.86,,,,,,English
Lord Byron,e,12.25,t,8.88,a,7.96,o,7.55,s,7.02,h,6.62,n,6.6,i,6.44,r,6.22,l,4.41,12.25,8.88,7.55,7.96,6.6,6.44,6.22,7.02,6.62,4.41,4.1,2.4,3.01,2.1,2.45,1.67,2.0,1.75,1.63,2.53,,,,,,English
Lord Charnwood,e,12.4,t,9.5,a,7.85,o,7.7,n,7.43,i,7.23,s,6.41,r,5.93,h,5.85,l,4.07,12.4,9.5,7.7,7.85,7.43,7.23,5.93,6.41,5.85,4.07,3.91,3.16,2.7,2.41,2.5,1.93,1.72,1.65,1.46,2.16,,,,,,English
Lord Timothy Dexter,e,12.51,t,9.3,o,8.45,a,7.51,n,6.81,i,6.55,r,6.42,s,6.28,h,5.29,d,4.09,12.51,9.3,8.45,7.51,6.81,6.55,6.42,6.28,5.29,4.02,4.09,2.28,2.8,2.38,2.7,1.94,2.23,2.11,1.64,2.31,,,,,,English
Louis Antoine Fauvelet de Bourrienne,e,13.11,t,9.41,a,7.9,o,7.77,i,7.05,n,7.02,r,6.17,h,6.07,s,6.03,d,4.15,13.11,9.41,7.77,7.9,7.02,7.05,6.17,6.03,6.07,3.48,4.15,3.0,2.69,2.58,2.62,2.08,1.64,1.57,1.53,2.04,,,,,,English
Louis Becke,e,12.75,t,9.54,o,7.97,a,7.93,n,7.0,r,6.56,i,6.43,s,5.58,h,5.49,d,4.14,12.75,9.54,7.97,7.93,7.0,6.43,6.56,5.58,5.49,3.34,4.14,3.09,2.76,2.42,2.42,2.42,2.25,1.89,1.7,2.09,,,,,,English
Louis Charbonneau,e,12.51,t,9.15,a,7.74,o,7.43,i,7.3,n,6.88,h,5.83,s,5.77,r,5.66,d,4.59,12.51,9.15,7.43,7.74,6.88,7.3,5.66,5.77,5.83,4.26,4.59,2.57,2.89,2.29,2.72,1.72,2.3,2.08,1.56,2.4,,,,,,English
Louisa M. Alcott,e,12.35,t,8.68,a,8.1,o,7.71,n,6.61,i,6.61,s,6.14,h,6.13,r,5.84,d,4.74,12.35,8.68,7.71,8.1,6.61,6.61,5.84,6.14,6.13,4.56,4.74,2.13,2.96,2.2,2.49,1.74,2.24,2.28,1.58,2.37,,,,,,English
Louisa Maria Dundas,e,12.89,t,9.32,a,7.67,o,7.6,r,6.53,i,6.52,n,6.4,h,6.39,s,5.95,d,4.79,12.89,9.32,7.6,7.67,6.4,6.52,6.53,5.95,6.39,3.91,4.79,2.72,2.66,2.4,2.05,2.15,2.13,2.06,1.48,2.3,,,,,,English
Louisa May Alcott,e,12.21,t,8.77,a,8.13,o,7.68,n,6.71,i,6.59,h,6.2,s,6.09,r,5.7,d,4.94,12.21,8.77,7.68,8.13,6.71,6.59,5.7,6.09,6.2,4.46,4.94,2.07,2.92,2.21,2.56,1.71,2.2,2.32,1.63,2.42,,,,,,English
Lucas Malet,e,12.31,t,8.7,a,7.97,o,7.52,i,7.31,n,7.12,s,6.31,r,5.98,h,5.67,l,4.31,12.31,8.7,7.52,7.97,7.12,7.31,5.98,6.31,5.67,4.31,4.27,2.65,3.04,2.33,2.63,1.89,2.16,2.13,1.48,1.88,,,,,,English
Lucian of Samosata,e,12.44,t,9.45,a,7.76,o,7.57,n,7.08,i,6.67,h,6.22,s,6.22,r,6.11,d,4.18,12.44,9.45,7.57,7.76,7.08,6.67,6.11,6.22,6.22,3.65,4.18,2.49,3.18,2.47,2.29,1.93,1.99,1.8,1.47,2.59,,,,,,English
Lucien Biart,e,12.42,t,9.08,a,7.9,o,7.43,i,7.08,n,6.62,s,6.31,r,5.98,h,5.8,d,4.45,12.42,9.08,7.43,7.9,6.62,7.08,5.98,6.31,5.8,4.16,4.45,2.99,3.48,2.28,2.28,1.74,2.12,1.64,1.5,2.44,,,,,,English
Lucius Annaeus Seneca,e,12.39,t,9.97,o,8.02,a,8.0,i,7.21,n,7.1,s,6.68,h,5.98,r,5.92,d,3.58,12.39,9.97,8.02,8.0,7.1,7.21,5.92,6.68,5.98,3.43,3.58,2.37,3.04,2.67,2.58,1.76,1.64,1.76,1.6,2.1,,,,,,English
Lucy Maud Montgomery,e,12.23,t,8.74,a,8.28,o,7.39,n,6.95,i,6.83,s,6.2,h,6.02,r,5.78,l,4.69,12.23,8.74,7.39,8.28,6.95,6.83,5.78,6.2,6.02,4.69,4.63,2.15,2.92,1.96,2.48,1.53,2.19,2.33,1.64,2.48,,,,,,English
Ludovic Halevy,e,12.8,t,9.31,a,7.92,o,7.82,i,6.9,n,6.58,s,6.14,h,6.04,r,5.96,l,4.35,12.8,9.31,7.82,7.92,6.58,6.9,5.96,6.14,6.04,4.35,4.07,2.4,3.11,2.11,2.56,1.61,1.86,2.3,1.47,2.2,,,,,,English
Luis Senarens,e,12.63,t,9.21,a,8.11,o,7.56,n,6.82,r,6.68,i,6.42,s,5.86,h,5.33,l,4.27,12.63,9.21,7.56,8.11,6.82,6.42,6.68,5.86,5.33,4.27,4.24,3.0,2.75,2.34,2.02,1.89,1.99,2.02,1.67,2.54,,,,,,English
L__on Cahun,e,12.19,t,8.94,a,8.4,o,7.68,i,6.97,n,6.81,h,6.43,s,6.16,r,5.92,d,4.5,12.19,8.94,7.68,8.4,6.81,6.97,5.92,6.16,6.43,3.83,4.5,2.67,2.85,2.17,2.48,1.76,2.08,1.86,1.61,2.42,,,,,,English
M. E. Billings,e,11.81,r,7.87,a,7.55,i,7.3,t,7.23,n,7.14,o,6.87,s,5.97,l,4.76,d,4.33,11.81,7.23,6.87,7.55,7.14,7.3,7.87,5.97,4.06,4.76,4.33,3.62,2.54,2.07,2.98,2.11,2.24,2.02,,1.97,,1.98,,,,English
M. G. Lewis,e,13.21,t,8.76,o,7.66,a,7.25,i,6.94,n,6.73,s,6.66,h,6.35,r,6.26,d,4.56,13.21,8.76,7.66,7.25,6.73,6.94,6.26,6.66,6.35,3.64,4.56,2.62,3.02,2.24,2.81,1.93,1.68,1.97,1.48,2.01,,,,,,English
M. T. Cicero,e,12.37,t,9.49,o,7.88,a,7.78,i,7.39,n,6.92,s,6.78,h,6.46,r,5.52,d,3.72,12.37,9.49,7.88,7.78,6.92,7.39,5.52,6.78,6.46,3.44,3.72,2.7,2.99,2.45,2.27,1.89,1.64,1.96,1.61,2.22,,,,,,English
Mabel Cook Cole,e,13.0,t,9.63,a,8.6,o,7.57,h,7.26,n,7.07,i,6.35,s,5.5,r,5.38,d,4.68,13.0,9.63,7.57,8.6,7.07,6.35,5.38,5.5,7.26,3.68,4.68,2.11,2.55,2.03,2.31,1.74,2.32,1.84,1.63,2.65,,,,,,English
Madison Clinton Peters,e,11.9,t,9.05,o,7.92,a,7.67,i,7.65,n,7.26,r,6.31,s,6.06,h,5.78,d,3.97,11.9,9.05,7.92,7.67,7.26,7.65,6.31,6.06,5.78,3.87,3.97,3.25,2.68,2.53,2.53,2.06,2.02,1.75,1.56,2.05,,,,,,English
Madison Grant,e,12.45,t,8.65,a,8.61,n,7.96,i,7.66,o,7.16,r,6.7,s,6.54,h,4.98,l,4.1,12.45,8.65,7.16,8.61,7.96,7.66,6.7,6.54,4.98,4.1,3.64,3.37,2.56,2.24,2.26,2.35,1.88,1.62,1.51,1.37,,,,,,English
Madison J. Cawein,e,12.01,t,8.19,a,7.81,o,7.65,s,6.98,n,6.57,r,6.56,h,6.24,i,6.2,d,4.96,12.01,8.19,7.65,7.81,6.57,6.2,6.56,6.98,6.24,4.63,4.96,2.31,2.87,2.39,2.34,1.56,2.43,1.55,1.63,2.73,,,,,,English
Malcolm Jameson,,,,,,,,,,,,,,,,,,,,,,,,,,,,,,,,,,,,,,,,,,,,,,English
Manly Palmer Hall,e,12.59,t,10.21,i,7.53,o,7.31,a,7.18,h,6.85,n,6.48,s,6.42,r,6.37,l,3.99,12.59,10.21,7.31,7.18,6.48,7.53,6.37,6.42,6.85,3.99,3.64,2.62,2.64,2.68,2.27,2.05,2.05,1.59,1.42,2.15,,,,,,English
Marcel Proust,e,12.73,t,9.26,a,7.79,o,7.71,i,6.98,n,6.92,h,6.75,s,6.25,r,5.54,d,4.08,12.73,9.26,7.71,7.79,6.92,6.98,5.54,6.25,6.75,3.91,4.08,2.55,2.78,2.45,2.75,1.69,1.91,1.81,1.4,2.58,,,,,,English
Marco Polo,e,11.78,t,8.87,a,8.62,i,7.64,n,7.44,o,7.39,s,6.56,r,6.24,h,5.79,l,3.77,11.78,8.87,7.39,8.62,7.44,7.64,6.24,6.56,5.79,3.77,3.67,2.99,2.72,2.37,2.47,1.91,1.89,1.58,1.65,1.55,,,,,,English
Marcus Aurelius,e,11.8,t,10.06,o,8.3,a,7.64,n,7.32,i,7.14,s,6.41,h,6.29,r,6.01,l,3.67,11.8,10.06,8.3,7.64,7.32,7.14,6.01,6.41,6.29,3.67,3.64,2.56,3.18,2.49,2.36,1.71,1.73,2.09,1.45,2.05,,,,,,English
Margaret Alice Murray,e,13.28,t,8.98,a,8.06,i,7.41,n,7.13,o,7.11,s,6.3,r,5.89,h,5.71,l,4.15,13.28,8.98,7.11,8.06,7.13,7.41,5.89,6.3,5.71,4.15,4.04,3.08,2.68,2.33,2.52,1.81,1.79,1.41,1.66,1.89,,,,,,English
Margaret Cobb Rogers,e,13.35,t,9.7,o,7.78,i,7.38,n,7.24,a,6.98,r,6.51,s,6.49,h,4.82,l,3.72,13.35,9.7,7.78,6.98,7.24,7.38,6.51,6.49,4.82,3.72,3.56,3.59,2.31,2.63,2.34,2.54,2.49,1.38,1.38,1.59,,,,,,English
Margaret Stuart Lane,e,12.89,t,8.6,a,8.14,o,7.74,n,6.87,h,6.61,s,6.54,r,6.47,i,6.44,d,4.55,12.89,8.6,7.74,8.14,6.87,6.44,6.47,6.54,6.61,4.06,4.55,2.26,2.53,2.18,2.62,1.41,2.26,1.92,1.36,2.3,,,,,,English
Margaret Wilson,e,12.76,t,9.07,h,7.8,a,7.72,o,7.2,n,6.72,i,6.42,s,6.02,r,5.65,d,4.55,12.76,9.07,7.2,7.72,6.72,6.42,5.65,6.02,7.8,4.26,4.55,2.17,2.72,1.98,2.47,1.32,2.4,2.05,1.67,2.87,,,,,,English
Margery Williams,e,12.37,t,9.86,o,7.73,a,7.53,n,6.83,i,6.66,r,6.3,h,5.44,s,5.41,d,4.25,12.37,9.86,7.73,7.53,6.83,6.66,6.3,5.41,5.44,3.98,4.25,2.75,2.92,2.06,2.2,2.14,2.35,2.17,2.34,2.24,,,,,,English
Maria Edgeworth,e,11.71,t,8.61,o,8.34,a,7.98,n,7.04,i,6.64,r,6.3,s,6.1,h,5.93,d,4.65,11.71,8.61,8.34,7.98,7.04,6.64,6.3,6.1,5.93,4.31,4.65,2.56,2.95,2.13,2.75,1.61,1.96,2.44,1.74,2.15,,,,,,English
Marie Belloc Lowndes,e,12.67,t,9.37,a,8.05,o,7.75,n,6.53,h,6.5,i,6.45,s,6.1,r,5.99,d,4.25,12.67,9.37,7.75,8.05,6.53,6.45,5.99,6.1,6.5,4.19,4.25,2.38,2.83,2.07,2.58,1.48,2.16,2.28,1.4,2.5,,,,,,English
Mark Twain,e,12.22,t,9.52,a,8.3,o,7.57,n,7.11,i,6.94,s,6.12,h,6.11,r,5.66,d,4.6,12.22,9.52,7.57,8.3,7.11,6.94,5.66,6.12,6.11,3.95,4.6,2.35,2.94,2.21,2.43,1.67,2.07,2.03,1.5,2.49,,,,,,English
Mark Twain (Samuel Clemens),e,12.23,t,9.46,a,8.28,o,7.59,n,7.14,i,6.85,s,6.2,h,5.96,r,5.69,d,4.56,12.23,9.46,7.59,8.28,7.14,6.85,5.69,6.2,5.96,3.97,4.56,2.45,2.87,2.22,2.43,1.77,2.14,1.96,1.55,2.41,,,,,,English
Mark Twain and Charles Dudley Warner,e,12.23,t,9.46,a,8.06,o,7.74,n,7.11,i,6.9,h,6.38,s,6.2,r,5.7,l,4.26,12.23,9.46,7.74,8.06,7.11,6.9,5.7,6.2,6.38,4.26,4.26,2.34,2.88,2.14,2.37,1.83,2.0,2.01,1.45,2.5,,,,,,English
Marsden Hartley,e,12.7,t,9.48,i,8.15,a,7.68,o,7.43,n,6.96,s,6.87,r,6.13,h,5.75,l,3.96,12.7,9.48,7.43,7.68,6.96,8.15,6.13,6.87,5.75,3.96,3.21,2.85,2.47,2.82,2.49,1.95,1.82,1.84,1.22,1.96,,,,,,English
Martin Dobrizhoffer,e,12.56,t,9.18,a,8.11,o,7.29,i,6.96,n,6.67,s,6.67,r,6.52,h,6.06,d,3.96,12.56,9.18,7.29,8.11,6.67,6.96,6.52,6.67,6.06,3.65,3.96,2.63,3.05,2.59,2.23,1.91,1.92,1.96,1.66,1.96,,,,,,English
Martin Luther,e,12.58,t,9.9,o,8.03,a,7.27,s,7.02,i,6.89,h,6.72,n,6.25,r,5.85,l,3.95,12.58,9.9,8.03,7.27,6.25,6.89,5.85,7.02,6.72,3.95,3.58,2.77,2.9,2.65,2.13,1.9,1.95,1.81,1.45,2.29,,,,,,English
Mary E. Wilkins Freeman,e,12.57,t,8.97,a,8.18,o,7.41,n,7.32,h,6.57,s,6.32,r,6.27,i,6.11,d,4.6,12.57,8.97,7.41,8.18,7.32,6.11,6.27,6.32,6.57,3.93,4.6,2.4,2.65,2.09,2.31,1.9,2.21,1.82,1.6,2.55,,,,,,English
Mary Elizabeth Braddon,e,12.47,t,8.7,a,8.13,o,7.78,n,6.65,h,6.65,i,6.55,r,6.1,s,6.06,d,4.58,12.47,8.7,7.78,8.13,6.65,6.55,6.1,6.06,6.65,4.15,4.58,2.29,2.88,2.29,2.55,1.59,2.02,2.28,1.62,2.36,,,,,,English
Mary Fox,e,12.79,t,9.48,o,7.98,a,7.65,i,7.17,n,7.13,s,6.5,r,6.2,h,5.3,l,3.79,12.79,9.48,7.98,7.65,7.13,7.17,6.2,6.5,5.3,3.79,3.75,3.2,2.97,2.48,2.38,2.03,1.8,1.84,1.52,1.8,,,,,,English
Mary Graham Bonner,e,12.8,t,9.17,a,8.28,o,7.59,h,6.54,n,6.22,i,6.14,s,5.93,r,5.44,d,4.79,12.8,9.17,7.59,8.28,6.22,6.14,5.44,5.93,6.54,4.56,4.79,2.09,2.88,1.94,2.41,1.55,2.11,2.56,1.74,2.7,,,,,,English
Mary J. Holmes,e,12.58,t,8.47,a,8.42,o,7.26,n,7.23,h,7.17,i,6.59,s,6.26,r,5.82,d,4.86,12.58,8.47,7.26,8.42,7.23,6.59,5.82,6.26,7.17,3.93,4.86,2.24,2.53,2.01,2.43,1.47,2.06,1.98,1.34,2.87,,,,,,English
Mary Jane Holmes,e,12.57,t,8.52,a,8.33,o,7.45,h,7.2,n,7.03,i,6.63,s,6.07,r,5.79,d,4.92,12.57,8.52,7.45,8.33,7.03,6.63,5.79,6.07,7.2,3.87,4.92,2.27,2.51,2.18,2.56,1.47,2.01,1.98,1.33,2.83,,,,,,English
Mary Johnston,e,12.26,a,9.39,t,8.89,o,7.37,n,7.37,i,6.43,h,6.34,s,5.93,r,5.81,d,5.17,12.26,8.89,7.37,9.39,7.37,6.43,5.81,5.93,6.34,3.9,5.17,2.13,2.75,1.96,2.41,1.51,2.32,1.56,1.48,2.78,,,,,,English
Mary L. (Lilian) Read,e,11.76,t,8.27,i,8.02,o,7.7,a,7.57,n,7.2,s,6.92,r,6.56,l,4.7,h,4.33,11.76,8.27,7.7,7.57,7.2,8.02,6.56,6.92,4.33,4.7,3.96,3.57,2.78,2.43,2.43,2.26,2.33,1.84,1.65,1.35,,,,,,English
Mary Lois Kissell,e,12.18,t,9.84,o,7.95,i,7.47,a,7.17,r,7.07,n,6.79,s,5.57,h,4.33,d,3.57,12.18,9.84,7.95,7.17,6.79,7.47,7.07,5.57,4.33,3.48,3.57,3.33,3.03,2.64,2.37,2.57,2.5,1.71,1.79,2.1,,,,,,English
Mary Shelley,e,13.21,t,8.76,a,7.68,o,7.26,i,7.09,n,7.01,s,6.04,r,5.95,h,5.68,d,4.84,13.21,8.76,7.26,7.68,7.01,7.09,5.95,6.04,5.68,3.65,4.84,2.67,2.99,2.5,3.04,1.76,1.71,2.3,1.44,2.21,,,,,,English
Mary W. Shelley,e,13.2,t,8.74,a,7.66,o,7.29,i,7.08,n,7.01,s,6.09,r,5.98,h,5.68,d,4.82,13.2,8.74,7.29,7.66,7.01,7.08,5.98,6.09,5.68,3.65,4.82,2.66,2.99,2.52,3.04,1.76,1.73,2.27,1.44,2.2,,,,,,English
Mary Wollstonecraft Shelley,e,13.24,t,8.74,a,7.68,o,7.25,i,7.06,n,7.0,s,6.08,r,5.99,h,5.67,d,4.84,13.24,8.74,7.25,7.68,7.0,7.06,5.99,6.08,5.67,3.65,4.84,2.66,2.99,2.5,3.04,1.76,1.71,2.27,1.44,2.2,,,,,,English
Mary Wollstonecraft [Godwin],e,12.92,t,9.65,o,7.55,a,7.38,i,7.24,n,7.15,s,6.55,r,6.14,h,5.51,l,3.82,12.92,9.65,7.55,7.38,7.15,7.24,6.14,6.55,5.51,3.82,3.65,2.91,3.05,2.58,2.67,1.85,1.61,1.97,1.62,1.85,,,,,,English
Massachusetts Homoeopathic Medical Society,e,12.85,t,9.66,o,8.19,i,7.35,a,7.06,r,6.58,n,6.41,s,5.82,h,4.3,c,4.21,12.85,9.66,8.19,7.06,6.41,7.35,6.58,5.82,4.3,3.55,3.51,4.21,2.71,2.47,3.17,2.54,2.06,2.09,1.78,1.31,,,,,,English
Matthew Turner,e,12.51,t,10.09,o,7.8,i,7.72,a,7.3,r,6.77,n,6.67,s,5.68,h,4.44,d,3.63,12.51,10.09,7.8,7.3,6.67,7.72,6.77,5.68,4.44,3.61,3.63,3.4,2.91,2.5,2.4,2.68,2.05,1.98,1.83,1.55,,,,,,English
Maurice Le Blanc,e,12.89,t,9.27,a,7.96,o,7.8,h,6.87,n,6.73,i,6.65,s,6.17,r,5.8,d,4.3,12.89,9.27,7.8,7.96,6.73,6.65,5.8,6.17,6.87,3.77,4.3,2.52,2.98,2.27,2.38,1.66,1.99,1.93,1.48,2.28,,,,,,English
Maurice Leblanc,e,13.06,t,9.23,a,7.83,o,7.6,n,6.85,i,6.76,h,6.39,s,6.1,r,5.78,d,4.44,13.06,9.23,7.6,7.83,6.85,6.76,5.78,6.1,6.39,3.96,4.44,2.64,2.99,2.05,2.64,1.87,1.83,1.86,1.37,2.27,,,,,,English
Max Millard,e,12.26,t,8.8,a,8.39,o,7.6,i,7.42,n,6.98,s,6.89,r,6.33,h,5.32,l,3.89,12.26,8.8,7.6,8.39,6.98,7.42,6.33,6.89,5.32,3.89,3.57,2.85,2.51,2.11,2.64,1.94,2.07,2.09,1.59,2.13,,,,,,English
May Agnes Fleming,e,12.1,a,8.15,t,7.97,o,7.62,i,7.1,n,6.74,s,6.41,r,6.34,h,6.04,d,4.86,12.1,7.97,7.62,8.15,6.74,7.1,6.34,6.41,6.04,4.5,4.86,2.15,2.91,2.17,2.55,1.56,2.63,2.22,1.3,2.35,,,,,,English
Michael Fitzgerald,e,12.38,t,9.8,o,7.95,a,7.82,n,6.76,i,6.63,h,6.15,s,6.12,r,6.06,d,3.88,12.38,9.8,7.95,7.82,6.76,6.63,6.06,6.12,6.15,3.61,3.88,2.64,2.75,2.35,2.49,2.1,2.1,2.2,1.56,2.41,,,,,,English
Michel de Montaigne,e,12.27,t,9.66,o,7.97,a,7.84,i,7.34,n,7.14,s,6.66,h,5.9,r,5.82,d,3.8,12.27,9.66,7.97,7.84,7.14,7.34,5.82,6.66,5.9,3.53,3.8,2.62,3.2,2.45,2.79,1.77,1.73,1.84,1.42,1.89,,,,,,English
Miguel de Cervantes Saavedra,e,12.17,t,9.41,a,8.24,o,8.12,h,6.96,n,6.87,i,6.79,s,6.34,r,5.56,d,4.5,12.17,9.41,8.12,8.24,6.87,6.79,5.56,6.34,6.96,3.72,4.5,2.3,2.78,2.34,2.53,1.47,1.89,1.83,1.42,2.26,,,,,,English
Miss Mulock,e,12.48,t,9.11,a,7.66,o,7.57,n,6.66,h,6.55,i,6.41,r,5.9,s,5.63,l,4.84,12.48,9.11,7.57,7.66,6.66,6.41,5.9,5.63,6.55,4.84,4.75,2.41,2.88,1.92,2.11,1.66,2.47,2.2,1.87,2.49,,,,,,English
Moliere,e,11.75,o,8.86,t,8.46,a,7.89,i,7.53,n,6.91,r,6.31,s,6.0,h,4.86,u,4.13,11.75,8.46,8.86,7.89,6.91,7.53,6.31,6.0,4.86,4.05,3.78,2.57,4.13,1.75,3.46,1.54,1.91,2.51,1.11,1.88,,,,,,English
Molière,e,11.73,t,8.95,o,8.44,a,8.15,i,7.29,r,6.58,n,6.36,s,5.98,h,4.93,l,4.17,11.73,8.95,8.44,8.15,6.36,7.29,6.58,5.98,4.93,4.17,3.6,2.6,3.72,2.01,2.77,1.77,2.43,2.51,1.61,1.93,,,,,,English
Moncure Daniel Conway,e,12.71,t,9.1,a,8.01,i,7.35,o,7.22,n,6.93,s,6.81,h,6.51,r,6.08,d,4.14,12.71,9.1,7.22,8.01,6.93,7.35,6.08,6.81,6.51,3.83,4.14,2.64,2.48,2.45,2.55,1.84,1.96,1.58,1.58,1.95,,,,,,English
Montague Glass,e,11.95,t,8.44,a,8.1,o,8.02,i,6.83,n,6.58,s,6.44,r,6.19,h,5.44,d,4.54,11.95,8.44,8.02,8.1,6.58,6.83,6.19,6.44,5.44,4.29,4.54,2.27,3.4,2.02,3.19,1.52,2.21,2.25,1.58,2.32,,,,,,English
Morley Roberts,e,12.14,t,9.37,a,8.28,o,7.1,i,6.91,h,6.86,n,6.62,s,6.03,r,5.46,d,4.99,12.14,9.37,7.1,8.28,6.62,6.91,5.46,6.03,6.86,3.87,4.99,2.16,2.8,1.92,2.65,,2.05,2.08,1.94,2.68,,,,1.43,,English
Mrs. Alex. McVeigh Miller,e,12.85,t,8.13,a,7.83,o,7.39,i,6.65,r,6.64,n,6.14,h,6.05,s,5.76,l,4.95,12.85,8.13,7.39,7.83,6.14,6.65,6.64,5.76,6.05,4.95,4.74,2.4,2.86,2.11,2.63,1.48,2.2,2.54,1.78,2.3,,,,,,English
Mrs. C. N. Williamson,e,12.61,t,8.79,a,7.9,o,7.75,n,6.71,i,6.71,h,6.59,s,6.16,r,5.98,d,4.22,12.61,8.79,7.75,7.9,6.71,6.71,5.98,6.16,6.59,4.09,4.22,2.49,3.08,2.17,2.61,1.7,2.02,2.16,1.47,2.31,,,,,,English
Mrs. G. de Horne Vaizey,e,12.42,t,8.7,a,7.96,o,7.71,i,6.71,n,6.67,s,6.26,h,6.07,r,6.02,d,4.51,12.42,8.7,7.71,7.96,6.67,6.71,6.02,6.26,6.07,4.35,4.51,2.37,2.97,2.14,2.28,1.93,2.41,2.23,1.47,2.44,,,,,,English
Mrs. Gordon Smythies,e,11.99,t,8.54,o,8.02,a,7.68,i,6.97,n,6.72,s,6.57,r,6.08,h,5.92,l,4.37,11.99,8.54,8.02,7.68,6.72,6.97,6.08,6.57,5.92,4.37,3.94,2.21,3.3,2.22,2.68,1.55,2.14,2.84,1.55,2.21,,,,,,English
Mrs. Isabella Beeton,e,12.73,t,9.46,a,7.68,o,7.52,i,6.92,n,6.53,s,6.51,r,6.31,h,5.11,l,4.4,12.73,9.46,7.52,7.68,6.53,6.92,6.31,6.51,5.11,4.4,4.02,2.79,3.08,2.77,2.47,2.2,1.91,1.49,1.98,1.67,,,,,,English
Mrs. Mary Rowlandson,e,12.29,t,9.72,o,7.78,a,7.77,n,7.01,i,6.88,h,6.67,r,5.62,s,5.43,d,4.74,12.29,9.72,7.78,7.77,7.01,6.88,5.62,5.43,6.67,3.31,4.74,2.2,2.79,2.03,3.21,1.52,2.36,2.1,1.55,2.88,,,,,,English
Mrs. William T. Savage,e,12.76,t,8.81,a,7.7,o,7.55,n,7.15,i,6.93,r,6.25,h,6.19,s,6.18,d,4.45,12.76,8.81,7.55,7.7,7.15,6.93,6.25,6.18,6.19,3.8,4.45,2.59,2.81,2.34,2.78,1.77,2.06,1.93,1.49,2.12,,,,,,English
Murasaki,e,12.97,t,9.21,a,7.69,o,7.43,h,7.08,n,6.76,i,6.71,s,6.51,r,5.66,d,4.34,12.97,9.21,7.43,7.69,6.76,6.71,5.66,6.51,7.08,3.79,4.34,2.32,2.9,2.04,2.49,1.62,2.22,1.85,1.45,2.52,,,,,,English
Muḥammad ibn ʻUmar Tūnisī,e,12.94,t,9.16,a,8.53,o,7.43,n,6.65,i,6.48,s,6.46,h,6.36,r,6.28,d,4.41,12.94,9.16,7.43,8.53,6.65,6.48,6.28,6.46,6.36,3.55,4.41,2.5,2.77,2.63,2.57,1.79,1.78,1.69,1.51,2.09,,,,,,English
Nahum Sokolow,e,12.42,t,9.06,i,8.37,a,7.83,o,7.58,n,7.4,s,6.64,r,6.05,h,5.53,l,3.94,12.42,9.06,7.58,7.83,7.4,8.37,6.05,6.64,5.53,3.94,3.64,2.86,2.44,2.45,2.41,2.09,1.56,1.43,1.53,1.87,,,,,,English
Nathaniel C. Fowler,e,12.04,t,9.03,a,8.3,o,7.66,i,7.4,n,7.1,s,6.62,r,6.37,h,4.57,l,4.21,12.04,9.03,7.66,8.3,7.1,7.4,6.37,6.62,4.57,4.21,3.71,3.46,2.87,2.34,2.61,2.22,1.93,1.75,1.84,1.63,,,,,,English
Nathaniel Hawthorne,e,12.83,t,9.17,a,7.77,o,7.39,i,6.89,n,6.66,h,6.59,s,6.29,r,6.12,d,4.2,12.83,9.17,7.39,7.77,6.66,6.89,6.12,6.29,6.59,4.1,4.2,2.58,2.72,2.52,2.57,1.87,1.97,1.75,1.58,2.29,,,,,,English
Nathaniel W. Stephenson,e,12.59,t,9.94,o,7.93,a,7.7,n,7.4,i,7.27,s,6.45,r,6.08,h,5.63,l,3.84,12.59,9.94,7.93,7.7,7.4,7.27,6.08,6.45,5.63,3.84,3.71,3.19,2.57,2.47,2.4,2.14,1.72,1.56,1.42,2.05,,,,,,English
Natt Noyes Dodge,e,11.56,t,8.32,a,8.31,o,8.02,s,7.24,i,7.09,r,6.93,n,6.76,l,5.09,h,3.73,11.56,8.32,8.02,8.31,6.76,7.09,6.93,7.24,3.73,5.09,3.38,3.38,3.12,2.48,2.67,2.39,2.08,1.73,1.69,1.73,,,,,,English
Nephi Anderson,e,13.04,t,9.25,o,7.69,a,7.67,h,6.85,n,6.74,i,6.64,s,6.17,r,6.12,d,4.4,13.04,9.25,7.69,7.67,6.74,6.64,6.12,6.17,6.85,3.96,4.4,2.21,2.84,2.17,2.42,1.66,2.15,1.91,1.42,2.55,,,,,,English
Nesta H. Webster,e,12.75,t,9.51,a,7.7,i,7.66,o,7.54,n,6.91,s,6.79,r,6.41,h,5.63,l,3.78,12.75,9.51,7.54,7.7,6.91,7.66,6.41,6.79,5.63,3.78,3.72,3.19,2.49,2.45,2.58,1.93,1.71,1.61,1.57,1.73,,,,,,English
Nicholas Culpeper,e,12.49,t,8.71,o,7.73,a,7.69,s,7.09,n,6.78,i,6.75,r,6.29,h,5.52,l,4.51,12.49,8.71,7.73,7.69,6.78,6.75,6.29,7.09,5.52,4.51,4.19,2.75,2.9,2.5,2.45,2.15,2.03,1.68,1.66,1.86,,,,,,English
Nicolo Machiavelli,e,12.89,t,9.34,o,7.84,a,7.6,i,7.41,n,7.04,h,6.43,s,6.1,r,5.95,d,4.07,12.89,9.34,7.84,7.6,7.04,7.41,5.95,6.1,6.43,3.48,4.07,3.17,2.73,2.47,2.39,1.79,1.72,1.78,1.57,2.04,,,,,,English
Nikolai Vasilievich Gogol,e,12.34,t,9.09,o,7.9,a,7.9,i,6.93,n,6.81,h,6.62,s,6.28,r,5.77,d,4.3,12.34,9.09,7.9,7.9,6.81,6.93,5.77,6.28,6.62,3.9,4.3,2.75,2.85,2.31,2.3,1.77,1.94,1.84,1.44,2.18,,,,,,English
Nikolay Rimsky-Korsakov,e,11.85,t,9.09,o,8.6,s,7.41,i,7.39,n,7.33,a,7.07,r,6.65,h,4.5,l,4.01,11.85,9.09,8.6,7.07,7.33,7.39,6.65,7.41,4.5,4.01,3.66,3.59,2.65,2.51,2.66,2.29,1.84,1.34,1.79,1.26,,,,,,English
Norman Duncan,e,12.23,t,9.82,a,8.1,o,7.28,h,7.03,i,6.7,n,6.21,s,5.77,r,5.51,d,4.51,12.23,9.82,7.28,8.1,6.21,6.7,5.51,5.77,7.03,4.23,4.51,2.53,2.67,2.41,2.07,1.88,2.16,1.84,1.96,2.77,,,,,,English
O. Henry,e,12.07,t,9.69,o,8.34,a,7.16,i,7.0,r,6.82,n,6.58,s,5.36,h,4.52,d,3.95,12.07,9.69,8.34,7.16,6.58,7.0,6.82,5.36,4.52,3.71,3.95,3.33,3.09,2.35,2.41,2.4,2.48,2.28,1.68,2.15,,,,,,English
Office of Strategic Services,e,11.81,t,9.34,o,8.04,a,7.76,i,7.59,n,6.99,r,6.72,s,6.3,l,4.28,h,3.78,11.81,9.34,8.04,7.76,6.99,7.59,6.72,6.3,3.78,4.28,3.33,3.57,3.18,2.23,2.4,2.45,2.37,1.92,1.87,1.8,,,,,,English
Olaudah Equiano,e,12.89,t,9.1,a,8.04,o,7.67,n,7.02,i,6.82,s,6.07,h,5.95,r,5.94,d,4.56,12.89,9.1,7.67,8.04,7.02,6.82,5.94,6.07,5.95,3.52,4.56,2.38,2.6,2.41,3.08,1.75,2.05,1.89,1.41,2.57,,,,,,English
Oliver Goldsmith,e,11.72,t,8.75,o,8.1,a,7.94,s,6.74,i,6.66,n,6.46,r,6.33,h,5.33,l,4.36,11.72,8.75,8.1,7.94,6.46,6.66,6.33,6.74,5.33,4.36,3.65,2.62,3.45,2.03,3.41,1.64,1.96,2.88,1.5,2.04,,,,,,English
Oliver Optic,e,12.94,t,9.62,a,8.29,o,7.52,i,6.71,n,6.7,h,6.49,s,6.09,r,6.05,d,4.46,12.94,9.62,7.52,8.29,6.7,6.71,6.05,6.09,6.49,3.71,4.46,2.58,2.68,2.33,2.52,1.83,1.87,1.77,1.58,2.02,,,,,,English
"Oliver Wendell Holmes, Jr",e,12.66,t,10.12,a,7.98,o,7.51,i,7.35,n,7.2,s,6.71,r,5.74,h,5.65,l,3.72,12.66,10.12,7.51,7.98,7.2,7.35,5.74,6.71,5.65,3.72,3.65,3.47,2.57,2.53,2.18,1.93,1.61,1.5,1.78,2.02,,,,,,English
"Oliver Wendell Holmes, Sr",e,11.87,t,9.64,o,8.33,a,7.14,r,6.98,n,6.84,i,6.82,s,5.73,h,4.83,l,4.0,11.87,9.64,8.33,7.14,6.84,6.82,6.98,5.73,4.83,4.0,3.98,3.08,3.22,2.36,2.2,2.26,2.34,2.02,1.79,2.1,,,,,,English
Omar Khayyam,e,11.92,t,9.11,o,7.94,a,7.7,i,7.24,n,6.87,r,6.38,s,6.12,h,5.64,d,4.03,11.92,9.11,7.94,7.7,6.87,7.24,6.38,6.12,5.64,3.99,4.03,2.49,2.97,2.41,2.54,2.02,1.9,1.88,1.49,2.27,,,,,,English
Orson Pratt,e,12.43,t,10.28,i,8.1,o,7.68,a,7.6,s,7.19,n,7.06,r,5.9,h,5.13,l,3.66,12.43,10.28,7.68,7.6,7.06,8.1,5.9,7.19,5.13,3.66,3.23,3.04,2.69,2.56,2.62,2.17,1.54,1.74,1.84,1.59,,,,,,English
Oscar Wilde,e,12.11,t,8.83,o,8.03,a,7.8,i,7.0,n,6.64,r,6.42,s,6.06,h,5.82,l,4.5,12.11,8.83,8.03,7.8,6.64,7.0,6.42,6.06,5.82,4.5,4.17,2.44,2.88,2.09,2.67,1.66,2.16,2.43,1.51,2.36,,,,,,English
Ovid,e,13.35,t,9.47,o,8.36,a,7.23,s,6.91,i,6.44,h,6.31,n,6.31,r,6.07,l,3.76,13.35,9.47,8.36,7.23,6.31,6.44,6.07,6.91,6.31,3.76,3.63,2.48,3.07,2.48,2.4,1.81,1.69,1.98,1.72,2.12,,,,,,English
Owen Rowe O'Neil,e,12.64,t,9.42,a,8.4,o,7.5,n,6.77,i,6.73,h,6.18,s,6.07,r,5.52,d,4.61,12.64,9.42,7.5,8.4,6.77,6.73,5.52,6.07,6.18,3.81,4.61,2.2,3.02,2.13,2.59,1.41,2.02,1.73,1.73,2.81,,,,,,English
P. G. Wodehouse,e,11.93,t,9.62,o,7.95,a,7.92,i,7.41,n,6.54,s,6.13,h,5.87,r,5.15,d,4.25,11.93,9.62,7.95,7.92,6.54,7.41,5.15,6.13,5.87,4.07,4.25,2.27,3.09,2.05,2.56,1.71,2.45,2.33,1.72,2.36,,,,,,English
P. T. Barnum,e,12.16,t,9.21,o,8.07,a,7.7,n,7.26,i,7.15,s,6.38,r,6.01,h,5.26,l,3.94,12.16,9.21,8.07,7.7,7.26,7.15,6.01,6.38,5.26,3.94,3.74,2.82,3.26,2.19,2.45,2.09,2.02,2.39,1.54,1.92,,,,,,English
Paramhansa Yogananda,e,12.12,a,8.45,t,8.43,i,7.85,o,7.15,n,6.88,s,6.79,r,6.24,h,5.26,l,4.26,12.12,8.43,7.15,8.45,6.88,7.85,6.24,6.79,5.26,4.26,3.95,2.66,2.91,2.39,2.88,1.75,2.08,2.3,1.46,1.86,,,,,,English
Patrick Chalmers,e,12.44,t,9.36,o,7.9,a,7.5,i,7.0,n,6.82,s,6.45,r,6.39,h,5.24,l,3.96,12.44,9.36,7.9,7.5,6.82,7.0,6.39,6.45,5.24,3.96,3.63,3.17,2.53,2.63,3.04,3.09,1.75,1.72,1.57,1.64,,,,,,English
Patrick Russell,e,11.99,t,10.08,o,8.22,i,7.31,a,7.23,n,7.16,r,6.64,s,6.02,h,5.38,l,3.64,11.99,10.08,8.22,7.23,7.16,7.31,6.64,6.02,5.38,3.64,3.44,3.12,2.72,2.44,2.44,2.24,2.35,1.99,1.54,1.64,,,,,,English
Paul M. A. Linebarger,e,11.98,t,8.99,a,8.59,o,7.83,i,7.77,n,7.24,r,6.41,s,6.33,h,4.61,l,4.0,11.98,8.99,7.83,8.59,7.24,7.77,6.41,6.33,4.61,4.0,3.51,3.46,2.51,2.53,2.63,2.73,2.04,1.63,1.32,1.77,,,,,,English
Paul P. de La Gironi__re,e,12.68,t,9.13,a,8.2,o,7.57,i,7.03,n,6.81,s,6.24,r,5.93,h,5.82,d,4.45,12.68,9.13,7.57,8.2,6.81,7.03,5.93,6.24,5.82,3.7,4.45,2.58,2.88,2.52,2.78,1.84,1.9,1.91,1.41,2.31,,,,,,English
Pedro Calderon de la Barca,e,11.22,t,8.77,o,8.51,a,7.54,i,6.91,n,6.72,s,6.48,r,6.25,h,5.61,l,4.43,11.22,8.77,8.51,7.54,6.72,6.91,6.25,6.48,5.61,4.43,3.84,2.64,3.22,2.45,2.74,1.75,2.21,2.38,1.52,2.54,,,,,,English
Pedro Sancho,e,12.28,t,9.6,a,8.74,o,7.59,h,7.12,n,6.74,i,6.74,r,6.0,s,5.76,d,4.51,12.28,9.6,7.59,8.74,6.74,6.74,6.0,5.76,7.12,3.3,4.51,3.11,2.56,2.21,2.41,1.73,1.93,1.66,1.33,2.26,,,,,,English
Peninsular and Oriental Steam Navigation Company,,,,,,,,,,,,,,,,,,,,,,,,,,,,,,,,,,,,,,,,,,,,,,English
Percy Bysshe Shelley,e,12.75,t,9.81,i,8.04,o,7.82,n,7.22,a,7.22,s,6.65,r,5.94,h,5.56,d,3.55,12.75,9.81,7.82,7.22,7.22,8.04,5.94,6.65,5.56,3.46,3.55,3.48,2.81,2.65,2.47,2.26,1.66,1.47,1.42,1.74,,,,,,English
Percy F. Westerman,e,12.82,t,9.31,a,7.7,o,7.4,n,6.8,i,6.68,r,6.25,s,5.89,h,5.84,d,4.23,12.82,9.31,7.4,7.7,6.8,6.68,6.25,5.89,5.84,4.05,4.23,2.58,2.98,2.54,2.37,2.06,2.32,1.69,1.7,2.17,,,,,,English
Percy Greg,e,13.23,t,9.18,a,7.79,o,7.61,n,6.85,i,6.76,r,6.3,s,6.19,h,5.76,d,4.08,13.23,9.18,7.61,7.79,6.85,6.76,6.3,6.19,5.76,4.0,4.08,2.96,2.99,2.53,2.54,1.85,1.69,1.94,1.43,2.01,,,,,,English
Peter Baily,e,11.89,t,9.79,o,8.03,a,7.23,i,7.11,n,6.73,r,6.44,s,5.34,h,4.64,l,3.91,11.89,9.79,8.03,7.23,6.73,7.11,6.44,5.34,4.64,3.91,3.69,3.4,3.35,2.36,2.32,2.39,2.52,2.09,1.74,2.35,,,,,,English
Peter C. Welsh,e,11.93,t,9.28,o,7.8,a,7.73,i,7.52,n,7.34,r,6.59,s,6.22,h,4.54,l,4.35,11.93,9.28,7.8,7.73,7.34,7.52,6.59,6.22,4.54,4.35,3.85,3.63,2.79,2.51,2.35,2.55,2.1,1.47,1.59,1.5,,,,,,English
Peter Mark Roget,e,11.39,a,7.96,o,7.9,t,7.79,i,7.46,n,7.21,r,6.73,s,6.6,l,4.63,c,4.61,11.39,7.79,7.9,7.96,7.21,7.46,6.73,6.6,2.9,4.63,3.53,4.61,3.54,2.05,2.54,2.8,2.19,1.48,2.43,,,1.29,,,,English
Petronius Arbiter,e,12.49,t,9.16,a,7.79,o,7.67,i,6.89,n,6.71,s,6.53,h,6.26,r,5.97,d,4.18,12.49,9.16,7.67,7.79,6.71,6.89,5.97,6.53,6.26,3.92,4.18,2.63,3.16,2.35,2.51,1.92,1.95,1.94,1.51,2.25,,,,,,English
Philip Gibbs,e,12.27,t,8.89,a,8.38,o,7.49,i,7.1,n,7.07,s,6.2,r,6.12,h,5.83,d,4.57,12.27,8.89,7.49,8.38,7.07,7.1,6.12,6.2,5.83,3.98,4.57,2.57,2.54,2.54,2.52,1.82,2.14,1.77,1.48,2.54,,,,,,English
Philip Kindred Dick,e,12.27,t,9.25,o,7.52,a,7.31,i,7.14,n,6.63,r,6.25,s,6.13,h,5.62,d,4.47,12.27,9.25,7.52,7.31,6.63,7.14,6.25,6.13,5.62,3.7,4.47,2.95,3.11,2.02,2.35,1.98,2.49,2.12,1.64,2.39,,,,,,English
Philip Sidney,e,12.65,t,9.15,o,7.7,a,7.22,h,7.18,i,6.82,s,6.6,n,6.51,r,5.73,d,4.01,12.65,9.15,7.7,7.22,6.51,6.82,5.73,6.6,7.18,3.89,4.01,2.39,3.19,2.47,2.67,1.6,2.02,1.98,1.61,2.44,,,,,,English
Phillips Brooks,e,12.4,t,10.2,i,7.78,o,7.71,a,7.18,h,7.11,n,6.93,s,6.4,r,5.36,l,3.82,12.4,10.2,7.71,7.18,6.93,7.78,5.36,6.4,7.11,3.82,3.56,2.41,2.74,2.66,2.56,1.53,1.86,1.92,1.43,2.38,,,,,,English
Phillips Morris,e,12.38,t,9.22,a,8.25,o,7.86,n,7.22,i,6.91,r,6.72,s,6.62,h,5.23,l,4.18,12.38,9.22,7.86,8.25,7.22,6.91,6.72,6.62,5.23,4.18,3.75,2.95,2.76,2.41,2.31,1.91,1.92,1.89,1.55,1.77,,,,,,English
Pierre Bayle,e,12.65,t,8.75,o,8.14,a,7.54,i,7.08,s,6.62,n,6.44,r,6.05,h,5.86,l,3.94,12.65,8.75,8.14,7.54,6.44,7.08,6.05,6.62,5.86,3.94,3.84,2.52,3.37,2.51,2.83,1.83,1.73,2.38,1.55,2.09,,,,,,English
Plato,e,12.81,t,9.45,a,7.94,o,7.8,i,7.18,n,7.07,s,6.5,h,6.43,r,5.85,l,3.8,12.81,9.45,7.8,7.94,7.07,7.18,5.85,6.5,6.43,3.8,3.75,2.67,2.82,2.4,2.39,1.78,1.78,1.92,1.52,2.1,,,,,,English
Pliny the Elder,e,12.36,t,9.68,a,8.37,i,7.77,o,7.55,n,7.01,s,6.93,r,6.08,h,5.77,l,3.63,12.36,9.68,7.55,8.37,7.01,7.77,6.08,6.93,5.77,3.63,3.3,3.05,2.73,2.49,2.62,2.07,1.42,1.49,1.61,1.65,,,,,,English
Plutarch,e,12.52,t,9.24,a,8.04,o,7.65,i,7.1,n,6.97,s,6.92,h,6.2,r,5.87,d,4.2,12.52,9.24,7.65,8.04,6.97,7.1,5.87,6.92,6.2,3.61,4.2,2.49,2.93,2.42,2.49,1.89,1.87,1.78,1.58,2.02,,,,,,English
Prosper M__rim__e,e,12.54,t,8.99,a,7.97,o,7.89,i,6.95,n,6.49,h,6.36,s,6.24,r,5.68,d,4.5,12.54,8.99,7.89,7.97,6.49,6.95,5.68,6.24,6.36,4.06,4.5,2.56,3.03,2.22,2.66,1.7,1.96,1.91,1.48,2.32,,,,,,English
Publius Ovidius Naso,e,12.84,t,9.31,a,7.73,o,7.66,h,7.1,s,7.07,n,6.77,i,6.69,r,6.14,d,4.13,12.84,9.31,7.66,7.73,6.77,6.69,6.14,7.07,7.1,3.2,4.13,2.42,2.62,2.61,2.3,1.8,1.93,1.58,1.56,2.07,,,,,,English
Queen Victoria,e,12.79,t,9.29,o,8.0,a,7.49,n,6.95,i,6.79,r,6.31,s,6.04,h,5.49,l,4.07,12.79,9.29,8.0,7.49,6.95,6.79,6.31,6.04,5.49,4.07,3.96,2.8,3.25,2.26,2.62,1.9,1.79,2.2,1.66,1.74,,,,,,English
R. A. Torrey,e,12.34,t,10.3,i,8.03,o,7.65,h,7.19,a,6.92,s,6.57,n,6.43,r,5.71,l,3.68,12.34,10.3,7.65,6.92,6.43,8.03,5.71,6.57,7.19,3.68,3.62,2.23,2.58,2.33,2.1,2.16,1.87,2.07,1.36,2.43,,,,,,English
R. Austin Freeman,e,12.63,t,9.67,a,7.97,o,7.51,n,6.8,i,6.7,h,6.3,s,5.94,r,5.64,d,4.73,12.63,9.67,7.51,7.97,6.8,6.7,5.64,5.94,6.3,3.9,4.73,2.65,2.83,2.21,2.28,2.11,1.94,1.93,1.56,2.23,,,,,,English
R. H. Tawney,e,11.92,t,9.91,i,8.5,o,8.05,a,7.12,n,7.1,s,6.61,r,6.31,h,5.23,c,3.64,11.92,9.91,8.05,7.12,7.1,8.5,6.31,6.61,5.23,3.48,3.43,3.64,2.7,2.61,2.35,2.41,1.53,1.8,1.53,1.73,,,,,,English
Rabindranath Tagore,e,12.19,t,9.14,a,7.95,o,7.8,i,7.02,n,6.87,s,6.1,h,6.07,r,5.94,d,4.24,12.19,9.14,7.8,7.95,6.87,7.02,5.94,6.1,6.07,3.87,4.24,2.38,2.94,2.4,2.81,1.68,2.2,2.19,1.58,2.38,,,,,,English
Rafael Sabatini,e,12.65,t,9.03,a,8.04,o,7.61,i,7.07,n,6.62,h,6.36,s,6.17,r,5.67,d,4.42,12.65,9.03,7.61,8.04,6.62,7.07,5.67,6.17,6.36,4.13,4.42,2.55,3.34,2.25,2.79,1.72,1.83,2.08,1.44,2.08,,,,,,English
Rainer Maria Rilke,e,12.2,t,9.24,o,7.96,i,7.47,a,7.16,n,6.89,s,6.48,r,6.37,h,5.55,l,4.13,12.2,9.24,7.96,7.16,6.89,7.47,6.37,6.48,5.55,4.13,3.72,2.64,2.79,2.5,2.67,1.99,2.43,1.91,1.43,2.09,,,,,,English
Ralph Henry Barbour,e,12.52,t,9.94,a,8.2,o,7.52,n,6.68,h,6.1,i,6.08,s,5.88,r,5.75,d,4.58,12.52,9.94,7.52,8.2,6.68,6.08,5.75,5.88,6.1,4.24,4.58,2.38,3.01,2.23,2.17,1.72,2.28,2.17,1.59,2.51,,,,,,English
Ralph Waldo Emerson,e,12.62,t,9.62,o,8.03,a,7.72,n,7.25,i,7.23,s,6.91,r,6.03,h,5.75,l,3.83,12.62,9.62,8.03,7.72,7.25,7.23,6.03,6.91,5.75,3.83,3.53,2.87,2.75,2.66,2.45,1.89,1.73,1.72,1.38,1.94,,,,,,English
Rebecca Harding Davis,e,12.27,t,9.24,o,7.92,a,7.28,i,6.87,h,6.72,n,6.6,r,5.98,s,5.9,l,4.25,12.27,9.24,7.92,7.28,6.6,6.87,5.98,5.9,6.72,4.25,4.14,2.53,2.84,2.36,2.43,1.74,2.52,2.03,1.46,2.52,,,,,,English
Rembrandt Peale,e,13.13,t,9.83,o,7.96,a,7.42,n,7.21,i,6.71,r,6.46,s,5.75,h,5.62,d,3.49,13.13,9.83,7.96,7.42,7.21,6.71,6.46,5.75,5.62,3.3,3.49,3.08,2.85,2.82,2.49,2.19,2.03,1.54,1.8,1.96,,,,,,English
René Descartes,e,12.57,t,10.29,o,7.88,i,7.44,a,7.34,n,6.93,s,6.24,h,6.03,r,5.89,d,3.68,12.57,10.29,7.88,7.34,6.93,7.44,5.89,6.24,6.03,3.37,3.68,3.25,2.79,2.54,2.66,1.88,1.76,1.86,1.53,1.87,,,,,,English
Return Ira Holcombe,e,12.44,t,9.19,a,7.79,o,7.77,n,7.38,r,6.73,i,6.39,s,6.07,h,5.02,d,4.62,12.44,9.19,7.77,7.79,7.38,6.39,6.73,6.07,5.02,3.96,4.62,3.16,2.61,2.79,2.6,1.88,2.29,1.81,1.49,1.97,,,,,,English
Rev. John Prichard,e,12.98,t,9.22,o,7.83,a,7.13,r,7.07,n,6.89,i,6.79,s,5.74,h,4.94,l,3.98,12.98,9.22,7.83,7.13,6.89,6.79,7.07,5.74,4.94,3.98,3.98,3.29,2.87,2.46,2.36,2.22,2.22,2.1,1.71,1.93,,,,,,English
Rev. T. De Witt Talmage,e,12.12,t,9.45,o,7.92,a,7.74,n,7.0,i,6.75,s,6.44,h,6.28,r,6.05,l,4.1,12.12,9.45,7.92,7.74,7.0,6.75,6.05,6.44,6.28,4.1,3.87,2.65,3.03,2.43,2.42,1.85,2.12,1.94,1.52,2.13,,,,,,English
Rev. T. M. Eddy,e,12.42,t,9.51,o,7.7,i,7.49,a,7.32,n,7.09,r,6.52,s,6.06,h,5.04,d,3.92,12.42,9.51,7.7,7.32,7.09,7.49,6.52,6.06,5.04,3.87,3.92,3.15,2.97,2.34,2.58,2.16,2.05,1.94,1.68,1.92,,,,,,English
Richard Brinsley Sheridan,e,12.79,t,8.25,o,7.76,a,7.72,r,7.29,i,6.9,s,6.63,n,6.14,h,5.0,l,4.52,12.79,8.25,7.76,7.72,6.14,6.9,7.29,6.63,5.0,4.52,3.52,2.59,3.5,2.0,2.82,1.91,1.54,2.86,1.52,2.11,,,,,,English
Richard C. Fox,e,12.23,t,9.92,o,8.22,a,7.6,r,7.19,i,7.16,n,6.55,s,6.1,h,4.49,l,3.98,12.23,9.92,8.22,7.6,6.55,7.16,7.19,6.1,4.49,3.98,3.83,3.52,2.85,2.66,2.56,2.76,1.96,1.41,1.45,1.28,,,,,,English
Richard Carlile,e,12.0,t,9.82,o,7.94,a,7.69,i,7.57,n,7.24,s,6.46,r,5.99,h,5.44,d,3.67,12.0,9.82,7.94,7.69,7.24,7.57,5.99,6.46,5.44,3.55,3.67,3.4,3.01,2.56,2.75,2.27,1.69,1.72,1.53,1.62,,,,,,English
Richard F. Burton,e,12.41,t,8.83,a,8.61,h,7.32,n,7.2,o,6.93,i,6.69,s,6.14,r,5.65,d,4.95,12.41,8.83,6.93,8.61,7.2,6.69,5.65,6.14,7.32,3.88,4.95,2.14,2.53,2.45,2.68,1.56,1.89,1.87,1.55,2.41,,,,,,English
Richard Folkard,e,12.86,t,8.95,a,8.0,o,7.27,s,6.98,i,6.83,n,6.66,r,6.51,h,6.07,l,4.13,12.86,8.95,7.27,8.0,6.66,6.83,6.51,6.98,6.07,4.13,4.11,2.79,2.61,2.59,2.35,2.02,1.91,1.55,1.65,1.99,,,,,,English
Richard Harding Davis,e,12.22,t,9.34,a,8.52,o,7.75,n,7.06,i,6.85,s,6.08,h,6.0,r,5.98,d,4.35,12.22,9.34,7.75,8.52,7.06,6.85,5.98,6.08,6.0,3.89,4.35,2.53,2.67,2.2,2.42,1.7,2.07,2.01,1.51,2.48,,,,,,English
Richard Henry Stoddard,e,11.88,t,9.69,o,8.64,r,7.24,a,6.99,i,6.75,n,6.74,s,5.37,h,4.41,d,3.78,11.88,9.69,8.64,6.99,6.74,6.75,7.24,5.37,4.41,3.54,3.78,3.56,3.28,2.44,2.45,2.54,2.43,2.02,1.85,2.08,,,,,,English
Richard Johnson,e,11.99,t,8.93,o,8.53,a,7.32,i,7.11,n,6.99,r,6.36,s,6.09,h,5.26,d,4.12,11.99,8.93,8.53,7.32,6.99,7.11,6.36,6.09,5.26,3.72,4.12,2.78,3.36,2.46,2.36,2.14,1.96,2.53,1.65,1.9,,,,,,English
Richard M. Russell,e,12.86,t,9.95,o,7.93,a,7.73,r,7.19,n,6.92,i,6.59,s,5.54,h,5.08,d,4.13,12.86,9.95,7.93,7.73,6.92,6.59,7.19,5.54,5.08,3.6,4.13,2.76,2.8,2.48,2.31,1.82,2.15,1.75,1.69,2.4,,,,,,English
Richard Sadleir,e,13.04,t,9.33,a,7.93,o,7.46,n,7.12,i,7.02,r,6.26,s,6.23,h,5.74,d,4.0,13.04,9.33,7.46,7.93,7.12,7.02,6.26,6.23,5.74,3.67,4.0,2.9,2.59,2.33,2.47,1.89,1.99,1.75,1.77,2.03,,,,,,English
Richard Wagner,e,12.6,t,9.19,a,7.78,o,7.47,i,7.35,n,6.85,r,6.11,s,6.1,h,5.84,d,4.22,12.6,9.19,7.47,7.78,6.85,7.35,6.11,6.1,5.84,3.73,4.22,3.05,2.78,2.57,2.99,1.93,1.86,1.98,1.34,2.14,,,,,,English
Richmal Crompton,e,11.94,t,9.16,a,7.95,i,7.62,o,7.58,n,6.56,h,6.1,s,6.01,r,5.43,l,4.82,11.94,9.16,7.58,7.95,6.56,7.62,5.43,6.01,6.1,4.82,4.46,2.19,2.93,1.94,2.64,1.65,2.41,2.14,1.45,2.69,,,,,,English
Ritter von Leopold Sacher-Masoch,e,12.72,a,8.15,t,8.1,o,7.47,i,7.2,n,6.84,s,6.32,r,5.87,h,5.67,l,4.49,12.72,8.1,7.47,8.15,6.84,7.2,5.87,6.32,5.67,4.49,4.25,2.25,3.11,2.12,2.94,1.67,1.88,2.56,1.44,2.45,,,,,,English
Robert Burns,e,12.44,a,8.56,t,8.27,o,6.91,n,6.85,r,6.62,i,6.62,s,6.51,h,5.93,l,4.79,12.44,8.27,6.91,8.56,6.85,6.62,6.62,6.51,5.93,4.79,3.88,2.18,2.85,1.92,2.7,1.53,2.26,2.37,1.84,2.6,,,,,,English
Robert E. Howard,e,12.26,t,8.85,a,8.2,o,7.31,n,6.96,i,6.57,h,6.46,s,6.24,r,6.13,d,4.68,12.26,8.85,7.31,8.2,6.96,6.57,6.13,6.24,6.46,4.33,4.68,2.58,2.88,2.2,2.36,1.59,2.31,1.73,1.6,2.32,,,,,,English
Robert Finch,e,12.07,a,8.89,t,8.74,o,7.58,n,7.17,s,7.04,r,6.86,i,6.57,h,4.88,l,4.29,12.07,8.74,7.58,8.89,7.17,6.57,6.86,7.04,4.88,4.29,3.81,3.52,2.54,2.29,2.31,2.32,2.01,1.46,1.67,1.8,,,,,,English
Robert Frost,e,12.56,t,9.66,o,8.29,a,7.26,r,6.54,i,6.53,n,6.51,s,5.87,h,5.63,d,4.14,12.56,9.66,8.29,7.26,6.51,6.53,6.54,5.87,5.63,3.92,4.14,2.5,2.85,2.46,2.29,1.87,2.48,1.94,1.68,2.75,,,,,,English
Robert G. Ingersoll,e,12.69,t,9.97,o,7.94,a,7.57,i,6.86,n,6.72,s,6.4,h,6.36,r,5.9,d,4.43,12.69,9.97,7.94,7.57,6.72,6.86,5.9,6.4,6.36,3.55,4.43,2.59,2.58,2.52,2.21,1.83,1.87,1.57,1.71,2.22,,,,,,English
Robert Lee Berry,e,12.14,t,9.14,o,8.17,a,8.07,i,7.4,n,6.68,s,6.41,r,5.61,h,5.34,l,4.25,12.14,9.14,8.17,8.07,6.68,7.4,5.61,6.41,5.34,4.25,4.03,2.45,3.18,2.43,2.48,1.64,2.2,2.38,1.6,2.06,,,,,,English
Robert Louis Stevenson,e,12.2,t,9.14,a,8.44,o,7.66,n,7.04,i,6.71,h,6.17,s,6.1,r,5.74,d,4.57,12.2,9.14,7.66,8.44,7.04,6.71,5.74,6.1,6.17,4.13,4.57,2.35,2.89,2.28,2.5,1.7,2.04,2.07,1.61,2.45,,,,,,English
Robert M. Rogers,e,12.56,t,9.1,a,8.09,o,7.67,n,7.09,r,6.36,i,6.21,s,5.74,h,5.39,d,4.7,12.56,9.1,7.67,8.09,7.09,6.21,6.36,5.74,5.39,3.92,4.7,2.81,3.03,2.31,2.82,1.88,2.29,1.67,1.54,2.41,,,,,,English
Robert May,e,12.38,t,9.71,a,8.29,o,7.36,n,6.7,i,6.64,s,6.35,r,6.23,h,4.79,l,4.28,12.38,9.71,7.36,8.29,6.7,6.64,6.23,6.35,4.79,4.28,3.93,2.55,2.8,2.38,2.7,2.34,2.27,1.42,2.17,2.14,,,,,,English
Robert Silverberg,e,13.02,t,8.54,a,7.85,o,7.31,n,6.7,i,6.56,s,6.08,h,5.85,r,5.61,d,4.91,13.02,8.54,7.31,7.85,6.7,6.56,5.61,6.08,5.85,4.67,4.91,2.44,3.05,2.07,2.5,1.64,2.22,2.4,1.38,2.44,,,,,,English
Robert Stevenson,e,12.99,t,10.17,o,8.0,a,7.5,n,6.77,i,6.71,r,6.42,h,6.33,s,6.07,d,3.94,12.99,10.17,8.0,7.5,6.77,6.71,6.42,6.07,6.33,3.63,3.94,2.94,2.32,2.84,2.12,1.9,2.05,1.3,1.76,2.08,,,,,,English
Robert W. Chambers,e,12.53,t,8.86,a,7.88,o,7.36,i,7.09,n,6.81,s,6.27,h,6.11,r,5.83,d,4.77,12.53,8.86,7.36,7.88,6.81,7.09,5.83,6.27,6.11,4.27,4.77,2.47,2.96,2.09,2.51,1.7,2.19,2.1,1.51,2.27,,,,,,English
Robertson Osborne,e,12.82,t,9.74,o,7.59,a,7.51,i,6.74,n,6.58,r,6.08,s,5.86,h,5.59,d,4.24,12.82,9.74,7.59,7.51,6.58,6.74,6.08,5.86,5.59,4.07,4.24,2.88,3.23,2.1,2.16,2.2,2.51,1.79,1.54,2.21,,,,,,English
Roget,e,11.62,a,8.13,t,7.95,i,7.59,o,7.37,n,7.36,r,6.86,s,6.05,l,4.74,c,4.7,11.62,7.95,7.37,8.13,7.36,7.59,6.86,6.05,2.95,4.74,3.61,4.7,3.62,2.09,2.59,2.86,2.25,1.51,1.79,,,1.31,,,,English
Romain Rolland,e,12.72,t,9.41,o,7.76,a,7.51,i,7.36,n,6.88,r,6.62,s,6.57,h,5.72,l,3.88,12.72,9.41,7.76,7.51,6.88,7.36,6.62,6.57,5.72,3.88,3.36,2.85,2.91,2.72,2.49,1.88,1.9,1.74,1.47,1.89,,,,,,English
Rosa Luxemburg,e,11.3,t,9.64,o,8.16,a,8.02,i,7.96,n,6.9,s,6.71,r,6.16,h,4.61,l,4.05,11.3,9.64,8.16,8.02,6.9,7.96,6.16,6.71,4.61,4.05,3.46,3.93,3.25,2.63,2.6,2.8,1.43,1.48,1.28,1.42,,,,,,English
Roy Bernard Kester,e,12.64,t,9.53,a,7.89,o,7.84,s,7.29,i,7.27,n,7.16,r,6.36,h,4.4,c,4.2,12.64,9.53,7.84,7.89,7.16,7.27,6.36,7.29,4.4,3.66,3.83,4.2,2.96,2.64,2.22,2.38,1.5,1.3,1.68,1.06,,,,,,English
Roy Chapman Andrews,e,12.62,t,8.96,a,8.28,o,7.39,n,7.0,i,6.61,r,6.07,s,6.02,h,5.9,d,4.36,12.62,8.96,7.39,8.28,7.0,6.61,6.07,6.02,5.9,4.34,4.36,2.59,2.92,2.35,2.45,1.83,2.23,1.72,1.51,2.53,,,,,,English
Rudyard Kipling,e,12.26,t,9.14,a,8.33,o,7.51,i,6.67,n,6.65,h,6.58,s,6.01,r,5.53,d,4.52,12.26,9.14,7.51,8.33,6.65,6.67,5.53,6.01,6.58,4.41,4.52,2.23,2.91,2.16,2.55,1.62,2.18,1.97,1.7,2.5,,,,,,English
Rupert Brooke,e,12.33,t,9.03,a,7.79,o,7.68,n,7.21,r,6.66,i,6.36,s,6.03,h,5.52,d,4.62,12.33,9.03,7.68,7.79,7.21,6.36,6.66,6.03,5.52,4.12,4.62,2.47,2.91,2.17,2.34,1.92,2.56,2.0,1.63,2.26,,,,,,English
Russell H. Conwell,e,12.36,t,9.36,a,8.01,o,7.8,n,7.28,i,7.14,h,6.43,s,6.19,r,5.47,l,4.09,12.36,9.36,7.8,8.01,7.28,7.14,5.47,6.19,6.43,4.09,4.03,2.56,2.74,2.31,2.56,1.73,2.01,2.03,1.33,2.32,,,,,,English
Ruth Lamb,e,12.26,t,9.02,o,8.26,a,7.67,n,6.77,h,6.27,s,6.23,i,6.22,r,6.12,d,4.46,12.26,9.02,8.26,7.67,6.77,6.22,6.12,6.23,6.27,3.94,4.46,2.19,2.86,2.34,2.66,1.64,2.24,2.06,1.8,2.53,,,,,,English
Rutherford Platt,e,12.64,t,9.52,a,8.68,o,8.02,n,6.79,h,6.72,i,6.04,r,5.84,d,5.81,s,4.96,12.64,9.52,8.02,8.68,6.79,6.04,5.84,4.96,6.72,2.91,5.81,2.14,2.79,2.62,2.93,,2.21,1.99,1.4,2.35,,1.26,,,,English
S. F. Cook,e,12.47,t,9.5,a,8.88,o,7.87,n,7.23,i,6.85,r,6.74,s,6.34,h,5.2,l,3.82,12.47,9.5,7.87,8.88,7.23,6.85,6.74,6.34,5.2,3.82,3.67,3.33,2.44,2.32,2.04,2.07,1.72,1.62,1.57,1.76,,,,,,English
S. F. Spear,e,12.66,t,9.26,o,8.12,a,8.0,n,6.54,h,6.24,i,6.07,s,5.94,r,5.74,d,4.6,12.66,9.26,8.12,8.0,6.54,6.07,5.74,5.94,6.24,4.11,4.6,2.28,2.83,2.11,2.11,1.67,2.32,2.22,1.86,2.64,,,,,,English
S. S. Van Dine,e,12.37,t,9.26,a,8.36,o,7.43,n,7.09,i,6.97,s,5.93,h,5.77,r,5.63,d,4.49,12.37,9.26,7.43,8.36,7.09,6.97,5.63,5.93,5.77,4.11,4.49,2.76,2.92,1.92,2.83,1.8,1.93,2.11,1.41,2.14,,,,,,English
S. Weir Mitchell,e,12.82,t,9.13,a,8.45,o,7.74,i,6.65,n,6.53,h,6.45,s,6.38,r,5.64,d,4.57,12.82,9.13,7.74,8.45,6.53,6.65,5.64,6.38,6.45,4.03,4.57,2.4,2.84,2.48,2.48,1.54,1.86,1.49,1.42,2.57,,,,,,English
Saemund Sigfusson and Snorre Sturleson,e,12.13,t,9.1,a,7.54,o,7.49,h,7.18,i,6.81,n,6.63,r,6.44,s,6.38,d,4.67,12.13,9.1,7.49,7.54,6.63,6.81,6.44,6.38,7.18,4.42,4.67,1.92,2.68,2.5,2.4,1.28,2.49,1.53,1.43,2.48,,,,,,English
Saint Augustine,e,12.8,t,10.15,o,7.84,h,7.34,a,7.05,n,6.88,i,6.69,s,6.18,r,5.53,d,4.26,12.8,10.15,7.84,7.05,6.88,6.69,5.53,6.18,7.34,3.45,4.26,2.15,2.89,2.48,2.69,1.27,1.97,2.18,1.72,2.58,,,,,,English
Sam Merwin,e,12.41,t,9.47,o,7.92,a,7.4,i,7.0,n,6.56,r,6.51,s,5.99,h,5.49,d,4.11,12.41,9.47,7.92,7.4,6.56,7.0,6.51,5.99,5.49,3.75,4.11,2.92,2.94,2.31,2.44,2.11,2.3,1.98,1.71,2.19,,,,,,English
Sam Vaknin,e,12.1,t,9.85,o,8.7,r,7.57,i,7.27,n,6.68,a,6.62,s,5.06,c,3.82,d,3.54,12.1,9.85,8.7,6.62,6.68,7.27,7.57,5.06,3.47,3.24,3.54,3.82,3.31,2.55,2.33,2.83,2.66,2.03,1.88,1.81,,,,,,English
Samuel Butler,e,12.78,t,9.51,a,7.85,o,7.67,n,7.1,i,6.9,h,6.34,s,6.07,r,5.65,d,4.04,12.78,9.51,7.67,7.85,7.1,6.9,5.65,6.07,6.34,3.79,4.04,2.7,2.84,2.33,2.6,1.7,1.9,1.98,1.63,2.47,,,,,,English
Samuel Fallows,e,13.36,n,8.78,i,8.14,t,7.76,a,7.56,s,7.09,r,6.58,o,5.72,l,4.39,c,4.2,13.36,7.76,5.72,7.56,8.78,8.14,6.58,7.09,1.52,4.39,3.51,4.2,3.72,1.66,2.42,2.66,1.92,3.2,1.55,,,,,1.41,,English
Samuel Hall Young,e,12.16,t,8.85,a,8.07,o,7.82,n,6.87,i,6.7,s,6.27,h,6.0,r,5.92,d,4.28,12.16,8.85,7.82,8.07,6.87,6.7,5.92,6.27,6.0,4.08,4.28,2.49,2.89,2.44,2.69,1.76,2.3,1.82,1.64,2.45,,,,,,English
Samuel Hopkins,e,12.73,t,10.08,o,7.9,a,7.18,n,7.03,i,6.97,r,6.4,s,5.86,h,5.51,d,3.87,12.73,10.08,7.9,7.18,7.03,6.97,6.4,5.86,5.51,3.23,3.87,2.87,3.2,2.45,2.42,2.17,2.05,1.84,1.75,2.07,,,,,,English
Samuel Johnson,e,12.98,t,9.17,o,7.55,a,7.42,i,7.28,n,7.04,s,6.44,r,5.99,h,5.94,d,4.18,12.98,9.17,7.55,7.42,7.04,7.28,5.99,6.44,5.94,3.55,4.18,2.99,2.9,2.44,2.67,2.04,1.56,2.06,1.38,2.21,,,,,,English
Samuel Pepys,e,12.09,t,9.51,o,7.94,a,7.73,n,7.19,i,6.84,h,6.59,r,5.58,s,5.49,d,4.86,12.09,9.51,7.94,7.73,7.19,6.84,5.58,5.49,6.59,3.71,4.86,2.37,2.34,2.18,3.17,1.52,2.17,2.2,1.81,2.59,,,,,,English
Samuel Richardson,e,11.81,t,8.46,o,8.27,a,8.2,i,6.92,s,6.57,n,6.35,h,5.87,r,5.66,d,4.75,11.81,8.46,8.27,8.2,6.35,6.92,5.66,6.57,5.87,4.01,4.75,1.9,3.34,2.05,3.26,1.63,1.72,2.92,1.55,2.44,,,,,,English
Samuel Taylor Coleridge,e,12.55,t,9.58,o,7.75,i,7.61,a,7.53,n,7.25,s,6.55,r,5.98,h,5.67,l,3.8,12.55,9.58,7.75,7.53,7.25,7.61,5.98,6.55,5.67,3.8,3.75,3.09,2.79,2.58,2.67,2.06,1.7,1.67,1.49,1.82,,,,,,English
Sarah Tytler,e,12.91,t,8.74,a,7.94,n,7.37,o,7.28,i,6.98,s,6.7,r,6.34,h,6.31,l,4.01,12.91,8.74,7.28,7.94,7.37,6.98,6.34,6.7,6.31,4.01,3.74,2.6,2.63,2.33,2.67,1.63,1.99,1.92,1.52,2.05,,,,,,English
Sax Rohmer,e,12.63,t,8.58,a,7.9,o,7.35,i,7.22,n,7.05,h,6.38,s,5.97,r,5.93,d,4.49,12.63,8.58,7.35,7.9,7.05,7.22,5.93,5.97,6.38,4.07,4.49,2.91,2.92,2.08,2.53,1.99,2.01,2.07,1.51,2.13,,,,,,English
Saxo Grammaticus (_Saxo the Learned_),e,12.63,t,9.27,a,7.7,o,7.44,h,7.36,n,6.65,s,6.6,i,6.43,r,6.07,d,4.73,12.63,9.27,7.44,7.7,6.65,6.43,6.07,6.6,7.36,3.68,4.73,2.17,2.65,2.77,2.24,1.49,2.21,1.6,1.7,2.37,,,,,,English
Sepharial,e,12.5,t,9.92,a,7.9,o,7.64,i,7.49,n,7.24,s,6.75,r,5.94,h,5.77,l,3.71,12.5,9.92,7.64,7.9,7.24,7.49,5.94,6.75,5.77,3.71,3.38,3.29,2.88,2.71,2.33,1.9,1.67,1.72,1.44,1.67,,,,,,English
Shelley,e,12.73,t,9.08,a,7.84,o,7.52,i,7.33,n,7.09,s,7.04,r,5.99,h,5.93,l,3.98,12.73,9.08,7.52,7.84,7.09,7.33,5.99,7.04,5.93,3.98,3.94,2.63,2.64,2.42,2.57,2.12,1.77,1.84,1.48,1.93,,,,,,English
Sherburne F. Cook,e,13.1,t,9.18,a,8.54,o,7.6,i,6.99,n,6.87,r,6.6,s,6.4,h,5.28,l,4.0,13.1,9.18,7.6,8.54,6.87,6.99,6.6,6.4,5.28,4.0,3.29,3.09,2.89,2.21,2.59,2.16,1.68,1.53,1.72,1.53,,,,,,English
Sherburne Friend Cook,e,12.81,t,9.29,a,8.39,o,7.93,i,7.09,r,6.48,n,6.47,s,6.34,h,5.05,l,4.19,12.81,9.29,7.93,8.39,6.47,7.09,6.48,6.34,5.05,4.19,3.13,2.8,2.71,2.18,2.96,2.4,1.7,1.67,1.92,1.77,,,,,,English
Sherwood Anderson,e,12.8,t,9.25,a,7.92,o,7.86,n,7.25,h,7.18,i,6.39,s,5.71,r,5.52,d,4.86,12.8,9.25,7.86,7.92,7.25,6.39,5.52,5.71,7.18,3.91,4.86,2.01,2.49,2.18,2.37,1.48,2.5,1.72,1.66,2.78,,,,,,English
Shoghi Effendi,e,12.53,t,9.83,i,7.92,a,7.43,o,7.32,n,7.08,s,6.33,h,6.07,r,5.95,l,3.9,12.53,9.83,7.32,7.43,7.08,7.92,5.95,6.33,6.07,3.9,3.8,3.17,2.8,2.75,2.3,1.89,1.76,1.73,1.55,1.59,,,,,,English
Sigmund Freud,e,12.79,t,9.82,i,7.69,o,7.61,a,7.52,n,7.05,s,6.89,h,5.88,r,5.88,l,3.55,12.79,9.82,7.61,7.52,7.05,7.69,5.88,6.89,5.88,3.55,3.4,3.41,2.7,2.61,2.72,2.02,1.55,1.78,1.36,1.75,,,,,,English
Sinclair Lewis,e,11.96,t,8.95,a,8.0,o,7.68,i,7.12,n,6.91,s,6.01,h,5.99,r,5.81,d,4.41,11.96,8.95,7.68,8.0,6.91,7.12,5.81,6.01,5.99,4.25,4.41,2.67,2.97,2.08,2.55,1.67,2.33,2.11,1.76,2.31,,,,,,English
Sir Arthur Conan Doyle,e,12.38,t,9.1,a,7.93,o,7.89,i,6.84,n,6.51,h,6.48,s,6.02,r,5.84,d,4.35,12.38,9.1,7.89,7.93,6.51,6.84,5.84,6.02,6.48,3.89,4.35,2.56,3.09,2.09,2.94,1.46,1.97,2.12,1.54,2.67,,,,,,English
Sir Arthur Thomas Quiller-Couch,e,12.31,t,9.51,a,7.82,o,7.65,i,7.3,s,6.99,n,6.98,r,6.12,h,5.75,l,3.98,12.31,9.51,7.65,7.82,6.98,7.3,6.12,6.99,5.75,3.98,3.57,2.75,2.72,2.47,2.51,1.93,1.81,1.85,1.65,1.98,,,,,,English
Sir Charles Knowles,e,12.74,t,10.12,a,8.05,o,7.72,n,7.19,r,6.38,i,6.12,h,5.78,s,5.7,d,4.33,12.74,10.12,7.72,8.05,7.19,6.12,6.38,5.7,5.78,3.17,4.33,3.04,2.59,2.56,2.35,2.0,2.13,1.91,1.89,2.06,,,,,,English
Sir James George Frazer,e,13.0,t,9.45,a,7.98,o,7.4,i,7.13,n,6.68,h,6.65,s,6.57,r,6.1,d,3.9,13.0,9.45,7.4,7.98,6.68,7.13,6.1,6.57,6.65,3.71,3.9,2.67,2.44,2.69,2.45,1.88,1.93,1.64,1.61,2.0,,,,,,English
Sir Walter Scott,e,12.72,t,8.86,a,7.98,o,7.56,n,6.72,h,6.59,i,6.53,s,6.34,r,6.22,d,4.59,12.72,8.86,7.56,7.98,6.72,6.53,6.22,6.34,6.59,4.08,4.59,2.61,2.8,2.41,2.55,1.67,1.91,1.94,1.55,2.22,,,,,,English
Snorre,e,12.67,t,9.04,a,8.23,o,7.45,h,7.25,n,6.93,r,6.33,s,6.31,i,6.16,d,4.96,12.67,9.04,7.45,8.23,6.93,6.16,6.33,6.31,7.25,4.09,4.96,1.85,2.32,2.55,2.4,1.24,2.57,1.39,1.41,2.27,,,,,,English
Snorri Sturlason,e,12.36,t,9.11,a,8.51,n,7.39,h,7.38,o,7.18,i,6.25,s,6.12,r,5.83,d,5.1,12.36,9.11,7.18,8.51,7.39,6.25,5.83,6.12,7.38,4.02,5.1,1.76,2.32,2.2,2.42,1.42,2.54,1.5,1.35,2.55,,,,,,English
Solomon Northup,e,12.63,t,8.99,a,8.11,o,7.43,n,7.31,i,6.89,s,6.19,r,6.08,h,5.85,d,4.37,12.63,8.99,7.43,8.11,7.31,6.89,6.08,6.19,5.85,3.84,4.37,2.6,2.72,2.44,2.62,2.03,2.0,1.85,1.55,2.29,,,,,,English
Sophocles,e,12.58,t,9.1,o,8.2,a,7.35,s,6.87,n,6.58,h,6.48,i,6.47,r,6.26,d,4.25,12.58,9.1,8.2,7.35,6.58,6.47,6.26,6.87,6.48,3.93,4.25,2.31,3.1,2.21,2.58,1.82,1.98,1.97,1.51,2.34,,,,,,English
Stables Gordon,e,12.59,t,8.93,a,7.99,o,7.55,n,6.88,i,6.35,h,6.26,s,6.0,r,5.78,d,4.71,12.59,8.93,7.55,7.99,6.88,6.35,5.78,6.0,6.26,4.41,4.71,2.22,2.72,2.23,2.21,1.8,2.51,2.21,1.62,2.6,,,,,,English
Stanley Grauman Weinbaum,e,12.63,t,8.84,a,7.93,o,7.61,i,6.73,n,6.45,r,6.38,s,6.02,h,5.49,d,4.45,12.63,8.84,7.61,7.93,6.45,6.73,6.38,6.02,5.49,4.19,4.45,2.74,3.06,2.17,2.36,2.17,2.5,2.14,1.5,2.31,,,,,,English
Stanley J. Weyman,e,13.31,t,9.16,o,7.68,a,7.58,h,7.56,n,6.63,s,6.36,i,6.25,r,5.88,d,4.78,13.31,9.16,7.68,7.58,6.63,6.25,5.88,6.36,7.56,3.79,4.78,2.15,2.85,2.22,2.42,1.49,2.01,1.72,1.49,2.51,,,,,,English
Stephen Crane,e,13.02,t,9.28,a,7.84,o,7.15,i,6.83,n,6.79,h,6.67,s,6.15,r,5.64,d,4.61,13.02,9.28,7.15,7.84,6.79,6.83,5.64,6.15,6.67,4.15,4.61,2.46,2.65,2.4,2.46,1.71,2.31,1.79,1.49,2.44,,,,,,English
Stephen D. Durrant,e,11.78,t,9.33,o,8.1,n,7.52,a,7.4,r,7.14,i,6.87,s,6.34,h,4.01,u,3.74,11.78,9.33,8.1,7.4,7.52,6.87,7.14,6.34,4.01,3.43,3.31,3.62,3.74,2.38,3.04,2.47,1.95,1.75,1.67,1.59,,,,,,English
Stephen Leacock,e,13.04,t,9.57,a,8.2,o,7.47,n,7.38,r,6.77,i,6.38,s,6.1,h,6.09,d,4.28,13.04,9.57,7.47,8.2,7.38,6.38,6.77,6.1,6.09,3.38,4.28,2.82,2.32,2.79,2.04,1.9,1.88,1.6,1.48,2.17,,,,,,English
Stephen Paget,e,12.33,t,9.98,o,8.52,a,7.12,i,7.01,n,6.64,r,6.55,s,5.72,h,4.96,l,3.76,12.33,9.98,8.52,7.12,6.64,7.01,6.55,5.72,4.96,3.76,3.7,3.09,3.15,2.33,2.46,2.03,2.31,2.15,1.73,2.14,,,,,,English
Stewart Edward White,e,12.35,t,9.26,o,7.55,a,7.47,i,6.63,n,6.45,h,6.19,s,6.08,r,5.8,d,4.8,12.35,9.26,7.55,7.47,6.45,6.63,5.8,6.08,6.19,4.27,4.8,2.62,2.7,2.17,2.26,1.87,2.19,2.15,2.52,2.24,,,,,,English
Stuart Walcott,e,12.19,t,9.91,a,8.18,o,7.9,i,7.12,n,7.06,r,6.36,s,5.48,h,5.21,l,3.85,12.19,9.91,7.9,8.18,7.06,7.12,6.36,5.48,5.21,3.85,3.72,2.85,2.74,2.35,2.56,1.89,2.28,1.91,1.68,2.24,,,,,,English
Sue Petigru Bowen,e,12.13,t,9.09,o,7.92,a,7.91,i,7.07,n,6.76,s,6.45,r,6.07,h,6.02,l,4.42,12.13,9.09,7.92,7.91,6.76,7.07,6.07,6.45,6.02,4.42,4.35,2.4,2.92,2.34,2.6,1.73,2.12,2.0,1.5,1.99,,,,,,English
Sun Tzŭ,e,12.13,t,9.59,a,7.78,n,7.46,i,7.4,o,7.33,s,6.67,h,5.83,r,5.77,d,3.49,12.13,9.59,7.33,7.78,7.46,7.4,5.77,6.67,5.83,3.49,3.49,3.13,3.26,2.44,2.4,1.83,2.11,2.07,1.45,2.0,,,,,,English
Sunzi,e,12.3,t,9.57,o,7.83,i,7.52,n,7.34,a,7.21,r,6.35,s,6.14,h,4.95,d,3.51,12.3,9.57,7.83,7.21,7.34,7.52,6.35,6.14,4.95,3.49,3.51,3.21,3.15,2.58,2.48,1.93,2.28,2.22,1.56,2.03,,,,,,English
Susan Glaspell,e,11.86,t,9.59,o,8.39,a,7.72,i,7.18,n,6.61,h,6.25,s,5.98,r,5.79,l,4.31,11.86,9.59,8.39,7.72,6.61,7.18,5.79,5.98,6.25,4.31,3.61,2.07,3.09,2.08,2.57,1.36,2.33,2.65,1.41,2.51,,,,,,English
Sydney C. Grier,e,12.52,t,8.93,a,7.94,o,7.65,i,6.85,h,6.81,n,6.7,s,6.06,r,5.83,d,4.51,12.52,8.93,7.65,7.94,6.7,6.85,5.83,6.06,6.81,3.97,4.51,2.2,3.04,2.27,2.52,1.7,2.18,2.02,1.52,2.39,,,,,,English
Sydney Herman Preston,e,11.99,t,9.34,a,8.14,o,7.67,i,7.44,n,6.92,h,5.68,s,5.62,r,5.6,d,4.58,11.99,9.34,7.67,8.14,6.92,7.44,5.6,5.62,5.68,3.86,4.58,2.46,3.18,2.25,2.83,1.96,2.1,2.19,1.49,2.39,,,,,,English
T. J. Llewelyn Prichard,e,12.37,t,9.03,a,7.85,o,7.52,i,6.8,n,6.74,h,6.65,r,6.34,s,6.19,d,4.51,12.37,9.03,7.52,7.85,6.74,6.8,6.34,6.19,6.65,3.8,4.51,2.73,2.71,2.45,2.59,1.78,2.14,1.78,1.46,2.36,,,,,,English
T. S. Eliot,e,12.2,t,9.26,o,7.98,a,7.43,i,7.35,n,7.11,r,6.88,s,5.67,h,4.75,d,4.06,12.2,9.26,7.98,7.43,7.11,7.35,6.88,5.67,4.75,3.63,4.06,3.14,3.09,2.27,2.4,2.23,2.38,1.85,1.56,2.13,,,,,,English
T.A. Lacey,e,12.58,t,9.91,o,8.56,i,7.18,a,7.01,n,6.96,r,6.68,s,5.81,h,4.96,c,3.58,12.58,9.91,8.56,7.01,6.96,7.18,6.68,5.81,4.96,3.27,3.58,3.58,2.72,2.67,2.4,2.44,1.78,1.95,1.79,1.76,,,,,,English
T.H. (Thomas Henry) Huxley,e,12.5,t,9.91,o,8.11,i,7.77,a,7.43,n,7.2,s,6.36,r,5.74,h,5.26,c,3.9,12.5,9.91,8.11,7.43,7.2,7.77,5.74,6.36,5.26,3.68,3.4,3.9,2.6,2.83,2.41,2.24,1.76,1.84,1.5,1.43,,,,,,English
Tacitus,e,12.76,t,9.43,a,7.87,i,7.52,o,7.29,n,7.19,r,6.73,s,6.64,h,5.7,d,3.77,12.76,9.43,7.29,7.87,7.19,7.52,6.73,6.64,5.7,3.34,3.77,2.93,2.92,2.5,2.53,1.9,1.85,1.66,1.59,1.73,,,,,,English
Talbot Baines Reed,e,12.12,t,8.98,o,8.04,a,7.95,i,6.78,n,6.66,h,6.3,s,5.9,r,5.59,d,4.69,12.12,8.98,8.04,7.95,6.66,6.78,5.59,5.9,6.3,4.14,4.69,2.47,2.97,2.32,2.76,1.65,2.22,2.27,1.41,2.53,,,,,,English
The Chicago Commission on Race Relations,e,13.12,t,9.32,o,8.13,a,7.53,n,7.44,i,7.18,r,6.68,s,6.34,h,5.21,d,3.76,13.12,9.32,8.13,7.53,7.44,7.18,6.68,6.34,5.21,3.52,3.76,3.26,2.47,2.35,2.33,1.96,2.21,1.65,1.48,1.95,,,,,,English
The Earl of Chesterfield,e,12.36,t,9.25,o,8.3,a,7.76,i,7.0,n,6.99,r,6.11,s,6.03,h,5.29,l,4.13,12.36,9.25,8.3,7.76,6.99,7.0,6.11,6.03,5.29,4.13,3.53,2.65,3.5,2.25,2.71,1.8,1.69,2.75,1.53,1.98,,,,,,English
The Reformed Presbytery,,,,,,,,,,,,,,,,,,,,,,,,,,,,,,,,,,,,,,,,,,,,,,English
Theodor Herzl,e,12.91,t,9.3,i,7.74,o,7.69,a,7.27,n,6.89,s,6.54,r,6.23,h,5.26,l,4.27,12.91,9.3,7.69,7.27,6.89,7.74,6.23,6.54,5.26,4.27,3.47,3.03,2.74,2.45,2.39,2.15,1.7,1.63,1.57,2.27,,,,,,English
Theodore Dreiser,e,12.54,t,9.16,o,7.94,a,7.84,n,6.86,i,6.82,h,6.56,s,6.07,r,5.84,d,4.46,12.54,9.16,7.94,7.84,6.86,6.82,5.84,6.07,6.56,4.06,4.46,2.65,2.85,2.19,2.23,1.59,2.07,2.0,1.33,2.78,,,,,,English
Theodore Roosevelt,e,12.23,t,10.1,o,8.5,i,7.21,a,7.18,n,6.97,r,6.82,s,5.68,h,4.57,l,3.59,12.23,10.1,8.5,7.18,6.97,7.21,6.82,5.68,4.57,3.59,3.39,3.39,3.06,2.51,2.36,2.39,2.21,1.96,1.58,1.97,,,,,,English
Thomas Archer,e,12.55,t,9.15,o,8.08,a,7.67,n,7.14,i,6.92,s,6.51,r,6.4,h,5.57,d,4.04,12.55,9.15,8.08,7.67,7.14,6.92,6.4,6.51,5.57,4.03,4.04,2.95,2.48,2.73,2.38,1.86,1.94,1.8,1.57,2.04,,,,,,English
Thomas Arnold,e,12.08,t,9.97,o,8.61,a,7.23,r,7.11,i,7.09,n,6.52,s,5.65,h,4.49,d,3.57,12.08,9.97,8.61,7.23,6.52,7.09,7.11,5.65,4.49,3.46,3.57,3.36,3.19,2.51,2.28,2.47,2.18,2.07,1.94,1.92,,,,,,English
Thomas Babington Macaulay,e,12.38,t,9.28,a,7.83,o,7.4,i,6.64,n,6.61,r,6.54,s,6.46,h,6.34,l,4.2,12.38,9.28,7.4,7.83,6.61,6.64,6.54,6.46,6.34,4.2,4.08,2.74,3.07,2.45,2.34,1.82,2.1,1.67,1.65,2.15,,,,,,English
Thomas Carlyle,e,11.96,t,9.15,a,7.84,o,7.49,i,7.47,n,7.32,s,6.85,r,6.4,h,5.55,l,4.52,11.96,9.15,7.49,7.84,7.32,7.47,6.4,6.85,5.55,4.52,3.71,2.65,2.99,2.34,2.5,1.75,2.03,1.63,1.52,2.0,,,,,,English
Thomas De Quincey,e,12.14,t,9.39,a,8.08,o,7.78,i,7.37,n,7.11,s,6.34,r,5.96,h,5.35,d,3.94,12.14,9.39,7.78,8.08,7.11,7.37,5.96,6.34,5.35,3.68,3.94,2.86,2.92,2.68,3.0,2.04,1.81,2.01,1.43,1.97,,,,,,English
Thomas Gaskell Allen and William Lewis Sachtleben,e,12.77,t,9.24,a,8.02,o,7.72,n,6.96,i,6.69,r,6.59,s,6.44,h,5.65,d,3.92,12.77,9.24,7.72,8.02,6.96,6.69,6.59,6.44,5.65,3.63,3.92,2.85,3.1,2.37,2.12,1.98,2.08,1.5,1.44,2.44,,,,,,English
Thomas Gordon Hake,e,12.49,t,9.15,a,8.04,o,7.67,i,7.27,n,6.94,s,6.49,r,6.03,h,5.94,l,4.03,12.49,9.15,7.67,8.04,6.94,7.27,6.03,6.49,5.94,4.03,3.86,2.74,2.55,2.43,2.69,1.7,2.0,1.86,1.49,2.31,,,,,,English
Thomas H. Reid,e,12.69,t,9.48,a,8.35,o,7.78,n,7.07,i,6.91,r,6.6,s,6.23,h,5.2,d,3.85,12.69,9.48,7.78,8.35,7.07,6.91,6.6,6.23,5.2,3.66,3.85,2.87,2.86,2.49,2.18,2.06,2.12,1.47,1.63,1.78,,,,,,English
Thomas Hardy,e,12.65,t,9.01,a,7.98,o,7.63,n,6.92,h,6.75,i,6.69,s,6.28,r,5.77,d,4.55,12.65,9.01,7.63,7.98,6.92,6.69,5.77,6.28,6.75,3.95,4.55,2.39,2.85,2.14,2.44,1.58,2.1,2.01,1.57,2.45,,,,,,English
Thomas Hart Benton,e,13.44,t,10.66,o,7.98,a,7.21,n,7.13,i,7.01,s,6.26,r,6.03,h,5.78,d,3.93,13.44,10.66,7.98,7.21,7.13,7.01,6.03,6.26,5.78,3.23,3.93,2.94,2.77,2.44,2.55,2.1,1.57,1.47,1.57,1.83,,,,,,English
Thomas Hobbes,e,13.09,t,10.12,o,8.14,a,7.48,n,7.15,i,6.93,h,6.63,s,6.36,r,5.97,l,3.4,13.09,10.12,8.14,7.48,7.15,6.93,5.97,6.36,6.63,3.4,3.35,2.82,2.54,2.6,2.58,1.77,1.73,1.72,1.7,1.8,,,,,,English
Thomas Inman,e,12.88,t,8.89,a,7.96,i,7.84,o,7.22,n,7.1,s,6.79,r,6.24,h,5.68,d,3.65,12.88,8.89,7.22,7.96,7.1,7.84,6.24,6.79,5.68,3.65,3.65,2.82,2.49,2.53,2.73,2.15,1.97,1.67,1.69,1.76,,,,,,English
Thomas Knight,e,12.68,t,9.58,o,8.48,a,7.77,n,6.83,i,6.38,r,6.17,h,5.84,s,4.98,d,4.67,12.68,9.58,8.48,7.77,6.83,6.38,6.17,4.98,5.84,3.62,4.67,2.49,2.85,2.35,2.76,1.95,2.35,1.82,1.41,2.68,,,,,,English
Thomas Malory,e,11.92,t,9.24,a,9.09,h,7.8,i,6.79,o,6.76,n,6.61,r,6.38,s,6.36,d,5.21,11.92,9.24,6.76,9.09,6.61,6.79,6.38,6.36,7.8,4.2,5.21,1.47,2.51,1.87,2.69,,2.02,1.76,1.32,2.54,,,,1.12,,English
Thomas More,e,12.87,t,10.21,o,7.89,a,7.58,n,6.91,i,6.71,h,6.62,s,6.28,r,6.21,l,3.56,12.87,10.21,7.89,7.58,6.91,6.71,6.21,6.28,6.62,3.56,3.49,2.55,2.78,2.4,2.52,1.83,1.84,2.19,1.57,1.91,,,,,,English
Thomas Nelson Page,e,13.2,t,10.23,a,7.72,o,7.68,n,7.26,i,6.99,s,6.43,h,6.24,r,6.08,l,3.67,13.2,10.23,7.68,7.72,7.26,6.99,6.08,6.43,6.24,3.67,3.6,2.89,2.58,2.37,2.16,1.86,1.82,1.64,1.45,2.02,,,,,,English
Thomas Paine,e,12.72,t,9.68,o,7.99,n,7.74,a,7.41,i,7.13,r,6.44,s,5.91,h,5.34,l,3.58,12.72,9.68,7.99,7.41,7.74,7.13,6.44,5.91,5.34,3.58,3.52,3.02,2.9,2.56,2.31,2.14,1.86,1.89,1.59,2.03,,,,,,English
Thomas Preskett Prest,e,12.27,t,9.01,a,8.32,o,7.97,n,6.77,h,6.63,i,6.6,s,5.87,r,5.56,d,4.33,12.27,9.01,7.97,8.32,6.77,6.6,5.56,5.87,6.63,4.13,4.33,2.69,3.12,2.27,2.76,1.61,1.71,2.26,1.46,2.47,,,,,,English
Thomas S. Chard,e,13.2,t,9.25,o,7.8,a,7.24,r,6.83,i,6.5,n,6.26,s,6.22,h,5.63,l,4.06,13.2,9.25,7.8,7.24,6.26,6.5,6.83,6.22,5.63,4.06,3.85,2.67,2.75,2.4,2.45,2.08,2.31,2.07,1.61,2.55,,,,,,English
Thomas Sikes,e,12.03,t,9.6,o,8.42,i,7.27,n,6.88,a,6.84,r,6.67,s,6.24,h,5.25,d,3.72,12.03,9.6,8.42,6.84,6.88,7.27,6.67,6.24,5.25,3.61,3.72,3.5,3.23,2.33,2.34,2.47,1.74,2.26,1.7,1.74,,,,,,English
Thomas Wallace Knox,e,12.95,t,9.21,a,8.58,o,7.46,n,7.08,i,6.68,r,6.53,s,6.4,h,5.67,d,4.21,12.95,9.21,7.46,8.58,7.08,6.68,6.53,6.4,5.67,3.6,4.21,2.64,2.63,2.39,2.28,1.88,2.01,1.64,1.45,2.29,,,,,,English
Thomas William Hodgson Crosland,e,11.98,t,9.29,a,8.57,o,7.62,i,7.4,n,7.3,r,6.29,s,6.23,h,5.44,l,3.82,11.98,9.29,7.62,8.57,7.3,7.4,6.29,6.23,5.44,3.82,3.57,3.11,2.86,2.33,2.68,2.09,1.99,1.96,1.56,1.68,,,,,,English
Thomas à Kempis,e,12.43,t,10.39,o,8.24,h,7.01,a,6.95,n,6.67,i,6.66,s,5.69,r,5.68,l,4.42,12.43,10.39,8.24,6.95,6.67,6.66,5.68,5.69,7.01,4.42,3.73,2.22,2.95,2.82,2.43,1.47,1.98,2.11,1.55,2.16,,,,,,English
Thornton W. Burgess,e,12.42,t,9.65,o,7.93,a,7.6,h,6.48,n,6.42,r,6.14,i,6.01,s,5.6,d,4.65,12.42,9.65,7.93,7.6,6.42,6.01,6.14,5.6,6.48,3.78,4.65,2.18,2.96,2.27,2.22,1.75,2.3,2.31,2.15,2.75,,,,,,English
Thorstein Veblen,e,12.78,t,9.66,i,8.07,o,7.76,a,7.57,n,7.08,s,7.07,r,5.91,h,4.93,c,3.89,12.78,9.66,7.76,7.57,7.08,8.07,5.91,7.07,4.93,3.73,3.19,3.89,3.0,2.98,2.48,2.29,1.45,1.61,1.34,,,1.2,,,,English
Three Initiates,e,13.29,t,10.08,i,7.69,n,7.59,a,7.53,o,7.11,s,6.39,r,5.75,h,5.69,l,4.14,13.29,10.08,7.11,7.53,7.59,7.69,5.75,6.39,5.69,4.14,3.21,3.13,2.33,2.56,2.63,2.19,1.93,1.63,1.4,1.71,,,,,,English
Thucydides,e,13.04,t,10.02,a,8.47,n,7.55,o,7.35,i,6.82,h,6.55,s,6.28,r,5.73,d,4.08,13.04,10.02,7.35,8.47,7.55,6.82,5.73,6.28,6.55,3.4,4.08,2.7,2.54,2.38,2.36,1.81,1.78,1.9,1.38,2.01,,,,,,English
Titus Livius,e,13.05,t,10.23,a,7.5,o,7.3,n,6.98,i,6.87,h,6.47,s,6.36,r,6.09,d,4.03,13.05,10.23,7.3,7.5,6.98,6.87,6.09,6.36,6.47,3.29,4.03,2.89,3.21,2.36,2.61,1.8,1.77,1.77,1.59,1.94,,,,,,English
Tobias Smollett,e,12.5,t,8.86,a,7.74,o,7.69,i,7.29,n,7.08,h,6.4,s,6.16,r,5.99,d,4.46,12.5,8.86,7.69,7.74,7.08,7.29,5.99,6.16,6.4,3.43,4.46,2.94,2.96,2.55,2.7,2.02,1.78,1.75,1.41,2.13,,,,,,English
Tristan Bernard,e,12.88,t,9.04,o,8.05,a,7.5,r,7.4,i,6.79,n,6.76,s,5.71,h,4.99,c,3.65,12.88,9.04,8.05,7.5,6.76,6.79,7.4,5.71,4.99,3.59,3.14,3.65,2.98,2.25,2.29,2.6,2.35,2.27,1.54,1.77,,,,,,English
Ulysses S. Grant,e,12.69,t,9.72,o,8.1,a,7.88,n,7.16,r,6.56,i,6.46,s,5.81,h,5.79,d,4.3,12.69,9.72,8.1,7.88,7.16,6.46,6.56,5.81,5.79,3.49,4.3,2.83,2.51,2.52,2.78,1.85,1.97,1.64,1.55,2.12,,,,,,English
Uncle Philip,e,12.99,t,9.55,a,7.65,o,7.52,n,7.19,i,6.62,h,6.32,r,6.19,s,5.94,d,4.56,12.99,9.55,7.52,7.65,7.19,6.62,6.19,5.94,6.32,3.55,4.56,2.4,2.61,2.56,2.58,1.69,1.92,1.98,1.52,2.57,,,,,,English
United States,e,11.17,a,9.79,i,8.03,n,7.88,t,7.83,o,7.23,r,6.93,s,6.46,l,4.85,c,3.77,11.17,7.83,7.23,9.79,7.88,8.03,6.93,6.46,2.65,4.85,3.6,3.77,3.08,1.91,3.2,2.53,1.99,1.57,1.73,,,1.11,,,,English
United States Bureau of the Census,e,11.28,o,10.25,t,7.92,n,7.75,a,7.56,r,7.53,i,7.32,s,6.33,c,4.83,u,4.69,11.28,7.92,10.25,7.56,7.75,7.32,7.53,6.33,3.26,4.04,3.26,4.83,4.69,1.95,1.7,4.33,1.53,1.68,,0.72,,0.7,,,,English
United States Central Intelligence Agency,e,10.52,a,10.11,n,8.12,i,7.97,t,7.78,o,7.33,r,7.07,s,6.18,l,4.82,c,4.04,10.52,7.78,7.33,10.11,8.12,7.97,7.07,6.18,2.46,4.82,3.54,4.04,3.27,1.92,3.23,2.73,1.95,1.48,1.61,,,1.09,,,,English
"United States, Public Health  Service",e,12.02,t,9.87,o,8.63,r,7.36,i,7.31,a,6.88,n,6.72,s,5.45,h,4.01,d,3.76,12.02,9.87,8.63,6.88,6.72,7.31,7.36,5.45,4.01,3.3,3.76,3.62,3.2,2.52,2.34,2.72,2.48,1.98,1.72,1.8,,,,,,English
United States.  Central Intelligence Agency,e,11.04,a,9.73,t,7.93,i,7.92,n,7.89,o,7.38,r,7.06,s,6.35,l,4.83,c,3.92,11.04,7.93,7.38,9.73,7.89,7.92,7.06,6.35,2.59,4.83,3.55,3.92,3.1,1.85,3.25,2.6,1.91,1.6,1.7,,,1.07,,,,English
United States. Central Intelligence Agency,e,11.11,a,9.83,i,7.97,n,7.88,t,7.86,o,7.24,r,6.96,s,6.41,l,4.91,c,3.74,11.11,7.86,7.24,9.83,7.88,7.97,6.96,6.41,2.63,4.91,3.53,3.74,3.11,1.86,3.23,2.61,1.95,1.6,1.71,,,1.11,,,,English
Unknown,e,12.77,t,9.36,a,7.97,o,7.52,n,6.93,h,6.69,i,6.52,s,6.02,r,5.97,d,4.78,12.77,9.36,7.52,7.97,6.93,6.52,5.97,6.02,6.69,3.74,4.78,2.53,2.59,2.45,2.48,1.85,1.96,1.74,1.6,2.35,,,,,,English
Upton Sinclair,e,12.67,t,9.41,a,8.28,o,7.56,n,6.94,h,6.68,i,6.34,s,5.86,r,5.58,d,4.84,12.67,9.41,7.56,8.28,6.94,6.34,5.58,5.86,6.68,3.81,4.84,2.37,2.78,2.18,2.42,1.79,2.21,1.8,1.46,2.63,,,,,,English
US Government,e,12.01,t,10.32,o,8.49,a,7.63,i,7.06,r,6.96,n,6.93,s,5.4,h,4.62,l,3.44,12.01,10.32,8.49,7.63,6.93,7.06,6.96,5.4,4.62,3.44,3.37,3.31,2.96,2.49,2.38,2.29,2.3,2.08,1.58,2.09,,,,,,English
Vance Aandahl,e,11.91,t,9.65,o,8.4,r,7.17,i,7.09,a,6.79,n,6.75,s,5.73,h,4.31,d,3.72,11.91,9.65,8.4,6.79,6.75,7.09,7.17,5.73,4.31,3.57,3.72,3.45,3.17,2.21,2.33,2.44,2.59,2.25,1.81,2.01,,,,,,English
Various,e,12.22,t,8.78,a,8.08,o,7.88,n,7.28,i,6.94,r,6.39,s,6.28,h,4.97,l,4.24,12.22,8.78,7.88,8.08,7.28,6.94,6.39,6.28,4.97,4.24,3.98,3.14,2.7,2.77,2.59,2.22,2.01,1.79,1.65,1.62,,,,,,English
Vaseleos Garson,e,12.62,t,9.98,o,7.7,a,7.02,i,6.85,n,6.41,r,6.09,s,5.91,h,5.35,l,4.1,12.62,9.98,7.7,7.02,6.41,6.85,6.09,5.91,5.35,4.1,4.01,3.08,3.37,2.18,2.03,2.39,2.4,2.01,1.65,2.12,,,,,,English
Vasili__i__ Vasil__evich Vereshchagin,e,12.8,t,9.35,a,7.81,o,7.75,n,7.0,i,6.64,s,6.63,r,6.41,h,5.99,d,4.14,12.8,9.35,7.75,7.81,7.0,6.64,6.41,6.63,5.99,3.62,4.14,2.75,2.83,2.55,2.37,1.91,1.91,1.67,1.45,2.14,,,,,,English
Vatsyayana,e,12.5,t,8.62,a,8.11,o,8.09,n,7.34,s,6.92,i,6.75,h,6.61,r,5.86,d,3.77,12.5,8.62,8.09,8.11,7.34,6.75,5.86,6.92,6.61,3.57,3.77,2.6,2.61,2.66,2.54,1.65,2.09,1.55,1.62,2.06,,,,,,English
Victor Hugo,e,12.98,t,9.17,a,8.07,o,7.3,h,6.92,i,6.86,n,6.6,s,6.41,r,5.96,d,4.28,12.98,9.17,7.3,8.07,6.6,6.86,5.96,6.41,6.92,4.04,4.28,2.64,2.74,2.22,2.45,1.74,1.99,1.6,1.48,2.22,,,,,,English
Virgil,e,12.14,t,8.62,a,8.15,s,7.26,n,7.19,o,7.11,h,6.91,r,6.56,i,6.44,d,4.63,12.14,8.62,7.11,8.15,7.19,6.44,6.56,7.26,6.91,4.22,4.63,2.17,2.91,2.35,2.2,1.61,2.1,1.79,1.33,2.25,,,,,,English
Virginia Woolf,e,11.87,t,9.3,o,8.3,a,7.24,r,7.1,i,6.74,n,6.44,s,5.86,h,5.21,d,3.98,11.87,9.3,8.3,7.24,6.44,6.74,7.1,5.86,5.21,3.91,3.98,3.19,3.05,2.14,2.22,2.26,2.75,1.99,1.67,2.15,,,,,,English
Vitruvius,e,12.84,t,10.37,o,7.51,a,7.35,i,7.13,n,6.56,h,6.49,s,6.46,r,6.24,l,3.77,12.84,10.37,7.51,7.35,6.56,7.13,6.24,6.46,6.49,3.77,3.67,3.03,2.78,2.7,2.21,2.11,1.76,1.3,1.67,1.86,,,,,,English
Vivian H. Galbraith,e,12.42,t,9.77,o,7.82,a,7.78,i,7.23,n,6.98,s,6.6,r,6.3,h,5.02,l,3.74,12.42,9.77,7.82,7.78,6.98,7.23,6.3,6.6,5.02,3.74,3.66,3.14,2.6,2.7,2.35,2.02,1.77,1.87,2.24,1.78,,,,,,English
Voltaire,e,12.52,t,8.88,a,8.42,o,7.53,i,7.02,n,6.82,s,6.33,h,6.02,r,5.91,d,4.77,12.52,8.88,7.53,8.42,6.82,7.02,5.91,6.33,6.02,3.62,4.77,2.74,2.8,2.07,2.54,1.9,1.97,1.92,1.54,2.32,,,,,,English
W. C. Tuttle,e,12.87,t,9.17,o,7.94,a,7.41,r,6.51,n,6.46,i,6.2,h,5.94,s,5.45,d,4.43,12.87,9.17,7.94,7.41,6.46,6.2,6.51,5.45,5.94,3.92,4.43,2.78,2.99,2.09,2.35,1.86,2.09,2.17,1.86,2.43,,,,,,English
W. E. B. Du Bois,e,12.47,t,9.2,a,7.93,o,7.52,n,7.3,i,6.77,s,6.32,r,6.09,h,5.89,d,4.53,12.47,9.2,7.52,7.93,7.3,6.77,6.09,6.32,5.89,4.38,4.53,2.63,2.64,2.51,2.39,1.61,2.16,1.77,1.49,2.26,,,,,,English
W. H. L. Watson,e,12.75,t,9.47,a,8.14,o,7.54,n,6.67,r,6.5,i,6.28,s,5.79,h,5.71,d,4.54,12.75,9.47,7.54,8.14,6.67,6.28,6.5,5.79,5.71,4.04,4.54,2.56,2.96,2.45,2.29,1.67,2.35,1.74,1.6,2.66,,,,,,English
W. M. Maskell,e,12.16,t,8.76,a,7.98,i,7.58,o,7.41,n,7.22,s,6.76,r,6.04,l,4.89,h,4.11,12.16,8.76,7.41,7.98,7.22,7.58,6.04,6.76,4.11,4.89,3.37,3.53,3.06,2.59,2.64,2.5,2.22,1.54,1.64,1.31,,,,,,English
W. R. S. Ralston,e,12.67,t,9.14,a,8.1,o,7.65,h,6.94,n,6.72,i,6.66,s,6.45,r,5.91,d,4.31,12.67,9.14,7.65,8.1,6.72,6.66,5.91,6.45,6.94,3.77,4.31,2.28,2.51,2.31,2.35,1.76,2.16,1.88,1.57,2.22,,,,,,English
W. S. Crockett,e,12.09,t,9.16,o,8.0,a,7.93,n,6.69,i,6.67,s,6.64,r,6.59,h,5.68,d,4.26,12.09,9.16,8.0,7.93,6.69,6.67,6.59,6.64,5.68,4.25,4.26,2.89,2.46,2.55,2.42,1.71,1.93,1.67,1.9,2.22,,,,,,English
W. Somerset Maugham,e,12.36,t,9.16,a,8.01,o,7.41,h,7.3,i,7.14,n,6.66,s,6.18,r,5.19,d,4.67,12.36,9.16,7.41,8.01,6.66,7.14,5.19,6.18,7.3,4.1,4.67,2.29,2.82,2.08,2.46,1.87,1.95,2.02,1.35,2.68,,,,,,English
W. W. Sleigh,e,12.49,t,9.73,o,8.09,a,7.59,i,7.32,n,7.14,s,6.35,r,6.13,h,5.38,l,4.05,12.49,9.73,8.09,7.59,7.14,7.32,6.13,6.35,5.38,4.05,3.69,3.15,2.81,2.49,2.32,2.02,1.63,1.94,1.64,1.64,,,,,,English
W.H.G. Kingston,e,12.78,t,9.27,o,7.89,a,7.89,h,6.49,n,6.42,i,6.2,r,6.09,s,5.76,d,4.61,12.78,9.27,7.89,7.89,6.42,6.2,6.09,5.76,6.49,3.59,4.61,2.57,3.07,2.36,2.31,1.87,2.28,1.83,1.57,2.83,,,,,,English
W.W. Jacobs,e,11.83,t,9.51,o,8.16,i,7.36,a,7.22,r,6.66,n,6.57,s,5.89,h,4.99,d,4.36,11.83,9.51,8.16,7.22,6.57,7.36,6.66,5.89,4.99,3.61,4.36,3.04,3.01,2.3,2.53,2.26,2.43,2.03,1.7,2.11,,,,,,English
Wadsworth Camp,e,12.63,t,9.03,a,7.91,o,7.59,h,6.91,i,6.58,n,6.37,s,6.08,r,5.86,d,4.8,12.63,9.03,7.59,7.91,6.37,6.58,5.86,6.08,6.91,3.78,4.8,2.53,2.87,2.0,2.54,1.59,2.09,2.14,2.12,2.3,,,,,,English
Wallace D. Wattles,e,11.62,t,9.98,o,8.56,i,7.63,n,7.23,a,7.18,s,5.91,r,5.8,h,5.41,l,3.8,11.62,9.98,8.56,7.18,7.23,7.63,5.8,5.91,5.41,3.8,3.14,3.13,3.43,2.35,2.36,1.96,2.2,2.56,1.47,2.07,,,,,,English
Walt Whitman,e,12.27,t,8.86,o,7.87,a,7.73,n,7.11,s,7.05,i,6.6,r,6.19,h,5.9,l,4.5,12.27,8.86,7.87,7.73,7.11,6.6,6.19,7.05,5.9,4.5,4.06,2.25,2.83,2.47,2.66,1.73,2.32,2.02,1.38,2.07,,,,,,English
Walter Crane,e,11.68,t,9.9,o,8.79,r,7.48,i,7.21,n,6.75,a,6.56,s,5.06,h,3.82,c,3.73,11.68,9.9,8.79,6.56,6.75,7.21,7.48,5.06,3.82,3.37,3.59,3.73,3.31,2.56,2.31,2.83,2.65,2.06,1.85,1.91,,,,,,English
Walter James Hoffman,e,12.46,t,9.29,i,8.49,a,7.44,n,7.18,o,7.17,s,6.49,r,5.97,h,5.93,d,4.27,12.46,9.29,7.17,7.44,7.18,8.49,5.97,6.49,5.93,2.93,4.27,2.93,2.19,2.41,2.65,2.14,2.13,1.25,1.46,2.0,,,,,,English
Walter Scott,e,12.61,t,9.02,a,7.83,o,7.48,h,6.73,n,6.65,i,6.62,r,6.38,s,6.36,d,4.54,12.61,9.02,7.48,7.83,6.65,6.62,6.38,6.36,6.73,3.9,4.54,2.71,2.77,2.43,2.45,1.74,1.88,1.74,1.63,2.27,,,,,,English
Walter William Skeat,e,11.14,a,10.75,t,8.5,i,7.18,n,7.11,o,6.49,s,5.86,r,5.71,h,5.67,l,3.99,11.14,8.5,6.49,10.75,7.11,7.18,5.71,5.86,5.67,3.99,3.82,2.57,3.13,2.19,2.81,2.16,2.46,1.58,2.03,1.67,,,,,,English
Washington Irving,e,12.64,t,9.16,a,7.9,o,7.47,n,7.06,i,6.89,h,6.26,s,6.22,r,6.19,d,4.28,12.64,9.16,7.47,7.9,7.06,6.89,6.19,6.22,6.26,3.85,4.28,2.71,2.67,2.56,2.41,1.96,2.09,1.71,1.59,2.13,,,,,,English
Wentworth Webster,e,12.84,t,9.49,a,8.4,h,7.58,o,7.52,s,6.84,i,6.56,n,6.43,r,5.54,d,3.93,12.84,9.49,7.52,8.4,6.43,6.56,5.54,6.84,7.58,3.86,3.93,2.05,2.57,2.07,2.48,1.46,2.19,2.14,1.44,2.08,,,,,,English
Wilfred T. Grenfell,e,12.0,t,9.51,o,8.21,a,7.73,n,6.97,i,6.91,r,5.99,s,5.77,h,5.45,d,4.19,12.0,9.51,8.21,7.73,6.97,6.91,5.99,5.77,5.45,3.89,4.19,2.77,2.75,2.62,2.44,1.85,2.61,1.95,1.61,2.44,,,,,,English
Wilkie Collins,e,12.68,t,9.21,a,7.82,o,7.66,i,7.13,n,6.98,s,6.22,h,6.17,r,5.93,d,4.27,12.68,9.21,7.66,7.82,6.98,7.13,5.93,6.22,6.17,3.79,4.27,2.47,2.64,2.32,3.0,1.71,1.88,2.24,1.35,2.31,,,,,,English
Will N. Harben,e,11.84,t,9.12,a,8.3,o,8.08,i,7.11,n,6.89,h,6.19,s,5.77,r,5.38,l,4.63,11.84,9.12,8.08,8.3,6.89,7.11,5.38,5.77,6.19,4.63,4.47,2.06,3.0,2.01,2.53,1.64,2.06,2.33,1.73,2.42,,,,,,English
Willa Cather,e,12.54,t,8.91,a,8.01,o,7.64,n,6.94,h,6.72,i,6.29,r,5.96,s,5.91,d,4.72,12.54,8.91,7.64,8.01,6.94,6.29,5.96,5.91,6.72,4.06,4.72,2.19,2.77,1.99,2.57,1.51,2.33,1.93,1.56,2.83,,,,,,English
Willard Grosvenor Bleyer,e,12.72,t,9.4,a,8.05,o,7.43,n,7.09,i,6.79,s,6.47,r,6.39,h,5.73,d,4.04,12.72,9.4,7.43,8.05,7.09,6.79,6.39,6.47,5.73,3.94,4.04,3.01,2.41,2.42,2.43,1.86,1.94,1.8,1.62,2.18,,,,,,English
William Bisiker,e,12.53,t,9.21,a,8.18,o,7.65,n,6.78,r,6.58,i,6.51,s,6.25,h,5.61,d,4.12,12.53,9.21,7.65,8.18,6.78,6.51,6.58,6.25,5.61,4.02,4.12,2.64,2.85,2.67,2.16,1.81,2.08,1.56,1.53,2.45,,,,,,English
William Blake,e,12.72,t,9.02,o,7.78,a,7.26,n,6.97,i,6.91,r,6.7,s,5.93,h,5.41,d,4.0,12.72,9.02,7.78,7.26,6.97,6.91,6.7,5.93,5.41,4.0,4.0,2.82,2.67,2.29,2.39,2.17,2.45,2.12,1.72,2.29,,,,,,English
William Byron Forbush,e,12.31,t,9.27,o,7.62,a,7.59,i,7.45,n,6.72,r,6.42,s,6.25,h,5.4,l,4.15,12.31,9.27,7.62,7.59,6.72,7.45,6.42,6.25,5.4,4.15,3.77,3.6,2.65,2.22,2.51,2.35,2.3,2.01,1.57,1.71,,,,,,English
William Carpenter,e,12.26,t,10.49,o,8.32,a,7.88,i,7.02,n,6.79,r,6.37,s,6.36,h,6.04,l,3.85,12.26,10.49,8.32,7.88,6.79,7.02,6.37,6.36,6.04,3.85,3.19,2.87,2.74,2.43,2.01,2.11,1.85,1.67,1.57,2.02,,,,,,English
William Congreve,e,11.16,t,8.54,a,8.34,o,8.27,i,7.51,n,6.43,r,6.36,s,5.93,h,5.17,l,4.57,11.16,8.54,8.27,8.34,6.43,7.51,6.36,5.93,5.17,4.57,3.77,2.33,3.35,2.5,3.49,1.7,1.52,2.85,1.58,2.4,,,,,,English
William Coxe,e,12.55,t,9.61,a,8.16,o,7.56,s,7.11,n,7.05,i,6.79,r,6.47,h,5.85,d,4.0,12.55,9.61,7.56,8.16,7.05,6.79,6.47,7.11,5.85,3.19,4.0,2.96,2.65,2.81,2.24,1.79,1.56,1.53,1.55,1.73,,,,,,English
William D. Lighthall,e,12.55,t,9.34,a,8.04,o,7.73,n,6.89,r,6.88,i,6.8,s,5.76,h,5.28,d,4.15,12.55,9.34,7.73,8.04,6.89,6.8,6.88,5.76,5.28,3.49,4.15,3.25,2.73,2.58,2.54,2.02,2.15,1.79,1.65,2.08,,,,,,English
William Dugdale,e,11.92,t,8.8,o,8.07,a,7.15,i,7.03,n,6.72,s,6.3,r,6.03,h,5.03,d,4.26,11.92,8.8,8.07,7.15,6.72,7.03,6.03,6.3,5.03,4.2,4.26,2.8,3.4,2.45,2.92,2.06,2.35,2.56,1.48,2.17,,,,,,English
William Eleroy Curtis,e,12.53,t,9.25,a,8.06,n,7.58,o,7.52,i,7.39,s,6.22,r,5.97,h,5.71,d,4.36,12.53,9.25,7.52,8.06,7.58,7.39,5.97,6.22,5.71,3.95,4.36,3.04,2.55,2.37,2.56,2.02,1.8,1.66,1.36,2.08,,,,,,English
William H. Herndon,e,12.5,t,9.15,a,7.86,o,7.62,n,7.55,i,7.35,s,6.13,r,5.93,h,5.82,d,4.3,12.5,9.15,7.62,7.86,7.55,7.35,5.93,6.13,5.82,4.22,4.3,2.82,2.62,2.45,2.52,1.81,1.92,1.72,1.38,2.2,,,,,,English
William Henry Barker,e,13.31,t,9.55,a,7.87,o,7.43,h,7.05,n,6.77,i,6.62,s,5.63,r,5.61,d,4.56,13.31,9.55,7.43,7.87,6.77,6.62,5.61,5.63,7.05,3.76,4.56,2.28,2.57,2.31,2.55,1.74,2.22,1.92,1.36,2.44,,,,,,English
William Henry Meadowcroft,e,13.06,t,10.34,o,7.63,a,7.35,i,7.01,r,6.46,n,6.44,s,5.88,h,5.31,l,4.03,13.06,10.34,7.63,7.35,6.44,7.01,6.46,5.88,5.31,4.03,3.13,3.72,3.08,2.15,2.27,2.24,1.97,2.0,1.49,2.44,,,,,,English
William Henry Newlin,e,12.88,t,8.81,o,8.16,a,7.76,n,7.24,r,6.48,i,6.14,s,5.95,h,5.38,d,4.94,12.88,8.81,8.16,7.76,7.24,6.14,6.48,5.95,5.38,3.61,4.94,2.67,3.24,2.33,2.23,1.83,2.16,1.51,1.4,3.1,,,,,,English
William Holmes McGuffey,e,11.44,t,9.62,o,8.2,i,7.38,a,7.18,n,6.8,s,6.26,r,5.88,h,5.28,l,4.59,11.44,9.62,8.2,7.18,6.8,7.38,5.88,6.26,5.28,4.59,3.83,2.84,2.8,1.97,2.22,2.18,2.37,2.19,1.71,2.46,,,,,,English
William J. Long,e,12.49,t,8.7,a,7.8,o,7.46,i,7.33,s,7.21,n,7.02,r,6.56,h,5.63,l,4.45,12.49,8.7,7.46,7.8,7.02,7.33,6.56,7.21,5.63,4.45,3.76,2.77,2.43,2.57,2.42,1.9,1.96,1.91,1.44,2.01,,,,,,English
William James,e,12.48,t,9.69,i,7.96,o,7.71,a,7.47,n,7.22,s,7.02,r,5.61,h,5.38,l,4.01,12.48,9.69,7.71,7.47,7.22,7.96,5.61,7.02,5.38,4.01,3.2,3.25,2.77,2.57,2.57,1.95,1.76,1.85,1.47,1.85,,,,,,English
William John Courthope,e,12.51,t,9.56,a,7.75,i,7.66,o,7.65,n,6.94,s,6.67,r,6.12,h,5.84,d,3.97,12.51,9.56,7.65,7.75,6.94,7.66,6.12,6.67,5.84,3.6,3.97,3.09,2.65,2.67,2.35,2.16,1.73,1.64,1.42,1.92,,,,,,English
William Lord Watts,e,12.29,t,9.01,a,8.03,o,7.47,n,6.7,i,6.45,r,6.29,s,6.18,h,5.49,l,4.07,12.29,9.01,7.47,8.03,6.7,6.45,6.29,6.18,5.49,4.07,4.07,2.93,3.14,2.68,2.38,1.97,2.02,1.57,1.55,2.41,,,,,,English
William Lyon Phelps,e,12.38,t,9.03,a,7.77,o,7.67,i,7.5,n,6.96,s,6.88,r,6.29,h,5.86,l,4.14,12.38,9.03,7.67,7.77,6.96,7.5,6.29,6.88,5.86,4.14,3.55,2.51,2.56,2.45,2.73,2.05,1.95,1.97,1.51,2.0,,,,,,English
William Makepeace Thackeray,e,12.37,t,8.44,a,8.29,o,7.59,n,6.77,h,6.53,s,6.44,i,6.42,r,6.2,d,4.69,12.37,8.44,7.59,8.29,6.77,6.42,6.2,6.44,6.53,3.95,4.69,2.54,2.7,2.13,2.65,1.75,2.13,2.03,1.64,2.51,,,,,,English
William Morrison,e,12.3,t,10.04,o,8.06,a,7.41,i,6.87,n,6.53,r,6.15,s,5.41,h,5.3,d,4.25,12.3,10.04,8.06,7.41,6.53,6.87,6.15,5.41,5.3,3.66,4.25,3.1,3.38,2.38,2.31,2.13,2.4,2.09,1.63,2.05,,,,,,English
William Shakespeare,e,11.98,t,8.82,o,8.27,a,7.61,i,6.68,s,6.51,n,6.45,r,6.24,h,6.21,l,4.4,11.98,8.82,8.27,7.61,6.45,6.68,6.24,6.51,6.21,4.4,3.91,2.32,3.37,2.13,2.9,1.55,1.83,2.43,1.59,2.35,,,,,,English
William Stephens,e,12.07,t,9.69,o,8.03,i,7.34,a,7.17,n,6.82,r,6.33,s,6.19,h,6.07,l,3.65,12.07,9.69,8.03,7.17,6.82,7.34,6.33,6.19,6.07,3.65,3.64,3.41,2.93,2.3,2.22,2.14,2.16,1.96,1.67,1.91,,,,,,English
William Strunk,e,13.01,t,9.55,o,7.75,i,7.63,a,7.13,n,7.05,s,6.8,r,6.55,h,4.64,l,3.66,13.01,9.55,7.75,7.13,7.05,7.63,6.55,6.8,4.64,3.66,3.42,3.44,2.91,2.41,2.51,2.42,1.81,1.72,1.65,1.66,,,,,,English
William Stubbs,e,12.92,t,9.12,a,7.76,o,7.64,n,7.35,i,6.91,r,6.42,h,6.33,s,6.27,d,4.25,12.92,9.12,7.64,7.76,7.35,6.91,6.42,6.27,6.33,3.64,4.25,3.13,2.39,2.68,2.29,1.82,1.92,1.59,1.48,2.05,,,,,,English
William Stukeley,e,12.51,t,9.61,a,7.68,o,7.45,i,7.26,n,6.94,s,6.48,r,6.43,h,6.01,l,3.71,12.51,9.61,7.45,7.68,6.94,7.26,6.43,6.48,6.01,3.71,3.55,2.83,2.9,2.45,2.56,2.04,1.84,1.68,1.71,1.84,,,,,,English
William T. Sherman,e,12.35,t,9.16,a,8.54,o,7.91,n,7.29,r,6.63,i,6.4,s,5.92,h,5.38,d,4.49,12.35,9.16,7.91,8.54,7.29,6.4,6.63,5.92,5.38,3.98,4.49,2.84,2.63,2.47,2.72,1.77,2.01,1.71,1.52,2.06,,,,,,English
William Wallace Bass,e,12.09,t,9.86,a,8.23,o,8.12,n,7.12,i,6.75,r,6.23,h,5.5,s,5.39,d,4.46,12.09,9.86,8.12,8.23,7.12,6.75,6.23,5.39,5.5,3.68,4.46,2.64,2.66,2.26,2.52,1.99,1.99,1.77,1.55,2.76,,,,,,English
William Wallace Cook,e,12.45,t,8.94,o,7.91,a,7.79,i,6.84,n,6.63,r,6.28,s,5.94,h,5.72,d,4.25,12.45,8.94,7.91,7.79,6.63,6.84,6.28,5.94,5.72,4.01,4.25,2.48,3.18,2.42,2.71,2.04,2.15,1.97,1.44,2.28,,,,,,English
William Wilkinson,e,12.85,t,9.9,a,7.82,o,7.79,i,7.21,n,7.2,r,6.45,s,6.32,h,5.61,d,3.7,12.85,9.9,7.79,7.82,7.2,7.21,6.45,6.32,5.61,3.3,3.7,3.01,2.7,2.57,2.44,2.2,1.73,1.69,1.43,1.64,,,,,,English
William Withering,e,12.58,t,9.06,a,8.03,i,7.85,o,6.81,n,6.6,s,6.48,r,5.91,h,5.04,d,4.58,12.58,9.06,6.81,8.03,6.6,7.85,5.91,6.48,5.04,3.7,4.58,3.42,3.07,2.78,2.49,2.03,1.93,1.77,1.53,1.73,,,,,,English
William Wordsworth,e,12.23,t,9.07,o,7.77,a,7.72,n,6.69,h,6.67,i,6.5,s,6.36,r,6.08,d,4.59,12.23,9.07,7.77,7.72,6.69,6.5,6.08,6.36,6.67,4.41,4.59,2.07,2.64,2.14,2.62,1.64,2.02,2.36,1.65,2.59,,,,,,English
Wolfgang Amadeus Mozart,e,12.21,t,9.11,a,8.2,o,8.09,i,7.44,n,6.75,s,6.13,r,5.99,h,5.7,l,4.1,12.21,9.11,8.09,8.2,6.75,7.44,5.99,6.13,5.7,4.1,3.68,2.61,2.92,2.14,3.0,1.69,1.93,2.29,1.53,2.16,,,,,,English
Work Projects Administration,e,12.28,a,8.71,o,7.7,n,7.24,t,7.1,s,6.73,i,6.48,d,6.0,r,5.23,h,4.61,12.28,7.1,7.7,8.71,7.24,6.48,5.23,6.73,4.61,4.41,6.0,2.15,3.08,1.74,3.16,1.47,2.16,2.29,1.9,2.91,,,,,,English
X. B. Saintine,e,12.81,t,9.01,o,7.85,i,7.37,a,7.34,n,6.98,r,6.4,s,6.29,h,5.89,d,4.12,12.81,9.01,7.85,7.34,6.98,7.37,6.4,6.29,5.89,3.79,4.12,3.11,2.81,2.78,2.43,2.14,1.84,1.76,1.36,1.8,,,,,,English
Xenophon,e,12.78,t,9.31,a,8.1,o,7.66,h,6.74,n,6.74,s,6.58,i,6.3,r,5.98,d,4.25,12.78,9.31,7.66,8.1,6.74,6.3,5.98,6.58,6.74,3.66,4.25,2.48,3.0,2.33,2.43,1.66,1.86,2.27,1.39,2.38,,,,,,English
Yei Theodora Ozaki,e,12.7,t,9.22,a,8.11,o,8.05,h,7.41,n,6.54,i,6.26,s,5.95,r,5.81,d,4.78,12.7,9.22,8.05,8.11,6.54,6.26,5.81,5.95,7.41,3.73,4.78,1.96,2.69,2.26,2.51,1.56,2.15,1.95,1.47,2.52,,,,,,English
Yevgeny Zamyatin,e,12.64,t,9.22,o,7.63,a,7.57,i,7.18,n,6.73,s,6.15,r,5.89,h,5.78,l,4.55,12.64,9.22,7.63,7.57,6.73,7.18,5.89,6.15,5.78,4.55,4.12,2.27,3.01,2.14,2.72,1.65,1.99,2.4,1.58,2.59,,,,,,English
Yone Noguchi,e,12.13,t,8.41,a,7.91,i,7.78,o,7.65,n,6.5,s,6.28,r,5.93,h,5.47,l,4.21,12.13,8.41,7.65,7.91,6.5,7.78,5.93,6.28,5.47,4.21,3.68,2.7,2.88,2.2,3.09,2.05,2.28,2.6,1.56,2.26,,,,,,English
Z.B. Bishop,e,12.01,t,9.55,a,8.04,o,7.78,i,7.03,n,6.92,r,6.07,s,5.86,h,5.79,d,4.63,12.01,9.55,7.78,8.04,6.92,7.03,6.07,5.86,5.79,3.87,4.63,2.65,3.01,2.18,2.43,1.72,2.3,1.89,1.58,2.28,,,,,,English
Zealia Brown Reed,e,12.42,t,9.39,a,7.83,o,7.68,n,6.93,i,6.56,r,6.43,s,5.9,h,5.37,d,4.39,12.42,9.39,7.68,7.83,6.93,6.56,6.43,5.9,5.37,3.96,4.39,2.94,2.85,2.29,2.22,1.96,2.37,2.03,1.58,2.33,,,,,,English
__mile Zola,e,13.24,t,8.82,a,7.35,o,7.22,h,7.18,i,6.61,s,6.57,n,6.26,r,5.9,l,4.48,13.24,8.82,7.22,7.35,6.26,6.61,5.9,6.57,7.18,4.48,4.33,2.2,3.0,2.28,2.25,1.62,2.42,1.88,1.64,2.44,,,,,,English
___Abdu___l-Bah__,e,12.78,t,9.38,o,7.67,a,7.57,i,7.18,n,7.12,r,6.17,s,6.11,h,5.82,d,4.08,12.78,9.38,7.67,7.57,7.12,7.18,6.17,6.11,5.82,3.8,4.08,2.7,2.81,2.53,2.22,2.0,2.14,1.72,1.76,1.95,,,,,,English
Æsop,e,12.6,t,9.79,a,8.11,o,7.91,h,6.85,n,6.37,i,6.02,s,5.9,r,5.49,d,4.59,12.6,9.79,7.91,8.11,6.37,6.02,5.49,5.9,6.85,4.09,4.59,2.21,2.99,2.37,2.18,1.71,2.31,2.12,1.47,2.53,,,,,,English
