Author,Char_1,Freq_1,Char_2,Freq_2,Char_3,Freq_3,Char_4,Freq_4,Char_5,Freq_5,Char_6,Freq_6,Char_7,Freq_7,Char_8,Freq_8,Char_9,Freq_9,Char_10,Freq_10,char_e,char_a,char_s,char_n,char_i,char_r,char_l,char_t,char_o,char_u,char_d,char_c,char_m,char_p,char_v,char_g,char_b,char_f,char_h,char_q,Language,char_k,char_y,char_j,char_w,char_z,char_ſ,char_ī,char_é,char_þ,char_ä,char_ö,char_á,char_æ,char_о,char_а,char_е,char_к,char_и,char_т,char_н,char_р,char_л,char_с,char_в,char_у,char_п,char_д,char_б,char_ь,char_м,char_ч,char_я,char_í,char_å,char_ó
Carles Soldevila,e,12.77,a,12.44,s,7.64,n,6.93,i,6.85,r,6.63,l,6.48,t,6.31,o,5.3,u,4.05,12.77,12.44,7.64,6.93,6.85,6.63,6.48,6.31,5.3,4.05,3.82,3.37,3.06,2.57,1.65,1.54,1.45,1.17,1.04,0.95,Catalan,,,,,,,,,,,,,,,,,,,,,,,,,,,,,,,,,,,
Christian Winther,e,13.39,t,8.74,r,7.73,n,7.38,o,7.17,a,6.93,i,6.25,s,5.29,d,5.02,l,3.83,13.39,6.93,5.29,7.38,6.25,7.73,3.83,8.74,7.17,2.84,5.02,2.45,2.54,2.19,,3.49,1.6,2.16,3.08,,Danish,1.7,1.59,,,,,,,,,,,,,,,,,,,,,,,,,,,,,,,,,
Richard Marsh,e,15.75,a,8.22,r,7.52,n,7.43,t,7.39,d,6.77,i,5.54,s,5.26,o,4.53,g,4.51,15.75,8.22,5.26,7.43,5.54,7.52,4.27,7.39,4.53,1.93,6.77,,3.16,1.61,2.58,4.51,1.25,2.0,2.65,,Danish,2.8,,1.21,,,,,,,,,,,,,,,,,,,,,,,,,,,,,,,,
Sophus Bauditz,e,16.16,a,8.56,r,7.74,n,7.47,d,6.84,t,6.64,i,5.38,s,5.23,g,4.98,o,4.73,16.16,8.56,5.23,7.47,5.38,7.74,4.59,6.64,4.73,2.16,6.84,,3.18,1.31,2.65,4.98,1.44,1.97,2.39,,Danish,2.74,,1.05,,,,,,,,,,,,,,,,,,,,,,,,,,,,,,,,
Anonymous,e,17.67,n,9.76,a,6.94,i,6.86,t,6.81,o,6.58,r,6.23,d,5.66,s,4.2,l,3.53,17.67,6.94,4.2,9.76,6.86,6.23,3.53,6.81,6.58,2.13,5.66,2.3,2.41,1.57,1.9,3.04,1.51,,3.47,,Dutch,1.64,,,1.72,,,,,,,,,,,,,,,,,,,,,,,,,,,,,,,
D' Arbez,e,18.72,n,10.71,a,7.86,d,6.27,i,6.2,t,6.19,o,6.0,r,5.79,s,3.62,l,3.47,18.72,7.86,3.62,10.71,6.2,5.79,3.47,6.19,6.0,1.74,6.27,,2.16,,2.15,3.34,1.43,,3.21,,Dutch,2.26,,1.72,1.81,1.6,,,,,,,,,,,,,,,,,,,,,,,,,,,,,,
Emile Amelineau,e,17.12,n,9.41,t,7.42,o,6.98,a,6.66,i,6.64,r,6.17,d,5.95,s,4.41,l,3.36,17.12,6.66,4.41,9.41,6.64,6.17,3.36,7.42,6.98,2.12,5.95,2.08,2.15,1.8,1.95,3.05,1.76,,3.09,,Dutch,1.5,,,1.69,,,,,,,,,,,,,,,,,,,,,,,,,,,,,,,
Emile Deschamps,e,18.63,n,10.7,a,7.54,t,6.48,o,6.28,r,6.13,i,6.08,d,6.0,s,3.73,l,3.51,18.63,7.54,3.73,10.7,6.08,6.13,3.51,6.48,6.28,1.87,6.0,1.46,2.27,1.48,2.34,3.18,1.6,,2.96,,Dutch,2.09,,,1.63,,,,,,,,,,,,,,,,,,,,,,,,,,,,,,,
George Washington Bacon,e,18.48,n,10.32,a,7.07,i,6.68,d,6.52,r,6.36,t,6.33,o,6.1,g,3.66,s,3.64,18.48,7.07,3.64,10.32,6.68,6.36,3.56,6.33,6.1,1.65,6.52,1.58,2.09,,2.5,3.66,1.49,,2.92,,Dutch,1.68,,1.6,1.81,,,,,,,,,,,,,,,,,,,,,,,,,,,,,,,
Gerlacus Ribbius,e,17.28,n,9.84,t,7.23,a,7.18,i,6.82,o,6.76,r,5.97,d,5.05,s,4.18,l,3.57,17.28,7.18,4.18,9.84,6.82,5.97,3.57,7.23,6.76,2.2,5.05,1.7,2.36,1.6,1.89,2.89,,,3.08,,Dutch,2.17,,1.82,1.64,,,,,,,,,,,,,,,,,,,,,,,,,,,,,,,
Hugo de Vries,e,18.22,n,9.96,a,7.23,o,6.47,r,6.46,t,6.36,i,6.01,d,5.91,s,4.15,l,3.76,18.22,7.23,4.15,9.96,6.01,6.46,3.76,6.36,6.47,2.07,5.91,1.7,1.93,1.38,2.27,3.61,1.69,,2.87,,Dutch,1.95,,,1.82,,,,,,,,,,,,,,,,,,,,,,,,,,,,,,,
Jos. J. Schürmann,e,17.73,n,9.76,a,7.35,t,6.8,i,6.58,r,6.39,o,6.35,d,5.17,s,3.93,l,3.66,17.73,7.35,3.93,9.76,6.58,6.39,3.66,6.8,6.35,2.15,5.17,1.8,2.43,,2.2,3.05,1.48,,3.13,,Dutch,2.14,,1.7,1.56,,,,,,,,,,,,,,,,,,,,,,,,,,,,,,,
Jules Verne,e,18.51,n,10.34,a,7.18,i,6.71,t,6.29,o,6.18,d,6.07,r,5.74,l,3.58,s,3.55,18.51,7.18,3.55,10.34,6.71,5.74,3.58,6.29,6.18,1.83,6.07,1.44,2.33,,2.23,3.02,,,3.14,,Dutch,2.72,,1.72,1.98,1.65,,,,,,,,,,,,,,,,,,,,,,,,,,,,,,
Ludovic Halévy,e,17.97,n,9.53,a,7.55,i,7.04,t,6.74,o,5.89,r,5.82,d,5.16,s,3.46,h,3.44,17.97,7.55,3.46,9.53,7.04,5.82,3.39,6.74,5.89,2.04,5.16,,2.47,,1.98,3.18,1.48,,3.44,,Dutch,2.22,,2.63,1.95,1.86,,,,,,,,,,,,,,,,,,,,,,,,,,,,,,
Ludwig Rellstab,e,18.94,n,9.88,i,6.6,a,6.52,d,6.46,r,6.29,o,6.12,t,5.83,l,3.63,h,3.59,18.94,6.52,3.56,9.88,6.6,6.29,3.63,5.83,6.12,1.67,6.46,,2.26,,2.26,3.37,1.43,,3.59,,Dutch,2.42,,2.06,1.93,1.83,,,,,,,,,,,,,,,,,,,,,,,,,,,,,,
M. E. Hume-Griffith,e,18.56,n,10.67,a,7.62,o,6.51,t,6.32,r,6.23,i,6.14,d,5.76,s,3.57,l,3.34,18.56,7.62,3.57,10.67,6.14,6.23,3.34,6.32,6.51,1.79,5.76,,2.4,,2.3,3.12,1.38,,3.01,,Dutch,2.16,,1.56,2.11,1.56,,,,,,,,,,,,,,,,,,,,,,,,,,,,,,
Paulus Adrianus Daum,e,17.99,n,9.69,a,8.05,i,6.58,o,6.27,t,6.17,d,5.74,r,5.66,h,4.15,l,3.52,17.99,8.05,3.39,9.69,6.58,5.66,3.52,6.17,6.27,1.68,5.74,,2.46,,1.98,3.27,1.48,,4.15,,Dutch,2.31,,2.25,1.84,1.85,,,,,,,,,,,,,,,,,,,,,,,,,,,,,,
Roald Amundsen,e,19.28,n,10.91,a,6.93,t,6.69,o,6.08,i,5.96,d,5.89,r,5.69,s,3.67,l,3.56,19.28,6.93,3.67,10.91,5.96,5.69,3.56,6.69,6.08,1.79,5.89,,2.18,1.5,2.3,3.26,1.55,,3.07,,Dutch,2.21,,,2.03,1.56,,,,,,,,,,,,,,,,,,,,,,,,,,,,,,
Various,e,19.11,n,10.83,a,7.24,i,6.35,r,6.17,d,6.1,o,6.09,t,6.06,s,3.71,l,3.63,19.11,7.24,3.71,10.83,6.35,6.17,3.63,6.06,6.09,1.7,6.1,,2.1,,2.49,3.31,1.53,,2.97,,Dutch,2.18,,1.55,1.66,1.49,,,,,,,,,,,,,,,,,,,,,,,,,,,,,,
R. J. Spitz,e,18.05,n,9.05,t,7.22,i,7.16,o,6.63,r,6.36,a,6.28,d,5.29,s,4.18,h,4.02,18.05,6.28,4.18,9.05,7.16,6.36,3.62,7.22,6.63,2.16,5.29,2.63,2.5,1.33,1.91,3.22,1.52,,4.02,,Dutch (Nederlands),,,1.3,1.87,,,,,,,,,,,,,,,,,,,,,,,,,,,,,,,
'A Highland Seer',e,12.27,t,9.09,o,8.1,a,7.39,n,7.25,i,7.22,r,6.71,s,6.45,h,4.45,l,3.88,12.27,7.39,6.45,7.25,7.22,6.71,3.88,9.09,8.1,3.12,3.6,3.4,2.37,2.28,,2.22,1.78,2.84,4.45,,English,,1.94,,1.54,,,,,,,,,,,,,,,,,,,,,,,,,,,,,,,
(Illustrated by Blanche Fisher Wright),e,11.97,t,8.77,a,8.09,o,7.74,n,6.51,i,6.41,r,5.72,h,5.71,s,5.47,l,5.19,11.97,8.09,5.47,6.51,6.41,5.72,5.19,8.77,7.74,2.5,4.46,2.64,2.68,1.99,,2.26,2.07,1.81,5.71,,English,,2.79,,2.62,,,,,,,,,,,,,,,,,,,,,,,,,,,,,,,
A London Antiquary,e,11.58,t,8.3,o,8.3,a,8.29,n,7.13,r,6.83,s,6.67,i,6.64,h,4.64,l,4.2,11.58,8.29,6.67,7.13,6.64,6.83,4.2,8.3,8.3,2.75,3.64,3.23,2.45,2.38,,2.54,1.75,2.33,4.64,,English,,1.87,,1.77,,,,,,,,,,,,,,,,,,,,,,,,,,,,,,,
A. A. Milne,e,11.63,t,9.61,o,8.3,a,8.02,i,6.92,n,6.67,h,6.55,s,5.77,r,5.19,d,4.46,11.63,8.02,5.77,6.67,6.92,5.19,4.27,9.61,8.3,2.93,4.46,2.06,2.22,1.76,,2.17,1.83,1.87,6.55,,English,,2.64,,2.68,,,,,,,,,,,,,,,,,,,,,,,,,,,,,,,
A. C. Bradley,e,12.87,t,9.61,a,7.8,i,7.6,o,7.5,s,7.32,n,6.84,h,6.29,r,5.67,l,3.92,12.87,7.8,7.32,6.84,7.6,5.67,3.92,9.61,7.5,2.57,3.61,2.82,2.45,1.83,,1.79,1.43,2.52,6.29,,English,,1.62,,1.81,,,,,,,,,,,,,,,,,,,,,,,,,,,,,,,
A. C. Hobbs,e,12.68,t,10.09,o,7.88,i,6.92,a,6.91,n,6.78,s,6.15,r,6.06,h,5.77,l,4.09,12.68,6.91,6.15,6.78,6.92,6.06,4.09,10.09,7.88,2.53,3.48,3.76,2.32,2.24,,1.68,2.06,2.46,5.77,,English,,1.65,,1.72,,,,,,,,,,,,,,,,,,,,,,,,,,,,,,,
A. Conan Doyle,e,12.27,t,9.07,a,8.1,o,7.78,i,7.0,n,6.64,h,6.59,s,6.24,r,5.76,d,4.25,12.27,8.1,6.24,6.64,7.0,5.76,3.97,9.07,7.78,2.99,4.25,2.49,2.7,1.64,,1.85,1.48,2.09,6.59,,English,,2.17,,2.56,,,,,,,,,,,,,,,,,,,,,,,,,,,,,,,
A. E. (Arno Erdman) Schmidt,e,12.68,t,9.69,a,7.94,o,7.21,r,7.14,i,6.59,n,6.54,s,6.52,h,5.16,l,3.87,12.68,7.94,6.52,6.54,6.59,7.14,3.87,9.69,7.21,3.13,3.42,3.0,2.42,2.5,,1.98,1.61,2.66,5.16,,English,,1.7,,1.83,,,,,,,,,,,,,,,,,,,,,,,,,,,,,,,
A. E. Housman,e,12.23,t,9.08,o,8.03,a,7.43,n,7.06,i,6.53,r,6.42,s,5.95,h,5.65,l,4.89,12.23,7.43,5.95,7.06,6.53,6.42,4.89,9.08,8.03,2.92,4.37,2.21,2.43,1.75,,2.27,1.6,2.13,5.65,,English,,2.16,,2.47,,,,,,,,,,,,,,,,,,,,,,,,,,,,,,,
A. M. Barnard,e,12.67,t,8.31,a,8.25,o,7.46,n,7.0,i,6.79,r,6.27,s,6.24,h,5.8,d,4.65,12.67,8.25,6.24,7.0,6.79,6.27,4.14,8.31,7.46,2.84,4.65,2.4,2.73,1.85,,2.02,1.38,2.21,5.8,,English,,2.33,,2.3,,,,,,,,,,,,,,,,,,,,,,,,,,,,,,,
A. T. Mahan,e,12.83,t,9.64,a,8.0,o,7.39,n,7.32,i,6.93,s,6.34,r,6.2,h,5.97,d,3.95,12.83,8.0,6.34,7.32,6.93,6.2,3.69,9.64,7.39,2.56,3.95,3.06,2.17,2.04,,1.89,1.49,2.94,5.97,,English,,1.58,,1.98,,,,,,,,,,,,,,,,,,,,,,,,,,,,,,,
A. W. Tozer,e,12.65,t,9.51,o,8.04,i,7.45,a,7.2,n,6.89,s,6.5,h,6.11,r,5.94,l,4.04,12.65,7.2,6.5,6.89,7.45,5.94,4.04,9.51,8.04,2.75,3.78,2.58,2.26,1.81,,2.15,1.52,2.61,6.11,,English,,1.81,,2.14,,,,,,,,,,,,,,,,,,,,,,,,,,,,,,,
Abd Salam Shabeeny,e,12.59,t,9.41,a,8.52,o,7.81,i,6.92,n,6.77,r,6.62,s,6.07,h,5.63,d,3.81,12.59,8.52,6.07,6.77,6.92,6.62,3.52,9.41,7.81,2.8,3.81,3.14,2.68,1.92,,1.76,1.75,2.63,5.63,,English,,1.66,,1.69,,,,,,,,,,,,,,,,,,,,,,,,,,,,,,,
Abraham Lincoln,e,12.25,t,9.51,o,8.09,a,7.65,n,7.29,i,7.17,r,6.26,s,5.89,h,5.11,l,4.08,12.25,7.65,5.89,7.29,7.17,6.26,4.08,9.51,8.09,2.82,4.01,3.04,2.42,2.07,,2.12,1.52,2.33,5.11,,English,,1.92,,2.16,,,,,,,,,,,,,,,,,,,,,,,,,,,,,,,
Abram J. Dittenhoefer,e,12.76,t,9.48,a,7.77,o,7.66,n,7.66,i,7.26,r,6.28,s,5.86,h,5.2,l,4.14,12.76,7.77,5.86,7.66,7.26,6.28,4.14,9.48,7.66,2.53,4.0,3.25,2.4,2.06,,1.9,1.51,2.44,5.2,,English,,1.74,,1.93,,,,,,,,,,,,,,,,,,,,,,,,,,,,,,,
Adam Smith,e,12.93,t,9.9,o,8.15,a,7.51,n,7.04,i,6.76,r,6.62,s,5.79,h,5.7,l,3.52,12.93,7.51,5.79,7.04,6.76,6.62,3.52,9.9,8.15,2.99,3.38,3.3,2.52,2.31,,1.58,1.59,2.78,5.7,,English,,1.9,,1.58,,,,,,,,,,,,,,,,,,,,,,,,,,,,,,,
Adelin Balch Coit,e,11.53,t,9.64,o,9.27,a,7.16,r,7.08,i,6.94,n,6.9,s,4.89,c,3.7,h,3.6,11.53,7.16,4.89,6.9,6.94,7.08,3.59,9.64,9.27,3.32,3.54,3.7,2.28,3.03,,2.43,1.98,3.05,3.6,,English,,1.69,,1.73,,,,,,,,,,,,,,,,,,,,,,,,,,,,,,,
Aeschylus,e,12.57,t,8.92,a,8.0,o,7.73,n,6.71,s,6.63,h,6.43,i,6.38,r,6.35,l,4.38,12.57,8.0,6.63,6.71,6.38,6.35,4.38,8.92,7.73,2.49,4.08,2.51,2.44,1.8,,2.36,1.41,2.47,6.43,,English,,1.93,,2.3,,,,,,,,,,,,,,,,,,,,,,,,,,,,,,,
Aesop,e,12.69,t,9.46,a,8.14,o,7.82,h,6.81,n,6.7,i,6.41,s,5.85,r,5.55,d,4.57,12.69,8.14,5.85,6.7,6.41,5.55,3.81,9.46,7.82,2.93,4.57,2.33,2.41,1.8,,2.17,1.59,2.47,6.81,,English,,1.92,,2.33,,,,,,,,,,,,,,,,,,,,,,,,,,,,,,,
Agatha Christie,e,12.26,t,9.34,a,7.94,o,7.82,i,7.16,n,6.65,s,6.01,h,5.82,r,5.79,d,4.39,12.26,7.94,6.01,6.65,7.16,5.79,3.98,9.34,7.82,3.21,4.39,2.43,2.76,1.85,,2.05,1.48,1.95,5.82,,English,,2.34,,2.29,,,,,,,,,,,,,,,,,,,,,,,,,,,,,,,
Agnes C. (Agnes Christina) Laut,e,12.43,t,9.02,a,7.9,o,7.73,n,7.39,r,7.02,s,6.51,i,6.2,h,5.66,d,4.44,12.43,7.9,6.51,7.39,6.2,7.02,3.6,9.02,7.73,2.53,4.44,2.77,2.21,2.04,,2.08,1.67,2.59,5.66,,English,,1.76,,2.1,,,,,,,,,,,,,,,,,,,,,,,,,,,,,,,
Agnes Giberne,e,12.38,t,8.98,o,8.05,a,7.68,n,6.76,i,6.67,s,6.38,h,6.19,r,5.93,d,4.59,12.38,7.68,6.38,6.76,6.67,5.93,4.14,8.98,8.05,3.1,4.59,2.23,2.56,1.64,,2.14,1.44,2.11,6.19,,English,,2.17,,2.44,,,,,,,,,,,,,,,,,,,,,,,,,,,,,,,
Agnes Grainger Stewart,e,12.51,t,8.76,o,7.78,a,7.63,i,7.22,n,6.72,r,6.65,s,6.48,h,6.11,d,4.13,12.51,7.63,6.48,6.72,7.22,6.65,3.53,8.76,7.78,2.64,4.13,2.94,2.52,1.77,,2.3,1.54,2.51,6.11,,English,,1.92,,2.18,,,,,,,,,,,,,,,,,,,,,,,,,,,,,,,
Agnes Mary Frances (Robinson) Duclaux,e,12.94,t,8.88,a,8.1,o,7.48,n,6.84,s,6.74,r,6.72,i,6.38,h,5.72,l,4.48,12.94,8.1,6.74,6.84,6.38,6.72,4.48,8.88,7.48,2.94,3.86,2.75,2.31,1.81,,1.9,1.45,2.66,5.72,,English,,1.68,,1.97,,,,,,,,,,,,,,,,,,,,,,,,,,,,,,,
Albert Angus Turbayne,e,11.64,t,9.88,i,7.97,o,7.81,a,7.2,r,6.89,n,6.43,s,5.29,l,4.87,h,3.77,11.64,7.2,5.29,6.43,7.97,6.89,4.87,9.88,7.81,3.0,3.41,3.39,2.2,2.77,,2.18,1.8,2.31,3.77,,English,,1.6,,1.84,,,,,,,,,,,,,,,,,,,,,,,,,,,,,,,
Albert G. Mackey,e,12.76,t,9.86,o,7.79,i,7.74,a,7.49,n,7.19,s,6.59,r,6.1,h,5.54,d,3.85,12.76,7.49,6.59,7.19,7.74,6.1,3.65,9.86,7.79,2.45,3.85,3.1,2.61,1.92,,1.84,1.61,2.65,5.54,,English,,1.72,,1.58,,,,,,,,,,,,,,,,,,,,,,,,,,,,,,,
Alberta Powell Graham,e,11.67,a,8.7,t,8.43,n,7.64,o,7.3,i,7.07,r,6.57,s,6.42,h,5.28,d,4.32,11.67,8.7,6.42,7.64,7.07,6.57,3.92,8.43,7.3,2.74,4.32,3.27,2.79,1.95,,2.08,1.8,2.15,5.28,,English,,1.92,,1.81,,,,,,,,,,,,,,,,,,,,,,,,,,,,,,,
Aleksandr Sergeevich Pushkin,e,12.62,t,8.59,a,7.74,o,7.35,i,7.32,n,6.9,s,6.8,r,6.32,h,5.62,l,4.22,12.62,7.74,6.8,6.9,7.32,6.32,4.22,8.59,7.35,3.01,4.15,2.58,2.54,1.96,,2.0,1.5,2.22,5.62,,English,,1.85,,2.03,,,,,,,,,,,,,,,,,,,,,,,,,,,,,,,
Alexander Falconbridge,e,13.62,t,9.33,o,7.74,a,7.65,n,6.89,r,6.66,i,6.54,s,6.09,h,5.67,d,3.83,13.62,7.65,6.09,6.89,6.54,6.66,3.3,9.33,7.74,2.62,3.83,3.09,2.21,2.13,,2.03,1.73,2.65,5.67,,English,,1.86,,1.86,,,,,,,,,,,,,,,,,,,,,,,,,,,,,,,
"Alexander Hamilton, John Jay, and James Madison",e,13.36,t,10.71,o,7.89,i,7.64,n,7.3,a,7.17,s,6.26,r,5.91,h,5.15,l,3.52,13.36,7.17,6.26,7.3,7.64,5.91,3.52,10.71,7.89,2.83,3.32,3.33,2.33,2.31,,1.42,1.65,2.7,5.15,,English,,1.54,,1.51,,,,,,,,,,,,,,,,,,,,,,,,,,,,,,,
Alexander Pope,e,12.37,t,9.03,a,7.78,o,7.68,s,7.24,i,6.86,n,6.8,r,6.34,h,5.71,l,4.2,12.37,7.78,7.24,6.8,6.86,6.34,4.2,9.03,7.68,2.84,3.99,2.62,2.37,2.28,,1.85,1.54,2.35,5.71,,English,,1.66,,2.14,,,,,,,,,,,,,,,,,,,,,,,,,,,,,,,
Alexander Pushkin,e,12.72,t,8.99,a,8.07,o,7.53,i,6.93,n,6.83,s,6.34,h,6.27,r,6.22,d,4.58,12.72,8.07,6.34,6.83,6.93,6.22,3.76,8.99,7.53,2.81,4.58,2.43,2.6,1.78,,2.01,1.42,2.2,6.27,,English,,1.81,,2.19,,,,,,,,,,,,,,,,,,,,,,,,,,,,,,,
"Alexandre Dumas, Père",e,12.45,t,9.0,a,8.44,o,7.71,i,6.87,n,6.82,h,6.44,s,6.16,r,5.93,d,4.68,12.45,8.44,6.16,6.82,6.87,5.93,3.68,9.0,7.71,3.05,4.68,2.37,2.83,1.65,,1.94,1.31,2.05,6.44,,English,,2.01,,2.27,,,,,,,,,,,,,,,,,,,,,,,,,,,,,,,
Alexis de Toqueville,e,13.19,t,10.44,i,7.87,o,7.5,a,7.44,n,7.16,s,6.62,r,5.98,h,5.59,l,3.56,13.19,7.44,6.62,7.16,7.87,5.98,3.56,10.44,7.5,2.59,3.3,3.45,2.5,2.05,,1.41,1.39,2.54,5.59,,English,,1.72,,1.62,,,,,,,,,,,,,,,,,,,,,,,,,,,,,,,
Alfred Edgar (A. E.) Coppard,e,12.19,t,8.85,a,8.03,o,7.53,n,6.86,i,6.82,h,6.71,s,6.09,r,5.66,d,4.74,12.19,8.03,6.09,6.86,6.82,5.66,4.27,8.85,7.53,2.89,4.74,2.23,2.47,1.71,,2.34,1.65,2.18,6.71,,English,,1.94,,2.52,,,,,,,,,,,,,,,,,,,,,,,,,,,,,,,
Alfred Elwes,e,12.45,t,9.33,o,7.95,a,7.65,i,6.85,n,6.7,r,6.11,s,5.99,h,5.84,d,4.34,12.45,7.65,5.99,6.7,6.85,6.11,3.64,9.33,7.95,3.02,4.34,2.68,2.52,1.94,,2.22,1.65,2.48,5.84,,English,,1.98,,2.41,,,,,,,,,,,,,,,,,,,,,,,,,,,,,,,
Alfred Lord Tennyson,e,12.61,t,8.78,a,7.81,o,7.71,n,6.63,h,6.43,r,6.38,s,6.21,i,6.13,l,4.66,12.61,7.81,6.21,6.63,6.13,6.38,4.66,8.78,7.71,2.92,4.66,2.26,2.68,1.62,,2.07,1.55,2.28,6.43,,English,,1.81,,2.65,,,,,,,,,,,,,,,,,,,,,,,,,,,,,,,
Alfred Tennyson Tennyson,e,12.26,t,9.04,o,7.7,a,7.69,n,6.62,i,6.56,r,6.4,h,6.37,s,6.34,l,4.68,12.26,7.69,6.34,6.62,6.56,6.4,4.68,9.04,7.7,2.49,4.3,2.41,2.57,1.67,,2.11,1.56,2.43,6.37,,English,,1.72,,2.56,,,,,,,,,,,,,,,,,,,,,,,,,,,,,,,
Alfred William Benn,e,12.57,t,9.84,i,7.98,o,7.75,a,7.59,n,6.94,s,6.75,r,5.88,h,5.47,l,3.93,12.57,7.59,6.75,6.94,7.98,5.88,3.93,9.84,7.75,2.64,3.54,3.4,2.32,2.2,,1.75,1.43,2.38,5.47,,English,,1.66,,1.77,,,,,,,,,,,,,,,,,,,,,,,,,,,,,,,
"Alfred, Lord Tennyson",e,12.73,t,8.66,a,8.19,o,7.36,h,7.25,n,7.14,r,6.11,i,6.1,s,5.72,d,4.9,12.73,8.19,5.72,7.14,6.1,6.11,4.83,8.66,7.36,2.57,4.9,1.82,2.6,1.18,,2.24,1.51,2.27,7.25,,English,,1.81,,2.65,,,,,,,,,,,,,,,,,,,,,,,,,,,,,,,
Algernon Blackwood,e,12.41,t,9.59,a,7.67,o,7.49,n,7.1,i,7.09,s,6.17,h,5.93,r,5.62,d,4.47,12.41,7.67,6.17,7.1,7.09,5.62,3.91,9.59,7.49,2.9,4.47,2.53,2.47,1.88,,2.35,1.43,2.49,5.93,,English,,1.79,,2.33,,,,,,,,,,,,,,,,,,,,,,,,,,,,,,,
Alice Gerstenberg,e,12.38,t,9.43,o,7.91,a,7.68,i,7.02,n,6.46,s,5.98,r,5.71,h,5.5,l,4.14,12.38,7.68,5.98,6.46,7.02,5.71,4.14,9.43,7.91,3.67,3.67,2.99,2.31,1.72,,2.27,1.48,1.9,5.5,,English,,2.51,,2.35,,,,,,,,,,,,,,,,,,,,,,,,,,,,,,,
Alice Mabel Bacon,e,13.07,t,9.29,a,7.87,o,7.65,n,7.07,i,6.81,s,6.71,r,6.21,h,6.17,d,3.75,13.07,7.87,6.71,7.07,6.81,6.21,3.72,9.29,7.65,2.55,3.75,2.58,2.51,1.94,,1.93,1.45,2.74,6.17,,English,,1.78,,1.88,,,,,,,,,,,,,,,,,,,,,,,,,,,,,,,
Allen Chaffee,e,12.94,t,9.72,o,7.6,a,7.45,h,7.02,n,6.35,r,6.11,i,5.85,s,5.62,d,4.43,12.94,7.45,5.62,6.35,5.85,6.11,4.23,9.72,7.6,2.72,4.43,2.31,1.95,1.74,,2.35,1.6,2.85,7.02,,English,,1.88,,2.78,,,,,,,,,,,,,,,,,,,,,,,,,,,,,,,
Alvarado M. Fuller,e,12.81,t,9.52,a,7.93,o,7.62,n,6.89,i,6.87,s,6.07,h,6.04,r,6.04,d,4.23,12.81,7.93,6.07,6.89,6.87,6.04,3.87,9.52,7.62,2.82,4.23,2.87,2.37,1.79,,1.91,1.65,2.39,6.04,,English,,1.89,,2.14,,,,,,,,,,,,,,,,,,,,,,,,,,,,,,,
Ambrose Bierce,e,12.13,t,9.18,a,8.03,o,7.8,i,7.44,n,7.31,s,6.31,r,6.08,h,5.49,l,3.9,12.13,8.03,6.31,7.31,7.44,6.08,3.9,9.18,7.8,2.74,3.9,2.93,2.49,2.09,,2.07,1.65,2.46,5.49,,English,,1.83,,1.9,,,,,,,,,,,,,,,,,,,,,,,,,,,,,,,
Ambrose Coleman,e,12.63,t,9.45,a,7.76,i,7.74,o,7.59,n,7.2,s,6.68,r,6.51,h,5.63,l,3.74,12.63,7.76,6.68,7.2,7.74,6.51,3.74,9.45,7.59,2.56,3.58,3.09,2.29,2.35,,1.82,1.39,2.44,5.63,,English,,1.72,,1.7,,,,,,,,,,,,,,,,,,,,,,,,,,,,,,,
Amelia Alderson Opie,e,13.19,t,8.31,a,7.75,o,7.62,n,7.16,i,6.72,r,6.44,h,6.13,s,6.11,d,4.72,13.19,7.75,6.11,7.16,6.72,6.44,4.07,8.31,7.62,2.91,4.72,2.48,2.75,1.67,,1.86,1.55,2.2,6.13,,English,,2.08,,2.15,,,,,,,,,,,,,,,,,,,,,,,,,,,,,,,
An Anti-Slavery Convention of American Women,e,12.67,t,9.3,o,8.31,a,7.15,i,6.96,n,6.94,r,6.51,s,6.03,h,5.52,l,3.8,12.67,7.15,6.03,6.94,6.96,6.51,3.8,9.3,8.31,3.15,3.71,3.22,2.32,2.12,,1.83,1.64,2.65,5.52,,English,,1.91,,1.95,,,,,,,,,,,,,,,,,,,,,,,,,,,,,,,
Anatole France,e,12.84,t,8.72,a,7.94,o,7.38,i,7.18,n,6.82,s,6.26,h,6.19,r,6.1,d,4.52,12.84,7.94,6.26,6.82,7.18,6.1,4.01,8.72,7.38,3.04,4.52,2.7,2.53,1.8,,2.1,1.51,2.31,6.19,,English,,1.66,,2.04,,,,,,,,,,,,,,,,,,,,,,,,,,,,,,,
Andrew Lang,e,12.77,t,9.02,a,8.08,o,7.35,h,7.09,i,6.8,n,6.71,s,6.17,r,5.63,d,4.85,12.77,8.08,6.17,6.71,6.8,5.63,3.71,9.02,7.35,2.86,4.85,2.37,2.6,1.7,,1.99,1.44,2.19,7.09,,English,,2.06,,2.42,,,,,,,,,,,,,,,,,,,,,,,,,,,,,,,
Andr__ Ch__radame,e,12.71,t,9.45,a,8.21,i,7.38,n,7.37,o,7.27,r,6.62,s,6.4,h,4.87,l,4.22,12.71,8.21,6.4,7.37,7.38,6.62,4.22,9.45,7.27,2.76,3.04,3.04,2.51,2.15,,2.08,1.68,2.62,4.87,,English,,1.86,,1.61,,,,,,,,,,,,,,,,,,,,,,,,,,,,,,,
Ann Radcliffe,e,13.55,t,9.22,a,7.56,o,7.54,n,6.94,h,6.81,i,6.51,s,6.3,r,5.98,d,4.54,13.55,7.56,6.3,6.94,6.51,5.98,3.79,9.22,7.54,2.79,4.54,2.7,2.71,1.71,,1.75,1.29,2.21,6.81,,English,,1.76,,2.24,,,,,,,,,,,,,,,,,,,,,,,,,,,,,,,
Anna Katharine Green,e,12.54,t,9.07,o,7.91,a,7.66,i,7.07,n,6.72,h,6.29,s,6.2,r,5.99,d,4.43,12.54,7.66,6.2,6.72,7.07,5.99,3.66,9.07,7.91,2.91,4.43,2.62,2.76,1.91,,1.82,1.42,2.27,6.29,,English,,2.06,,2.58,,,,,,,,,,,,,,,,,,,,,,,,,,,,,,,
Anna Mary Galbraith,e,12.7,t,9.79,o,7.88,a,7.5,i,7.4,n,6.97,s,6.83,r,5.98,h,5.33,l,3.82,12.7,7.5,6.83,6.97,7.4,5.98,3.82,9.79,7.88,2.74,3.72,3.41,2.37,1.99,,1.86,1.68,2.97,5.33,,English,,1.58,,1.38,,,,,,,,,,,,,,,,,,,,,,,,,,,,,,,
Anna Sewell,e,12.14,t,9.02,a,8.49,o,8.14,n,6.62,h,6.49,i,6.09,s,5.96,r,5.8,d,4.91,12.14,8.49,5.96,6.62,6.09,5.8,4.0,9.02,8.14,2.93,4.91,1.91,2.62,1.35,,2.27,1.6,1.99,6.49,,English,,2.31,,2.82,,,,,,,,,,,,,,,,,,,,,,,,,,,,,,,
Anna Steese Richardson,e,12.65,t,9.08,o,7.85,a,7.6,r,6.88,n,6.68,i,6.49,s,6.4,h,5.25,d,4.0,12.65,7.6,6.4,6.68,6.49,6.88,3.91,9.08,7.85,3.09,4.0,2.96,2.52,1.92,,2.02,1.53,2.3,5.25,,English,,2.22,,2.08,,,,,,,,,,,,,,,,,,,,,,,,,,,,,,,
Anne Brontë,e,12.17,t,8.94,o,7.83,a,7.64,i,7.22,n,7.05,s,6.1,h,5.87,r,5.76,d,4.48,12.17,7.64,6.1,7.05,7.22,5.76,4.26,8.94,7.83,3.31,4.48,2.26,3.0,1.57,,1.98,1.53,2.23,5.87,,English,,2.33,,2.24,,,,,,,,,,,,,,,,,,,,,,,,,,,,,,,
Anne Douglas Sedgwick,e,12.75,t,8.62,a,8.22,o,7.55,n,6.96,i,6.63,h,6.39,s,6.32,r,5.77,d,4.72,12.75,8.22,6.32,6.96,6.63,5.77,4.17,8.62,7.55,2.87,4.72,2.09,2.61,1.5,,1.99,1.55,2.09,6.39,,English,,2.4,,2.43,,,,,,,,,,,,,,,,,,,,,,,,,,,,,,,
Annie Besant,e,12.21,t,9.8,o,7.74,i,7.65,a,7.3,n,6.82,s,6.56,r,5.99,h,5.62,l,4.19,12.21,7.3,6.56,6.82,7.65,5.99,4.19,9.8,7.74,3.02,3.41,2.99,2.37,2.05,,2.18,1.51,3.08,5.62,,English,,1.75,,1.72,,,,,,,,,,,,,,,,,,,,,,,,,,,,,,,
Annie S. Swan,e,12.83,t,8.83,a,7.95,o,7.19,n,6.9,i,6.7,h,6.54,r,6.39,s,6.08,d,4.62,12.83,7.95,6.08,6.9,6.7,6.39,4.0,8.83,7.19,2.8,4.62,2.25,2.41,1.63,,2.2,1.65,2.33,6.54,,English,,2.1,,2.41,,,,,,,,,,,,,,,,,,,,,,,,,,,,,,,
Anonymous,e,12.42,t,9.09,a,7.85,o,7.5,n,6.94,i,6.75,h,6.23,s,6.13,r,6.01,d,4.58,12.42,7.85,6.13,6.94,6.75,6.01,3.85,9.09,7.5,2.82,4.58,2.61,2.58,1.84,,1.97,1.54,2.36,6.23,,English,,1.87,,2.16,,,,,,,,,,,,,,,,,,,,,,,,,,,,,,,
Anthony Berkeley,e,11.99,t,9.67,o,8.3,a,7.62,i,6.92,n,6.84,s,6.06,r,5.96,h,5.91,d,4.08,11.99,7.62,6.06,6.84,6.92,5.96,4.06,9.67,8.3,3.1,4.08,2.4,2.44,1.8,,2.29,1.51,1.97,5.91,,English,,2.56,,2.22,,,,,,,,,,,,,,,,,,,,,,,,,,,,,,,
Anthony Hope,e,12.37,t,8.96,a,8.19,o,7.43,i,7.0,n,6.77,h,6.29,s,5.92,r,5.82,d,5.01,12.37,8.19,5.92,6.77,7.0,5.82,3.97,8.96,7.43,2.94,5.01,2.16,2.73,1.65,,2.14,1.41,2.25,6.29,,English,,2.07,,2.4,,,,,,,,,,,,,,,,,,,,,,,,,,,,,,,
Anthony Trollope,e,12.42,t,9.7,o,8.33,a,7.71,h,7.04,n,6.63,i,6.27,r,6.13,s,5.83,d,4.22,12.42,7.71,5.83,6.63,6.27,6.13,3.5,9.7,8.33,2.74,4.22,2.59,2.53,1.66,,2.2,1.74,2.33,7.04,,English,,1.78,,2.54,,,,,,,,,,,,,,,,,,,,,,,,,,,,,,,
Antoine Simon Maillard,e,12.83,t,10.36,o,7.89,a,7.44,i,7.1,n,6.98,s,6.37,h,6.25,r,6.21,l,3.3,12.83,7.44,6.37,6.98,7.1,6.21,3.3,10.36,7.89,2.68,3.2,2.91,2.61,1.82,,1.98,1.48,2.53,6.25,,English,,1.97,,1.77,,,,,,,,,,,,,,,,,,,,,,,,,,,,,,,
Anton Checkov,e,11.9,t,8.65,o,8.36,a,8.31,i,7.41,n,7.06,s,6.38,r,5.93,h,5.32,l,4.03,11.9,8.31,6.38,7.06,7.41,5.93,4.03,8.65,8.36,3.14,3.62,2.14,2.7,1.63,,2.23,1.42,2.37,5.32,,English,,2.65,,2.03,,,,,,,,,,,,,,,,,,,,,,,,,,,,,,,
Anton Chekhov,e,12.08,t,8.85,a,8.33,o,7.74,n,7.17,i,6.89,h,6.45,s,6.29,r,5.44,d,4.52,12.08,8.33,6.29,7.17,6.89,5.44,4.06,8.85,7.74,2.85,4.52,2.1,2.43,1.54,,2.38,1.42,2.01,6.45,,English,,2.3,,2.43,,,,,,,,,,,,,,,,,,,,,,,,,,,,,,,
Antonio Pigafetta,e,12.46,a,9.85,t,8.4,o,8.21,n,7.17,i,7.07,r,5.82,s,4.93,h,4.88,l,4.51,12.46,9.85,4.93,7.17,7.07,5.82,4.51,8.4,8.21,2.82,3.99,3.05,2.47,2.11,,2.02,1.37,1.93,4.88,,English,,,,1.51,,1.26,,,,,,,,,,,,,,,,,,,,,,,,,,,,,
Apicius,e,11.87,i,8.27,t,8.21,a,8.11,o,7.28,n,6.78,s,6.68,r,6.59,h,4.44,l,4.33,11.87,8.11,6.68,6.78,8.27,6.59,4.33,8.21,7.28,3.32,3.75,3.57,2.58,2.77,,1.8,1.63,2.2,4.44,,English,,1.37,,1.52,,,,,,,,,,,,,,,,,,,,,,,,,,,,,,,
Apollonius Rhodius,e,13.02,t,9.16,a,7.95,h,7.69,o,7.28,n,6.66,s,6.62,r,6.14,i,6.02,d,4.72,13.02,7.95,6.62,6.66,6.02,6.14,3.79,9.16,7.28,2.66,4.72,2.08,2.34,1.65,,2.06,1.51,2.58,7.69,,English,,1.85,,2.27,,,,,,,,,,,,,,,,,,,,,,,,,,,,,,,
Archibald Marshall,e,12.37,t,9.43,a,7.98,o,7.88,h,7.13,i,6.88,n,6.49,s,5.88,r,5.49,d,4.43,12.37,7.98,5.88,6.49,6.88,5.49,4.02,9.43,7.88,2.94,4.43,2.04,2.46,1.42,,2.18,1.67,2.26,7.13,,English,,2.15,,2.52,,,,,,,,,,,,,,,,,,,,,,,,,,,,,,,
Aristophanes,e,11.93,t,8.95,a,8.09,o,8.05,i,7.16,s,6.64,r,6.23,n,6.18,h,5.41,l,4.35,11.93,8.09,6.64,6.18,7.16,6.23,4.35,8.95,8.05,3.26,3.52,2.98,2.55,2.1,,2.07,1.52,2.24,5.41,,English,,2.43,,2.21,,,,,,,,,,,,,,,,,,,,,,,,,,,,,,,
Aristotle,e,12.84,t,10.02,o,7.95,a,7.69,i,7.32,n,6.92,s,6.87,h,5.99,r,5.99,l,3.52,12.84,7.69,6.87,6.92,7.32,5.99,3.52,10.02,7.95,2.63,3.13,3.12,2.44,1.97,,1.68,1.67,2.5,5.99,,English,,1.73,,1.87,,,,,,,,,,,,,,,,,,,,,,,,,,,,,,,
Arnold Bennett,e,11.96,t,9.62,o,8.41,a,7.6,i,7.46,n,7.03,r,6.06,s,5.94,h,4.72,l,3.86,11.96,7.6,5.94,7.03,7.46,6.06,3.86,9.62,8.41,3.6,3.34,2.87,2.46,2.1,,2.07,1.48,2.53,4.72,,English,,2.67,,1.8,,,,,,,,,,,,,,,,,,,,,,,,,,,,,,,
Arnold Henry Savage Landor,e,12.5,t,9.15,a,8.69,o,7.45,n,6.92,i,6.82,r,6.39,s,6.16,h,5.55,l,4.18,12.5,8.69,6.16,6.92,6.82,6.39,4.18,9.15,7.45,2.78,3.99,2.78,2.46,1.82,,2.05,1.56,2.37,5.55,,English,,1.63,,2.3,,,,,,,,,,,,,,,,,,,,,,,,,,,,,,,
Arrian of Nicomedia,e,12.6,t,9.2,a,8.97,i,7.07,o,6.86,n,6.81,h,6.58,s,6.55,r,6.25,d,4.32,12.6,8.97,6.55,6.81,7.07,6.25,3.3,9.2,6.86,2.52,4.32,2.87,2.39,1.87,,1.76,1.5,2.38,6.58,,English,,1.63,,1.86,,,,,,,,,,,,,,,,,,,,,,,,,,,,,,,
Arthur Applin,e,12.78,t,9.11,a,8.07,o,7.24,i,7.07,n,7.03,r,6.58,s,6.05,h,5.71,l,4.06,12.78,8.07,6.05,7.03,7.07,6.58,4.06,9.11,7.24,2.58,4.03,2.96,2.4,1.91,,2.07,1.5,2.47,5.71,,English,,1.67,,2.07,,,,,,,,,,,,,,,,,,,,,,,,,,,,,,,
Arthur Charles Fox-Davies,e,12.68,t,8.86,a,8.2,o,7.39,r,7.24,n,6.94,i,6.92,s,6.64,h,5.38,l,4.16,12.68,8.2,6.64,6.94,6.92,7.24,4.16,8.86,7.39,2.64,3.81,3.17,2.4,1.87,,1.92,1.72,2.91,5.38,,English,,1.52,,1.62,,,,,,,,,,,,,,,,,,,,,,,,,,,,,,,
Arthur Conan Doyle,e,12.32,t,9.06,a,8.07,o,7.84,i,6.9,n,6.64,h,6.42,s,6.18,r,5.88,d,4.27,12.32,8.07,6.18,6.64,6.9,5.88,3.91,9.06,7.84,3.05,4.27,2.58,2.69,1.68,,1.9,1.47,2.16,6.42,,English,,2.07,,2.59,,,,,,,,,,,,,,,,,,,,,,,,,,,,,,,
Arthur D. Howden Smith,e,12.55,t,8.75,a,8.1,o,7.57,s,6.39,i,6.39,h,6.38,n,6.38,r,6.2,d,4.59,12.55,8.1,6.39,6.38,6.39,6.2,4.05,8.75,7.57,3.18,4.59,2.46,2.6,1.77,,2.02,1.56,2.31,6.38,,English,,2.15,,2.37,,,,,,,,,,,,,,,,,,,,,,,,,,,,,,,
Arthur Dow,e,11.93,t,9.11,i,7.91,o,7.85,a,7.75,n,7.66,s,6.53,r,6.51,h,4.33,l,3.93,11.93,7.75,6.53,7.66,7.91,6.51,3.93,9.11,7.85,2.78,3.43,3.43,2.27,2.81,,2.21,1.54,2.47,4.33,,English,,1.52,,1.58,,,,,,,,,,,,,,,,,,,,,,,,,,,,,,,
Arthur G. Doughty,e,12.78,t,9.55,a,8.15,o,8.06,n,7.49,i,6.82,r,6.5,s,5.91,h,5.64,d,4.33,12.78,8.15,5.91,7.49,6.82,6.5,3.52,9.55,8.06,2.52,4.33,3.21,2.22,1.92,,1.52,1.62,2.61,5.64,,English,,1.6,,1.8,,,,,,,,,,,,,,,,,,,,,,,,,,,,,,,
Arthur Machen,e,12.54,t,9.26,a,8.13,o,7.7,n,7.03,i,6.81,s,6.09,r,6.0,h,5.96,d,4.4,12.54,8.13,6.09,7.03,6.81,6.0,3.91,9.26,7.7,2.95,4.4,2.59,2.51,1.63,,2.01,1.5,2.23,5.96,,English,,2.03,,2.32,,,,,,,,,,,,,,,,,,,,,,,,,,,,,,,
Arthur Preston Hankins,e,12.02,t,9.58,a,8.26,o,7.84,n,7.06,i,6.38,h,6.33,s,5.87,r,5.46,d,4.48,12.02,8.26,5.87,7.06,6.38,5.46,4.04,9.58,7.84,2.97,4.48,2.35,2.6,1.68,,2.17,1.56,2.1,6.33,,English,,2.19,,2.49,,,,,,,,,,,,,,,,,,,,,,,,,,,,,,,
Arthur Schopenhauer,e,12.55,t,9.7,i,8.07,o,7.51,a,7.49,n,7.21,s,6.73,h,5.71,r,5.61,l,4.09,12.55,7.49,6.73,7.21,8.07,5.61,4.09,9.7,7.51,2.66,3.3,3.19,2.34,1.99,,1.64,1.37,2.74,5.71,,English,,1.77,,1.92,,,,,,,,,,,,,,,,,,,,,,,,,,,,,,,
Auguste Renouard,e,12.66,t,9.7,o,7.72,a,7.64,i,7.52,n,6.86,s,6.65,r,6.01,h,5.19,l,4.03,12.66,7.64,6.65,6.86,7.52,6.01,4.03,9.7,7.72,2.94,3.74,3.49,2.48,2.12,,1.71,1.87,2.71,5.19,,English,,1.52,,1.33,,,,,,,,,,,,,,,,,,,,,,,,,,,,,,,
Aurelius Augustine,e,12.89,t,9.95,o,7.84,i,7.12,a,7.09,h,7.05,s,6.81,n,6.59,r,5.65,d,4.05,12.89,7.09,6.81,6.59,7.12,5.65,3.46,9.95,7.84,2.7,4.05,2.57,2.38,1.61,,1.94,1.71,2.46,7.05,,English,,1.83,,2.22,,,,,,,,,,,,,,,,,,,,,,,,,,,,,,,
Austin Craig,e,12.31,t,8.93,a,8.12,i,7.71,o,7.53,n,7.05,s,6.5,r,6.34,h,5.95,d,4.03,12.31,8.12,6.5,7.05,7.71,6.34,3.92,8.93,7.53,2.42,4.03,2.91,2.41,2.24,,1.87,1.47,2.57,5.95,,English,,1.54,,1.92,,,,,,,,,,,,,,,,,,,,,,,,,,,,,,,
Ayn Rand,e,13.33,t,9.8,o,8.36,a,7.08,n,6.99,h,6.42,r,6.41,s,5.95,i,5.8,d,4.25,13.33,7.08,5.95,6.99,5.8,6.41,3.68,9.8,8.36,3.1,4.25,2.28,1.99,1.43,,1.9,1.55,2.28,6.42,,English,,1.78,,3.47,,,,,,,,,,,,,,,,,,,,,,,,,,,,,,,
B. A. Hathaway,e,12.17,t,8.87,a,8.41,i,7.48,o,7.46,n,7.03,s,6.74,r,6.17,h,5.07,l,3.88,12.17,8.41,6.74,7.03,7.48,6.17,3.88,8.87,7.46,2.75,3.68,3.4,2.17,2.15,,2.16,1.51,2.31,5.07,,English,,1.88,,2.3,,,,,,,,,,,,,,,,,,,,,,,,,,,,,,,
B. L. (Benjamin Leopold) Farjeon,e,12.54,t,8.65,o,7.91,a,7.84,i,7.06,n,6.87,h,6.64,s,6.45,r,6.02,d,4.49,12.54,7.84,6.45,6.87,7.06,6.02,3.8,8.65,7.91,2.9,4.49,2.44,2.57,1.78,,1.78,1.44,2.24,6.64,,English,,1.97,,2.5,,,,,,,,,,,,,,,,,,,,,,,,,,,,,,,
B. M. Bower,e,12.05,t,9.25,a,7.9,o,7.73,n,6.99,i,6.93,h,6.12,r,5.54,s,5.4,l,4.61,12.05,7.9,5.4,6.99,6.93,5.54,4.61,9.25,7.73,2.88,4.35,2.75,2.19,1.9,,2.57,1.91,2.41,6.12,,English,,1.76,,2.25,,,,,,,,,,,,,,,,,,,,,,,,,,,,,,,
B. W. Dyer,e,11.87,t,9.04,o,8.08,a,7.95,r,7.23,i,6.9,n,6.38,s,6.18,h,4.24,u,4.06,11.87,7.95,6.18,6.38,6.9,7.23,3.66,9.04,8.08,4.06,3.31,3.66,2.09,2.15,,2.46,1.85,2.56,4.24,,English,,2.23,,1.57,,,,,,,,,,,,,,,,,,,,,,,,,,,,,,,
Baroness Orczy,e,12.84,t,8.67,a,7.82,o,7.41,h,6.67,n,6.55,i,6.37,s,6.2,r,6.14,d,4.64,12.84,7.82,6.2,6.55,6.37,6.14,4.4,8.67,7.41,3.09,4.64,2.49,2.52,1.69,,2.01,1.42,2.23,6.67,,English,,2.24,,2.28,,,,,,,,,,,,,,,,,,,,,,,,,,,,,,,
Beatrix Potter,e,11.8,t,10.21,o,8.4,r,7.39,i,7.17,n,6.84,a,6.79,s,5.09,h,3.88,d,3.74,11.8,6.79,5.09,6.84,7.17,7.39,3.55,10.21,8.4,3.42,3.74,3.48,2.31,2.75,,2.5,1.85,2.35,3.88,,English,,2.0,,1.91,,,,,,,,,,,,,,,,,,,,,,,,,,,,,,,
Bede,e,12.58,t,9.12,o,7.6,a,7.52,i,7.35,h,6.94,n,6.86,s,6.31,r,6.12,d,4.29,12.58,7.52,6.31,6.86,7.35,6.12,3.46,9.12,7.6,2.47,4.29,2.83,2.23,1.7,,1.85,2.0,2.82,6.94,,English,,1.7,,1.98,,,,,,,,,,,,,,,,,,,,,,,,,,,,,,,
Bede Jarrett,e,12.84,t,9.87,o,7.96,i,7.63,n,6.78,s,6.7,a,6.67,h,6.04,r,5.83,l,3.96,12.84,6.67,6.7,6.78,7.63,5.83,3.96,9.87,7.96,2.68,3.56,2.86,2.29,1.9,,2.19,1.52,2.85,6.04,,English,,1.97,,1.81,,,,,,,,,,,,,,,,,,,,,,,,,,,,,,,
Ben Jonson,e,11.69,t,8.56,o,8.36,a,7.81,i,6.94,s,6.58,r,6.56,n,6.56,h,5.14,l,4.24,11.69,7.81,6.58,6.56,6.94,6.56,4.24,8.56,8.36,3.31,3.63,3.04,2.77,2.09,,1.85,1.68,2.3,5.14,,English,,2.22,,2.05,,,,,,,,,,,,,,,,,,,,,,,,,,,,,,,
Benedict de Spinoza,e,12.85,t,9.24,i,8.72,o,8.14,n,7.31,a,7.16,s,6.44,r,5.76,h,5.58,d,3.74,12.85,7.16,6.44,7.31,8.72,5.76,3.2,9.24,8.14,2.4,3.74,2.99,2.21,1.72,,1.6,1.6,2.92,5.58,,English,,1.69,,1.88,,,,,,,,,,,,,,,,,,,,,,,,,,,,,,,
Benjamin Franklin,e,12.26,t,9.19,o,7.82,a,7.65,n,7.4,i,7.33,r,6.13,s,6.04,h,5.5,d,4.21,12.26,7.65,6.04,7.4,7.33,6.13,3.46,9.19,7.82,2.73,4.21,2.75,2.83,2.18,,2.07,1.68,2.44,5.5,,English,,1.93,,2.16,,,,,,,,,,,,,,,,,,,,,,,,,,,,,,,
Benjamin Harrow,e,12.96,t,10.5,o,7.95,i,7.53,a,7.43,n,7.09,s,6.43,r,5.94,h,5.22,l,3.7,12.96,7.43,6.43,7.09,7.53,5.94,3.7,10.5,7.95,2.62,3.18,3.3,2.38,2.12,,1.67,1.4,2.62,5.22,,English,,1.75,,1.9,,,,,,,,,,,,,,,,,,,,,,,,,,,,,,,
Benjamin Leonard D’Ooge,e,11.63,t,8.13,i,7.55,a,7.4,s,7.09,r,6.66,n,6.63,o,5.56,u,4.56,l,3.85,11.63,7.4,7.09,6.63,7.55,6.66,3.85,8.13,5.56,4.56,3.27,3.43,3.58,2.5,1.73,1.63,1.67,2.18,3.0,,English,,,,,,,1.27,,,,,,,,,,,,,,,,,,,,,,,,,,,,
Bernal Diaz del Castillo,e,12.85,t,9.04,a,8.07,o,7.98,n,6.47,s,6.4,r,6.33,h,6.26,i,6.25,d,4.51,12.85,8.07,6.4,6.47,6.25,6.33,3.6,9.04,7.98,3.05,4.51,2.94,2.66,1.74,,1.64,1.26,2.3,6.26,,English,,1.52,,2.64,,,,,,,,,,,,,,,,,,,,,,,,,,,,,,,
Bernard Shaw,e,11.87,t,8.97,a,7.83,o,7.75,i,7.16,n,6.73,s,6.28,r,5.91,h,5.61,l,4.54,11.87,7.83,6.28,6.73,7.16,5.91,4.54,8.97,7.75,2.96,3.8,3.05,2.61,2.1,,2.04,1.8,2.19,5.61,,English,,2.3,,1.96,,,,,,,,,,,,,,,,,,,,,,,,,,,,,,,
Bertha Upton,e,11.78,t,9.56,o,8.22,i,7.14,a,7.04,r,7.02,n,6.65,s,5.62,h,4.39,l,4.02,11.78,7.04,5.62,6.65,7.14,7.02,4.02,9.56,8.22,3.27,3.68,3.27,2.23,2.65,,2.88,1.69,2.24,4.39,,English,,2.1,,2.04,,,,,,,,,,,,,,,,,,,,,,,,,,,,,,,
Bertrand Russell,e,12.93,t,9.91,i,7.79,a,7.64,o,7.54,s,6.99,n,6.94,r,5.53,h,5.4,l,3.71,12.93,7.64,6.99,6.94,7.79,5.53,3.71,9.91,7.54,2.72,2.91,3.52,2.4,2.07,,1.71,1.66,2.43,5.4,,English,,1.8,,2.1,,,,,,,,,,,,,,,,,,,,,,,,,,,,,,,
Bertrand W. Sinclair,e,12.07,t,9.21,o,8.32,a,7.45,i,6.73,n,6.56,r,6.39,s,5.59,h,5.55,d,4.46,12.07,7.45,5.59,6.56,6.73,6.39,4.33,9.21,8.32,3.05,4.46,3.05,2.19,1.96,,2.22,1.82,2.38,5.55,,English,,1.91,,2.36,,,,,,,,,,,,,,,,,,,,,,,,,,,,,,,
Bill o'th' Hoylus End,e,12.46,t,9.17,a,8.28,o,7.68,n,6.92,i,6.85,r,5.93,h,5.9,s,5.71,d,4.39,12.46,8.28,5.71,6.92,6.85,5.93,4.01,9.17,7.68,2.48,4.39,2.66,2.74,1.89,,2.14,1.59,2.27,5.9,,English,,1.95,,2.54,,,,,,,,,,,,,,,,,,,,,,,,,,,,,,,
Bjornstjerne Bjornson,e,13.58,t,9.31,a,7.9,h,7.78,o,7.39,n,6.38,s,6.32,i,6.25,r,5.91,d,4.5,13.58,7.9,6.32,6.38,6.25,5.91,3.77,9.31,7.39,2.65,4.5,2.26,2.35,1.53,,1.96,1.49,2.21,7.78,,English,,1.73,,2.7,,,,,,,,,,,,,,,,,,,,,,,,,,,,,,,
Blaise Pascal,e,12.67,t,9.87,i,7.7,o,7.67,a,7.21,s,7.14,n,6.79,h,6.55,r,5.47,l,3.83,12.67,7.21,7.14,6.79,7.7,5.47,3.83,9.87,7.67,2.89,3.49,2.78,2.44,1.8,,1.68,1.45,2.37,6.55,,English,,1.68,,2.07,,,,,,,,,,,,,,,,,,,,,,,,,,,,,,,
Bob Evans and Chris Dulabone,e,12.24,t,9.24,a,8.15,o,8.09,i,6.76,n,6.29,h,6.1,r,5.77,s,5.68,l,4.38,12.24,8.15,5.68,6.29,6.76,5.77,4.38,9.24,8.09,3.02,4.11,2.56,2.64,1.7,,2.19,1.58,2.02,6.1,,English,,2.34,,2.5,,,,,,,,,,,,,,,,,,,,,,,,,,,,,,,
Boethius,e,12.69,t,9.77,o,7.9,i,7.36,s,7.22,n,7.01,a,6.62,h,6.53,r,5.65,l,3.66,12.69,6.62,7.22,7.01,7.36,5.65,3.66,9.77,7.9,2.93,3.59,2.72,2.18,1.84,,1.93,1.46,2.62,6.53,,English,,1.88,,2.28,,,,,,,,,,,,,,,,,,,,,,,,,,,,,,,
Booker T. Washington,e,12.81,t,10.03,o,8.15,a,7.79,n,7.13,i,6.83,h,6.0,s,5.93,r,5.86,d,3.97,12.81,7.79,5.93,7.13,6.83,5.86,3.53,10.03,8.15,2.68,3.97,2.67,2.73,1.88,,2.08,1.34,2.44,6.0,,English,,1.69,,2.33,,,,,,,,,,,,,,,,,,,,,,,,,,,,,,,
Boy Scouts of America,e,11.86,t,9.54,o,8.13,a,7.87,n,6.94,i,6.94,s,6.69,r,6.34,h,5.39,l,4.17,11.86,7.87,6.69,6.94,6.94,6.34,4.17,9.54,8.13,2.84,3.75,3.02,2.23,1.9,,2.09,1.83,2.55,5.39,,English,,1.71,,1.95,,,,,,,,,,,,,,,,,,,,,,,,,,,,,,,
Boyd Cable (Ernest Andrew Ewart),e,12.47,t,9.73,a,8.14,o,7.36,n,7.32,i,6.43,h,6.32,r,5.93,s,5.81,d,4.54,12.47,8.14,5.81,7.32,6.43,5.93,3.96,9.73,7.36,2.73,4.54,2.47,2.36,1.87,,2.51,1.62,2.3,6.32,,English,,1.79,,2.12,,,,,,,,,,,,,,,,,,,,,,,,,,,,,,,
Bram Stoker,e,12.48,t,9.15,a,8.15,o,7.83,n,6.8,h,6.72,i,6.63,s,6.15,r,5.6,d,4.5,12.48,8.15,6.15,6.8,6.63,5.6,4.02,9.15,7.83,2.78,4.5,2.21,2.72,1.5,,2.05,1.42,2.25,6.72,,English,,1.94,,2.73,,,,,,,,,,,,,,,,,,,,,,,,,,,,,,,
Brand Whitlock,e,12.54,t,9.18,a,7.94,o,7.67,i,6.99,h,6.96,n,6.95,s,6.06,r,5.56,d,4.69,12.54,7.94,6.06,6.95,6.99,5.56,4.17,9.18,7.67,2.52,4.69,2.39,2.46,1.71,,2.25,1.35,2.13,6.96,,English,,1.84,,2.44,,,,,,,,,,,,,,,,,,,,,,,,,,,,,,,
Bronislaw Malinowski,e,12.17,t,9.35,a,8.81,i,7.75,o,7.44,n,7.02,s,6.41,h,5.62,r,5.58,l,4.21,12.17,8.81,6.41,7.02,7.75,5.58,4.21,9.35,7.44,2.7,3.4,3.03,2.54,1.78,,2.01,1.6,2.48,5.62,,English,,1.63,,1.9,,,,,,,,,,,,,,,,,,,,,,,,,,,,,,,
Brother Lawrence,e,12.42,t,9.26,o,8.26,i,7.57,a,6.91,n,6.51,r,6.21,s,6.17,h,5.41,l,3.9,12.42,6.91,6.17,6.51,7.57,6.21,3.9,9.26,8.26,2.99,3.87,2.93,2.61,1.94,,2.19,1.39,2.82,5.41,,English,,2.17,,2.24,,,,,,,,,,,,,,,,,,,,,,,,,,,,,,,
Burford Delannoy,e,12.96,t,9.6,a,7.86,o,7.81,h,6.97,n,6.75,i,6.55,s,5.82,r,5.45,d,4.74,12.96,7.86,5.82,6.75,6.55,5.45,3.88,9.6,7.81,2.84,4.74,2.26,2.29,1.82,,2.05,1.47,2.15,6.97,,English,,1.87,,2.6,,,,,,,,,,,,,,,,,,,,,,,,,,,,,,,
C. C. Long,e,12.03,t,9.14,o,8.26,a,7.66,i,6.97,s,6.81,n,6.53,r,6.43,h,5.55,l,4.61,12.03,7.66,6.81,6.53,6.97,6.43,4.61,9.14,8.26,2.97,3.72,2.56,2.24,1.89,,2.0,1.37,2.33,5.55,,English,,1.72,,2.92,,,,,,,,,,,,,,,,,,,,,,,,,,,,,,,
C. Collodi--Pseudonym of Carlo Lorenzini,e,12.17,t,9.05,o,8.67,a,7.93,i,7.0,h,6.67,n,6.54,s,5.41,r,5.4,d,4.48,12.17,7.93,5.41,6.54,7.0,5.4,3.96,9.05,8.67,2.67,4.48,2.6,2.54,1.87,,2.11,1.46,2.27,6.67,,English,,2.29,,2.65,,,,,,,,,,,,,,,,,,,,,,,,,,,,,,,
C. G. Jung,e,12.36,t,9.42,i,7.94,o,7.73,a,7.23,s,6.86,n,6.83,h,6.35,r,5.86,l,3.86,12.36,7.23,6.86,6.83,7.94,5.86,3.86,9.42,7.73,2.59,3.41,3.08,2.58,1.93,,1.85,1.41,2.66,6.35,,English,,1.58,,1.7,,,,,,,,,,,,,,,,,,,,,,,,,,,,,,,
C. H. (Charles Humble) Dudley Ward,e,12.72,t,10.29,a,7.68,o,7.56,n,7.44,i,6.56,r,6.37,h,6.02,s,5.62,d,4.44,12.72,7.68,5.62,7.44,6.56,6.37,3.7,10.29,7.56,2.54,4.44,2.79,2.27,1.6,,2.12,1.78,2.57,6.02,,English,,1.51,,1.97,,,,,,,,,,,,,,,,,,,,,,,,,,,,,,,
C. J. Ellicott,e,13.41,t,9.97,o,7.72,a,7.21,i,7.02,n,6.91,r,6.58,s,6.17,h,5.4,d,3.72,13.41,7.21,6.17,6.91,7.02,6.58,3.49,9.97,7.72,2.53,3.72,3.23,2.32,1.98,,1.74,1.64,2.58,5.4,,English,,1.81,,2.03,,,,,,,,,,,,,,,,,,,,,,,,,,,,,,,
C. K. Shepherd,e,12.36,t,9.43,a,8.33,o,7.63,n,7.11,i,7.07,r,6.13,s,6.11,h,5.23,d,4.29,12.36,8.33,6.11,7.11,7.07,6.13,4.15,9.43,7.63,2.73,4.29,2.58,2.38,1.74,,2.19,1.49,2.41,5.23,,English,,1.9,,2.27,,,,,,,,,,,,,,,,,,,,,,,,,,,,,,,
C. Suetonius Tranquillus,e,12.65,t,9.24,a,7.78,o,7.6,i,7.58,n,6.8,s,6.64,h,6.21,r,6.03,d,3.97,12.65,7.78,6.64,6.8,7.58,6.03,3.31,9.24,7.6,3.16,3.97,2.98,2.59,2.1,,1.75,1.54,2.65,6.21,,English,,1.45,,1.85,,,,,,,,,,,,,,,,,,,,,,,,,,,,,,,
C.M. Kornbluth,e,12.05,t,9.51,o,7.84,a,7.81,i,6.72,n,6.52,r,6.2,s,5.87,h,5.25,d,4.37,12.05,7.81,5.87,6.52,6.72,6.2,4.19,9.51,7.84,3.06,4.37,2.93,2.31,2.22,,2.22,1.73,2.18,5.25,,English,,2.09,,2.3,,,,,,,,,,,,,,,,,,,,,,,,,,,,,,,
Calvin Coolidge,e,12.43,t,10.08,o,8.4,i,7.46,a,7.01,n,6.99,r,6.94,s,5.54,h,4.3,c,3.54,12.43,7.01,5.54,6.99,7.46,6.94,3.44,10.08,8.4,3.03,3.54,3.54,2.27,2.38,,2.36,1.68,2.57,4.3,,English,,2.05,,1.58,,,,,,,,,,,,,,,,,,,,,,,,,,,,,,,
Campbell Soup Company,e,11.93,t,9.0,o,7.93,a,7.92,r,7.0,n,6.84,i,6.84,s,6.05,c,3.93,l,3.79,11.93,7.92,6.05,6.84,6.84,7.0,3.79,9.0,7.93,3.03,3.79,3.93,2.44,3.39,,2.5,1.96,2.35,3.52,,English,,1.66,,1.63,,,,,,,,,,,,,,,,,,,,,,,,,,,,,,,
Captain Basil Hall,e,13.09,t,9.24,o,8.37,a,8.01,n,7.11,i,6.33,s,6.25,h,5.98,r,5.77,d,3.94,13.09,8.01,6.25,7.11,6.33,5.77,3.39,9.24,8.37,2.5,3.94,2.85,2.24,1.77,,2.14,1.7,2.41,5.98,,English,,1.61,,2.46,,,,,,,,,,,,,,,,,,,,,,,,,,,,,,,
Captain J. Kincaid,e,12.58,t,9.55,o,8.06,a,7.87,n,7.2,i,6.77,r,6.31,h,5.92,s,5.39,d,4.4,12.58,7.87,5.39,7.2,6.77,6.31,3.54,9.55,8.06,2.87,4.4,2.63,2.39,1.7,,2.22,1.52,2.79,5.92,,English,,1.71,,2.33,,,,,,,,,,,,,,,,,,,,,,,,,,,,,,,
Captain James Carson,e,12.61,t,9.52,o,7.84,a,7.82,h,6.8,n,6.59,i,6.03,s,5.72,r,5.71,d,4.3,12.61,7.82,5.72,6.59,6.03,5.71,3.82,9.52,7.84,2.9,4.3,2.53,2.38,1.7,,2.27,2.08,2.33,6.8,,English,,1.94,,2.42,,,,,,,,,,,,,,,,,,,,,,,,,,,,,,,
Carl Frederich Becker,e,12.72,t,9.22,a,7.95,o,7.71,h,7.11,n,6.46,s,6.28,r,6.17,i,6.16,d,4.65,12.72,7.95,6.28,6.46,6.16,6.17,4.08,9.22,7.71,2.79,4.65,2.5,2.56,1.82,,2.0,1.47,2.25,7.11,,English,,1.71,,2.2,,,,,,,,,,,,,,,,,,,,,,,,,,,,,,,
Carl von Clausewitz,e,13.02,t,10.25,a,7.88,o,7.52,i,7.43,n,7.16,s,6.65,r,6.07,h,5.5,c,3.58,13.02,7.88,6.65,7.16,7.43,6.07,3.51,10.25,7.52,2.57,3.13,3.58,2.4,1.84,,1.52,1.48,2.91,5.5,,English,,1.7,,1.78,,,,,,,,,,,,,,,,,,,,,,,,,,,,,,,
Carroll Watson Rankin,e,12.78,t,9.38,a,7.85,o,7.46,r,6.42,i,6.41,n,6.24,s,6.15,h,5.44,l,4.5,12.78,7.85,6.15,6.24,6.41,6.42,4.5,9.38,7.46,2.86,4.38,2.36,2.7,1.68,,2.23,2.02,1.94,5.44,,English,,2.27,,2.17,,,,,,,,,,,,,,,,,,,,,,,,,,,,,,,
Catherine Anne Austen Hubback,e,12.65,t,8.54,a,7.87,o,7.56,n,6.85,i,6.73,h,6.66,r,6.33,s,6.24,d,4.5,12.65,7.87,6.24,6.85,6.73,6.33,4.03,8.54,7.56,3.0,4.5,2.53,2.46,1.71,,1.94,1.42,2.15,6.66,,English,,2.25,,2.39,,,,,,,,,,,,,,,,,,,,,,,,,,,,,,,
Cecil B. Hartley,e,12.44,t,9.32,o,8.3,a,7.8,n,7.18,i,6.99,s,6.32,r,6.26,h,5.18,l,4.04,12.44,7.8,6.32,7.18,6.99,6.26,4.04,9.32,8.3,3.25,3.47,2.71,2.46,1.84,,1.83,1.57,2.44,5.18,,English,,2.43,,1.9,,,,,,,,,,,,,,,,,,,,,,,,,,,,,,,
Cecil Herbert Prodgers,e,12.24,t,9.25,a,8.94,o,7.81,n,6.98,i,6.41,h,5.97,r,5.91,s,5.54,d,4.54,12.24,8.94,5.54,6.98,6.41,5.91,4.09,9.25,7.81,2.57,4.54,2.4,2.54,1.76,,2.12,1.64,2.47,5.97,,English,,1.8,,2.49,,,,,,,,,,,,,,,,,,,,,,,,,,,,,,,
Charles A. Bramble,e,12.28,t,9.03,a,8.02,o,7.6,i,7.42,n,6.69,r,6.49,s,6.37,h,4.68,l,4.54,12.28,8.02,6.37,6.69,7.42,6.49,4.54,9.03,7.6,2.96,3.8,3.41,2.48,2.26,,2.03,1.74,2.5,4.68,,English,,1.63,,1.64,,,,,,,,,,,,,,,,,,,,,,,,,,,,,,,
Charles Baudelaire,e,12.51,t,9.14,o,7.69,a,7.12,i,6.93,s,6.86,n,6.7,r,6.52,h,5.57,l,4.34,12.51,7.12,6.86,6.7,6.93,6.52,4.34,9.14,7.69,3.05,3.77,2.56,2.64,1.88,,2.21,1.57,2.28,5.57,,English,,2.12,,2.04,,,,,,,,,,,,,,,,,,,,,,,,,,,,,,,
Charles C. Jones,e,12.54,t,9.16,a,7.94,o,7.93,n,7.71,i,6.73,r,6.66,s,6.24,h,5.28,d,4.21,12.54,7.94,6.24,7.71,6.73,6.66,3.67,9.16,7.93,2.51,4.21,3.06,2.33,2.11,,2.09,1.51,2.64,5.28,,English,,1.58,,1.86,,,,,,,,,,,,,,,,,,,,,,,,,,,,,,,
Charles Coppens,e,12.16,t,9.33,o,8.29,i,7.87,a,6.98,s,6.97,n,6.57,r,6.34,h,5.68,l,3.98,12.16,6.98,6.97,6.57,7.87,6.34,3.98,9.33,8.29,2.92,3.79,2.8,2.39,1.9,,1.92,1.29,2.8,5.68,,English,,1.92,,1.77,,,,,,,,,,,,,,,,,,,,,,,,,,,,,,,
Charles Darwin,e,13.11,t,9.01,a,7.92,i,7.43,o,7.24,n,7.16,s,6.84,r,6.29,h,4.96,l,4.17,13.11,7.92,6.84,7.16,7.43,6.29,4.17,9.01,7.24,2.56,3.7,3.51,2.5,1.91,,1.83,1.68,2.77,4.96,,English,,1.64,,1.6,,,,,,,,,,,,,,,,,,,,,,,,,,,,,,,
Charles de Mertens,e,13.12,t,10.08,o,7.66,a,7.27,i,7.0,n,6.66,r,6.34,s,6.07,h,5.89,d,4.01,13.12,7.27,6.07,6.66,7.0,6.34,3.28,10.08,7.66,2.92,4.01,3.16,2.45,2.43,,1.88,1.65,2.51,5.89,,English,,1.66,,1.85,,,,,,,,,,,,,,,,,,,,,,,,,,,,,,,
Charles Dickens,e,12.11,t,8.83,a,8.02,o,7.65,i,7.06,n,6.99,h,6.25,s,6.21,r,5.93,d,4.57,12.11,8.02,6.21,6.99,7.06,5.93,3.92,8.83,7.65,2.83,4.57,2.39,2.81,1.77,,2.12,1.54,2.13,6.25,,English,,2.15,,2.4,,,,,,,,,,,,,,,,,,,,,,,,,,,,,,,
"Charles Dodgson, AKA Lewis Carroll",e,12.66,t,9.67,a,7.8,o,7.47,i,6.97,n,6.71,h,6.39,s,5.87,r,5.12,d,4.54,12.66,7.8,5.87,6.71,6.97,5.12,4.27,9.67,7.47,3.39,4.54,2.28,2.05,1.52,,2.46,1.35,1.88,6.39,,English,,2.34,,2.48,,,,,,,,,,,,,,,,,,,,,,,,,,,,,,,
Charles E. Carryl,e,11.59,t,9.7,a,8.59,o,7.52,i,6.92,n,6.58,s,6.22,h,6.17,r,5.95,d,4.58,11.59,8.59,6.22,6.58,6.92,5.95,4.14,9.7,7.52,2.86,4.58,2.39,2.01,1.93,,2.46,1.51,2.04,6.17,,English,,2.14,,2.29,,,,,,,,,,,,,,,,,,,,,,,,,,,,,,,
Charles Garvice,e,12.64,t,8.62,a,7.9,o,7.53,n,6.73,i,6.7,h,6.44,s,6.43,r,6.31,d,4.64,12.64,7.9,6.43,6.73,6.7,6.31,4.31,8.62,7.53,2.89,4.64,2.37,2.54,1.66,,1.96,1.29,2.16,6.44,,English,,2.18,,2.26,,,,,,,,,,,,,,,,,,,,,,,,,,,,,,,
Charles Gilson,e,12.95,t,9.43,a,8.08,o,7.42,h,7.17,n,6.65,i,6.51,r,6.1,s,6.02,d,4.56,12.95,8.08,6.02,6.65,6.51,6.1,3.65,9.43,7.42,2.67,4.56,2.39,2.18,1.64,,2.01,1.51,2.3,7.17,,English,,1.87,,2.4,,,,,,,,,,,,,,,,,,,,,,,,,,,,,,,
Charles Godfrey Leland,e,12.43,t,8.92,a,8.0,i,7.31,o,7.25,n,7.11,s,6.39,r,6.33,h,5.75,l,4.21,12.43,8.0,6.39,7.11,7.31,6.33,4.21,8.92,7.25,2.54,4.02,2.93,2.48,1.84,,2.01,1.59,2.29,5.75,,English,,1.93,,2.18,,,,,,,,,,,,,,,,,,,,,,,,,,,,,,,
Charles Johnson Post,e,12.33,t,9.3,a,8.77,o,7.27,n,6.73,i,6.54,r,6.24,s,5.94,h,5.93,d,4.44,12.33,8.77,5.94,6.73,6.54,6.24,4.36,9.3,7.27,2.66,4.44,2.84,2.15,1.91,,2.21,1.56,2.54,5.93,,English,,1.56,,2.36,,,,,,,,,,,,,,,,,,,,,,,,,,,,,,,
Charles Lanman,e,12.47,t,9.21,a,8.18,o,7.47,n,7.33,i,7.03,s,5.94,h,5.88,r,5.84,d,4.23,12.47,8.18,5.94,7.33,7.03,5.84,3.93,9.21,7.47,2.88,4.23,2.59,2.65,1.84,,1.98,1.57,2.6,5.88,,English,,1.88,,2.26,,,,,,,,,,,,,,,,,,,,,,,,,,,,,,,
Charles Mackay,e,12.95,t,9.22,a,7.74,o,7.48,i,6.9,n,6.86,s,6.44,h,6.28,r,6.22,d,4.4,12.95,7.74,6.44,6.86,6.9,6.22,3.71,9.22,7.48,2.83,4.4,2.86,2.57,1.97,,1.77,1.44,2.59,6.28,,English,,1.65,,1.97,,,,,,,,,,,,,,,,,,,,,,,,,,,,,,,
Charles Perrault,e,12.99,t,9.43,a,7.7,o,7.46,h,7.03,i,6.51,n,6.21,r,6.2,s,6.1,d,4.43,12.99,7.7,6.1,6.21,6.51,6.2,3.84,9.43,7.46,2.9,4.43,2.39,2.46,1.73,,2.19,1.52,2.23,7.03,,English,,1.91,,2.48,,,,,,,,,,,,,,,,,,,,,,,,,,,,,,,
Charles Thomas-Stanford,e,12.51,t,9.46,a,8.38,i,7.41,o,7.39,n,7.0,r,6.69,s,6.59,h,5.33,l,3.81,12.51,8.38,6.59,7.0,7.41,6.69,3.81,9.46,7.39,2.83,3.71,3.01,2.41,1.84,,1.87,1.64,2.58,5.33,,English,,1.62,,1.66,,,,,,,,,,,,,,,,,,,,,,,,,,,,,,,
Charles W. Hall,e,12.85,t,9.06,a,8.33,o,7.44,n,6.74,i,6.38,h,6.13,r,6.01,s,5.96,d,4.57,12.85,8.33,5.96,6.74,6.38,6.01,4.54,9.06,7.44,2.72,4.57,2.48,2.08,1.72,,2.19,1.57,2.61,6.13,,English,,1.88,,2.44,,,,,,,,,,,,,,,,,,,,,,,,,,,,,,,
Charlotte Brontë,e,12.81,t,8.62,a,7.89,o,7.54,i,7.07,n,6.88,s,6.43,r,5.95,h,5.82,d,4.65,12.81,7.89,6.43,6.88,7.07,5.95,4.15,8.62,7.54,3.01,4.65,2.49,2.81,1.67,,1.95,1.42,2.11,5.82,,English,,2.04,,2.33,,,,,,,,,,,,,,,,,,,,,,,,,,,,,,,
Charlotte Carmichael Stopes,e,13.07,t,8.91,a,7.94,o,7.59,r,6.83,n,6.8,i,6.5,s,6.49,h,6.12,d,4.16,13.07,7.94,6.49,6.8,6.5,6.83,3.88,8.91,7.59,2.43,4.16,2.6,2.55,1.87,,1.76,1.73,2.53,6.12,,English,,1.82,,1.97,,,,,,,,,,,,,,,,,,,,,,,,,,,,,,,
Charlotte M. Yonge,e,12.57,t,8.61,a,8.18,o,7.67,i,7.01,n,6.9,h,6.24,s,6.16,r,5.97,d,4.47,12.57,8.18,6.16,6.9,7.01,5.97,4.3,8.61,7.67,3.06,4.47,2.2,2.42,1.61,,1.84,1.69,1.92,6.24,,English,,2.21,,2.35,,,,,,,,,,,,,,,,,,,,,,,,,,,,,,,
Charlotte Perkins Gilman,e,11.84,t,9.85,o,8.33,a,7.6,i,7.38,n,7.12,r,6.12,s,5.73,h,4.88,d,4.1,11.84,7.6,5.73,7.12,7.38,6.12,3.88,9.85,8.33,3.17,4.1,2.64,2.28,2.13,,2.29,1.62,2.15,4.88,,English,,2.13,,2.24,,,,,,,,,,,,,,,,,,,,,,,,,,,,,,,
Charlotte Perkins Stetson Gilman,e,13.08,t,9.39,o,7.91,a,7.74,n,6.58,i,6.45,r,6.04,s,6.0,h,5.59,d,4.39,13.08,7.74,6.0,6.58,6.45,6.04,4.26,9.39,7.91,3.11,4.39,2.41,2.43,1.63,,2.04,1.37,2.37,5.59,,English,,2.19,,2.7,,,,,,,,,,,,,,,,,,,,,,,,,,,,,,,
Cheiro,e,12.97,t,9.74,i,7.61,a,7.53,n,7.5,o,7.35,s,6.33,r,5.79,h,5.72,l,4.59,12.97,7.53,6.33,7.5,7.61,5.79,4.59,9.74,7.35,2.6,3.62,2.76,2.28,2.02,,1.64,1.4,2.76,5.72,,English,,1.84,,1.56,,,,,,,,,,,,,,,,,,,,,,,,,,,,,,,
Christoper Marlowe,e,12.11,t,9.75,o,8.17,a,7.37,s,6.92,i,6.76,n,6.25,r,6.15,h,5.91,l,4.24,12.11,7.37,6.92,6.25,6.76,6.15,4.24,9.75,8.17,3.63,3.49,2.49,2.68,1.95,,1.82,1.44,2.65,5.91,,English,,1.85,,2.07,,,,,,,,,,,,,,,,,,,,,,,,,,,,,,,
Christopher Anvil,e,12.44,t,9.46,a,8.25,o,7.76,n,7.08,i,6.35,r,6.02,s,5.8,h,5.4,d,4.62,12.44,8.25,5.8,7.08,6.35,6.02,3.9,9.46,7.76,2.84,4.62,2.86,2.21,2.27,,2.48,1.71,1.99,5.4,,English,,1.86,,2.25,,,,,,,,,,,,,,,,,,,,,,,,,,,,,,,
Clair Blank,e,13.03,t,9.2,a,7.72,o,7.43,h,6.67,i,6.41,n,6.36,s,5.98,r,5.92,d,4.74,13.03,7.72,5.98,6.36,6.41,5.92,4.69,9.2,7.43,2.8,4.74,2.29,2.19,1.76,,2.57,1.47,1.87,6.67,,English,,2.04,,2.57,,,,,,,,,,,,,,,,,,,,,,,,,,,,,,,
Clara Viebig,e,12.61,t,8.63,h,8.13,a,8.02,o,7.53,s,6.43,n,6.28,i,6.19,r,5.98,d,4.91,12.61,8.02,6.43,6.28,6.19,5.98,4.36,8.63,7.53,2.69,4.91,1.93,2.4,1.5,,2.22,1.45,1.88,8.13,,English,,1.8,,2.71,,,,,,,,,,,,,,,,,,,,,,,,,,,,,,,
Clark S. Beardslee,e,12.11,t,8.71,n,8.22,i,8.09,a,7.84,o,7.01,s,6.96,r,5.74,h,5.47,l,4.79,12.11,7.84,6.96,8.22,8.09,5.74,4.79,8.71,7.01,2.85,4.18,2.79,2.35,1.88,,1.94,1.27,2.46,5.47,,English,,1.64,,1.74,,,,,,,,,,,,,,,,,,,,,,,,,,,,,,,
Claudius Ptolemy,e,12.8,t,9.59,i,7.97,a,7.59,n,7.52,o,7.28,s,6.45,r,6.28,h,5.29,l,3.75,12.8,7.59,6.45,7.52,7.97,6.28,3.75,9.59,7.28,2.82,3.68,3.29,2.32,2.2,,1.6,1.67,2.46,5.29,,English,,1.54,,1.33,,,,,,,,,,,,,,,,,,,,,,,,,,,,,,,
Clinton Thomas Dent,e,12.75,t,9.7,a,7.97,o,7.59,n,6.83,i,6.8,s,6.03,r,5.85,h,5.42,d,4.07,12.75,7.97,6.03,6.83,6.8,5.85,4.05,9.7,7.59,3.11,4.07,3.0,2.55,2.05,,2.0,1.56,2.45,5.42,,English,,1.69,,2.25,,,,,,,,,,,,,,,,,,,,,,,,,,,,,,,
Col. William F. Cody,e,12.47,t,9.25,a,8.27,o,7.71,n,7.34,i,6.62,h,6.04,r,6.03,s,5.59,d,4.84,12.47,8.27,5.59,7.34,6.62,6.03,3.72,9.25,7.71,2.68,4.84,2.62,2.47,1.77,,2.06,1.45,2.43,6.04,,English,,1.9,,2.52,,,,,,,,,,,,,,,,,,,,,,,,,,,,,,,
Conway Evans,e,12.68,t,9.35,o,8.03,a,7.65,n,6.95,r,6.79,i,6.61,s,5.29,h,4.5,d,4.2,12.68,7.65,5.29,6.95,6.61,6.79,3.71,9.35,8.03,3.29,4.2,3.17,2.21,2.21,,2.41,1.67,2.28,4.5,,English,,1.87,,2.72,,,,,,,,,,,,,,,,,,,,,,,,,,,,,,,
Cooper Willyams,e,12.75,t,9.51,a,7.83,o,7.69,n,7.43,r,6.88,i,6.55,h,5.64,s,5.59,d,4.27,12.75,7.83,5.59,7.43,6.55,6.88,3.59,9.51,7.69,2.54,4.27,3.03,2.7,1.94,,2.07,1.65,2.74,5.64,,English,,1.7,,1.76,,,,,,,,,,,,,,,,,,,,,,,,,,,,,,,
Cosmos Mindeleff,e,12.98,t,9.58,o,8.08,a,7.74,n,6.84,i,6.79,r,6.73,s,6.24,h,5.18,l,4.52,12.98,7.74,6.24,6.84,6.79,6.73,4.52,9.58,8.08,2.79,3.64,3.12,2.23,1.9,,1.84,1.63,2.67,5.18,,English,,1.35,,1.71,,,,,,,,,,,,,,,,,,,,,,,,,,,,,,,
Courtney Ryley Cooper,e,12.96,t,9.91,a,8.29,n,7.26,o,6.97,i,6.68,h,6.63,r,6.02,s,5.96,d,3.95,12.96,8.29,5.96,7.26,6.68,6.02,3.74,9.91,6.97,2.57,3.95,2.8,2.36,1.9,,2.36,1.55,2.26,6.63,,English,,1.57,,2.16,,,,,,,,,,,,,,,,,,,,,,,,,,,,,,,
Covington Clarke,e,12.33,t,9.01,a,7.86,o,7.79,n,7.13,i,6.56,r,5.88,h,5.83,s,5.77,d,4.33,12.33,7.86,5.77,7.13,6.56,5.88,4.13,9.01,7.79,2.98,4.33,2.77,2.59,1.8,,2.58,1.48,2.36,5.83,,English,,1.89,,2.43,,,,,,,,,,,,,,,,,,,,,,,,,,,,,,,
Cyril M. Kornbluth,e,12.32,t,9.47,o,7.93,a,7.28,i,6.92,n,6.81,r,6.79,s,5.83,h,4.82,d,4.16,12.32,7.28,5.83,6.81,6.92,6.79,3.77,9.47,7.93,3.04,4.16,3.17,2.51,2.39,,2.31,1.72,2.31,4.82,,English,,2.2,,1.95,,,,,,,,,,,,,,,,,,,,,,,,,,,,,,,
D. H. Compton and Pierre Blot,e,12.55,t,9.98,o,7.93,a,7.6,i,6.94,r,6.53,n,6.43,s,6.35,h,4.85,l,4.44,12.55,7.6,6.35,6.43,6.94,6.53,4.44,9.98,7.93,2.95,3.64,2.87,2.13,2.55,,1.97,1.76,2.56,4.85,,English,,1.9,,1.8,,,,,,,,,,,,,,,,,,,,,,,,,,,,,,,
D. H. Lawrence,e,12.12,t,8.76,a,8.26,o,7.76,i,7.22,n,7.08,s,6.23,h,6.21,r,5.4,l,4.82,12.12,8.26,6.23,7.08,7.22,5.4,4.82,8.76,7.76,2.84,4.43,2.15,2.37,1.45,,2.11,1.42,2.09,6.21,,English,,2.26,,2.51,,,,,,,,,,,,,,,,,,,,,,,,,,,,,,,
D.G. (David George) Hogarth,e,12.52,t,8.96,a,8.29,o,7.65,n,6.89,s,6.4,i,6.32,r,6.27,h,5.9,d,4.43,12.52,8.29,6.4,6.89,6.32,6.27,4.34,8.96,7.65,2.81,4.43,2.45,2.23,1.73,,2.06,1.68,2.64,5.9,,English,,1.66,,2.48,,,,,,,,,,,,,,,,,,,,,,,,,,,,,,,
Dallas McCord Reynolds,e,12.67,t,9.2,o,8.02,a,7.83,n,6.91,i,6.57,s,6.19,r,6.1,h,5.29,l,4.09,12.67,7.83,6.19,6.91,6.57,6.1,4.09,9.2,8.02,3.0,4.08,2.8,2.64,2.04,,1.97,1.53,2.05,5.29,,English,,2.34,,2.05,,,,,,,,,,,,,,,,,,,,,,,,,,,,,,,
Dane Coolidge,e,12.57,t,9.03,a,8.11,o,7.36,h,7.27,n,6.54,s,6.12,i,6.1,r,5.61,d,4.89,12.57,8.11,6.12,6.54,6.1,5.61,4.19,9.03,7.36,2.95,4.89,2.39,2.39,1.54,,2.26,1.78,1.94,7.27,,English,,1.91,,2.58,,,,,,,,,,,,,,,,,,,,,,,,,,,,,,,
Daniel Defoe,e,12.34,t,9.76,a,8.11,o,7.93,n,6.79,i,6.68,h,6.53,s,5.92,r,5.73,d,4.5,12.34,8.11,5.92,6.79,6.68,5.73,3.5,9.76,7.93,2.66,4.5,2.42,2.62,1.82,,1.96,1.62,2.4,6.53,,English,,2.0,,2.51,,,,,,,,,,,,,,,,,,,,,,,,,,,,,,,
Daniel G. Brinton,e,12.08,t,9.15,a,8.54,o,7.99,i,7.88,n,7.19,r,6.29,s,6.29,h,4.78,l,3.88,12.08,8.54,6.29,7.19,7.88,6.29,3.88,9.15,7.99,2.89,3.5,3.55,2.43,2.08,,1.83,1.62,2.3,4.78,,English,,1.7,,1.38,,,,,,,,,,,,,,,,,,,,,,,,,,,,,,,
Daniel Knower,e,12.6,t,9.92,a,8.2,o,7.96,n,7.01,i,6.89,r,6.02,h,5.95,s,5.58,d,4.33,12.6,8.2,5.58,7.01,6.89,6.02,3.36,9.92,7.96,2.6,4.33,2.82,2.56,1.8,,1.97,1.47,2.56,5.95,,English,,1.77,,2.46,,,,,,,,,,,,,,,,,,,,,,,,,,,,,,,
Dante Alighieri,e,12.96,t,9.57,o,7.57,a,7.48,i,7.02,h,6.97,n,6.71,s,6.44,r,5.87,d,4.13,12.96,7.48,6.44,6.71,7.02,5.87,3.71,9.57,7.57,2.68,4.13,2.54,2.54,1.62,,1.89,1.48,2.47,6.97,,English,,1.62,,2.53,,,,,,,,,,,,,,,,,,,,,,,,,,,,,,,
David Collins,e,13.02,t,9.73,o,7.75,a,7.63,n,7.18,i,6.48,r,6.3,h,6.29,s,5.92,d,4.21,13.02,7.63,5.92,7.18,6.48,6.3,3.28,9.73,7.75,2.58,4.21,2.92,2.37,2.03,,1.84,1.7,2.64,6.29,,English,,1.59,,2.27,,,,,,,,,,,,,,,,,,,,,,,,,,,,,,,
David Grayson,e,12.13,t,9.02,o,7.99,a,7.78,i,7.37,n,6.89,h,6.17,s,6.14,r,5.79,d,4.19,12.13,7.78,6.14,6.89,7.37,5.79,3.99,9.02,7.99,2.86,4.19,2.51,2.69,1.78,,2.08,1.35,2.38,6.17,,English,,2.06,,2.52,,,,,,,,,,,,,,,,,,,,,,,,,,,,,,,
David Herbert Lawrence,e,12.94,t,8.63,a,7.82,h,7.5,o,7.25,i,6.69,s,6.49,n,6.45,r,5.64,d,4.73,12.94,7.82,6.49,6.45,6.69,5.64,4.45,8.63,7.25,2.73,4.73,1.99,2.64,1.42,,2.14,1.4,2.0,7.5,,English,,2.02,,2.82,,,,,,,,,,,,,,,,,,,,,,,,,,,,,,,
David Hume,e,12.94,t,9.53,i,7.94,o,7.75,n,7.75,a,7.55,s,6.83,r,6.08,h,4.96,c,3.5,12.94,7.55,6.83,7.75,7.94,6.08,3.25,9.53,7.75,2.89,3.26,3.5,2.52,2.17,,1.35,1.55,2.55,4.96,,English,,1.82,,1.57,,,,,,,,,,,,,,,,,,,,,,,,,,,,,,,
David Kalakaua,e,12.7,a,9.34,t,8.64,o,7.37,i,7.08,n,6.84,h,6.62,s,5.82,r,5.71,d,4.52,12.7,9.34,5.82,6.84,7.08,5.71,3.77,8.64,7.37,2.92,4.52,2.36,2.3,1.92,,1.86,1.39,2.76,6.62,,English,,1.31,,2.24,,,,,,,,,,,,,,,,,,,,,,,,,,,,,,,
David M. Mitchell,e,11.68,t,9.53,o,7.98,i,7.61,a,7.48,n,6.89,r,6.62,s,6.26,h,4.64,l,4.37,11.68,7.48,6.26,6.89,7.61,6.62,4.37,9.53,7.98,3.03,3.72,3.34,2.11,2.68,,2.23,1.67,2.47,4.64,,English,,1.55,,1.72,,,,,,,,,,,,,,,,,,,,,,,,,,,,,,,
David P. Barrows,e,12.55,t,8.92,a,8.5,o,7.49,n,7.41,i,7.39,s,6.5,r,6.26,h,5.59,d,4.19,12.55,8.5,6.5,7.41,7.39,6.26,3.83,8.92,7.49,2.55,4.19,3.02,2.33,2.47,,1.73,1.4,2.6,5.59,,English,,1.51,,1.68,,,,,,,,,,,,,,,,,,,,,,,,,,,,,,,
David Potter,e,12.51,t,9.11,o,7.91,a,7.84,n,6.74,i,6.51,h,6.09,s,5.87,r,5.82,d,4.58,12.51,7.84,5.87,6.74,6.51,5.82,4.23,9.11,7.91,3.06,4.58,2.36,2.47,1.7,,2.13,1.71,2.16,6.09,,English,,2.64,,2.35,,,,,,,,,,,,,,,,,,,,,,,,,,,,,,,
David Slowinski,e,11.95,t,9.85,o,8.71,r,7.63,i,7.35,n,6.82,a,6.52,s,5.09,c,3.84,d,3.48,11.95,6.52,5.09,6.82,7.35,7.63,3.17,9.85,8.71,3.32,3.48,3.84,2.44,2.92,,2.68,1.78,2.51,3.41,,English,,2.11,,1.81,,,,,,,,,,,,,,,,,,,,,,,,,,,,,,,
Dawson Turner,e,12.74,t,9.56,a,7.61,i,7.45,o,7.42,n,6.91,r,6.54,s,6.31,h,5.48,l,3.87,12.74,7.61,6.31,6.91,7.45,6.54,3.87,9.56,7.42,3.17,3.81,3.33,2.31,2.09,,1.6,1.63,2.62,5.48,,English,,1.62,,1.62,,,,,,,,,,,,,,,,,,,,,,,,,,,,,,,
Dean S. Fansler,e,12.62,t,9.11,a,8.28,o,7.86,h,6.94,n,6.9,i,6.56,s,6.16,r,5.81,d,4.27,12.62,8.28,6.16,6.9,6.56,5.81,3.73,9.11,7.86,2.65,4.27,2.47,2.45,1.58,,2.07,1.58,2.26,6.94,,English,,1.87,,2.2,,,,,,,,,,,,,,,,,,,,,,,,,,,,,,,
Democritus Junior,e,11.69,t,8.46,a,8.42,i,8.09,s,7.77,o,7.12,n,6.65,r,6.01,h,4.66,l,4.18,11.69,8.42,7.77,6.65,8.09,6.01,4.18,8.46,7.12,4.07,3.69,3.33,3.42,2.09,,1.45,1.64,1.94,4.66,,English,,1.44,,1.34,,,,,,,,,,,,,,,,,,,,,,,,,,,,,,,
Desiderius Erasmus,e,12.42,t,9.49,a,7.81,o,7.73,i,6.91,s,6.87,n,6.81,r,6.14,h,6.03,l,4.03,12.42,7.81,6.87,6.81,6.91,6.14,4.03,9.49,7.73,2.85,3.63,2.64,2.53,2.01,,1.89,1.56,2.56,6.03,,English,,2.08,,1.88,,,,,,,,,,,,,,,,,,,,,,,,,,,,,,,
Diego Collado,e,12.04,t,9.07,a,8.73,i,8.48,o,8.12,n,6.88,r,6.46,s,5.51,h,4.39,u,3.52,12.04,8.73,5.51,6.88,8.48,6.46,2.61,9.07,8.12,3.52,3.26,3.38,2.68,1.85,1.56,2.33,1.56,2.32,4.39,,English,,,,1.24,,,,,,,,,,,,,,,,,,,,,,,,,,,,,,,
Dinabandhu Mitra,e,12.0,t,9.12,o,8.37,a,8.06,i,7.21,n,6.68,h,6.46,r,6.17,s,6.15,d,3.84,12.0,8.06,6.15,6.68,7.21,6.17,3.42,9.12,8.37,2.81,3.84,2.3,2.61,1.66,,2.21,1.9,2.39,6.46,,English,,2.26,,2.08,,,,,,,,,,,,,,,,,,,,,,,,,,,,,,,
Diogenes La__rtius,e,12.12,t,9.13,a,8.29,o,8.05,i,7.44,s,7.37,n,7.17,h,6.6,r,5.23,d,3.94,12.12,8.29,7.37,7.17,7.44,5.23,3.29,9.13,8.05,2.63,3.94,2.86,2.36,2.06,,1.68,1.33,2.3,6.6,,English,,1.73,,1.94,,,,,,,,,,,,,,,,,,,,,,,,,,,,,,,
Don H. Berkebile,e,12.86,t,9.68,o,7.48,a,7.44,n,7.23,i,7.11,r,6.9,s,5.63,h,5.34,d,3.73,12.86,7.44,5.63,7.23,7.11,6.9,3.69,9.68,7.48,2.76,3.73,3.28,2.24,2.18,,2.27,1.64,2.6,5.34,,English,,1.59,,1.87,,,,,,,,,,,,,,,,,,,,,,,,,,,,,,,
Donald A. Mackenzie,e,12.66,a,8.85,t,8.66,i,7.31,o,6.9,s,6.77,n,6.76,r,6.38,h,6.17,d,4.53,12.66,8.85,6.77,6.76,7.31,6.38,3.62,8.66,6.9,2.4,4.53,2.61,2.41,1.94,,2.05,1.71,2.38,6.17,,English,,1.7,,1.98,,,,,,,,,,,,,,,,,,,,,,,,,,,,,,,
Donald F. Daley,e,12.71,t,10.05,o,8.43,a,7.0,r,6.74,i,6.73,n,6.49,h,5.23,s,5.19,d,4.16,12.71,7.0,5.19,6.49,6.73,6.74,3.35,10.05,8.43,3.08,4.16,3.4,2.33,2.31,,2.25,1.64,2.27,5.23,,English,,2.17,,2.02,,,,,,,,,,,,,,,,,,,,,,,,,,,,,,,
Donald McGibeny,e,12.45,t,9.37,o,7.81,a,7.55,i,6.97,n,6.63,h,6.36,s,5.74,r,5.65,d,4.67,12.45,7.55,5.74,6.63,6.97,5.65,3.84,9.37,7.81,3.06,4.67,2.41,2.81,1.71,,2.05,1.49,2.09,6.36,,English,,2.19,,2.49,,,,,,,,,,,,,,,,,,,,,,,,,,,,,,,
Donald Monro,e,12.99,t,9.37,a,7.86,o,7.26,i,7.2,n,6.62,r,6.35,s,6.2,h,5.58,d,4.48,12.99,7.86,6.2,6.62,7.2,6.35,3.45,9.37,7.26,2.75,4.48,2.94,2.75,2.11,,1.85,1.59,2.59,5.58,,English,,1.58,,1.98,,,,,,,,,,,,,,,,,,,,,,,,,,,,,,,
Donald William Stewart,e,12.19,t,9.9,a,7.84,o,7.7,i,7.3,n,7.14,r,6.7,s,6.41,h,5.62,l,3.99,12.19,7.84,6.41,7.14,7.3,6.7,3.99,9.9,7.7,2.51,3.84,3.1,2.21,1.91,,1.8,1.61,2.61,5.62,,English,,1.67,,1.79,,,,,,,,,,,,,,,,,,,,,,,,,,,,,,,
Dorothy L. Sayers,e,11.83,t,9.13,o,7.89,a,7.74,i,7.2,n,6.72,s,6.08,r,5.9,h,5.6,d,4.57,11.83,7.74,6.08,6.72,7.2,5.9,4.11,9.13,7.89,3.27,4.57,2.4,2.68,2.0,,2.09,1.68,2.0,5.6,,English,,2.48,,2.06,,,,,,,,,,,,,,,,,,,,,,,,,,,,,,,
Douglas Sladen,e,12.4,t,9.15,a,8.19,o,7.47,i,7.06,n,6.88,h,6.73,s,6.01,r,5.87,d,4.21,12.4,8.19,6.01,6.88,7.06,5.87,4.05,9.15,7.47,2.72,4.21,2.51,2.57,1.67,,1.95,1.42,2.53,6.73,,English,,1.86,,2.5,,,,,,,,,,,,,,,,,,,,,,,,,,,,,,,
E. D. E. N. Southworth,e,12.59,t,8.94,o,8.09,a,7.88,n,6.84,i,6.65,h,6.38,r,6.1,s,5.82,d,4.74,12.59,7.88,5.82,6.84,6.65,6.1,4.23,8.94,8.09,2.88,4.74,2.24,2.45,1.64,,1.85,1.48,2.16,6.38,,English,,2.29,,2.41,,,,,,,,,,,,,,,,,,,,,,,,,,,,,,,
E. F. Benson,e,12.29,t,8.98,a,8.26,o,7.76,n,6.98,i,6.9,s,6.37,h,6.2,r,5.7,d,4.55,12.29,8.26,6.37,6.98,6.9,5.7,4.15,8.98,7.76,2.9,4.55,2.44,2.43,1.55,,1.96,1.55,2.14,6.2,,English,,1.91,,2.42,,,,,,,,,,,,,,,,,,,,,,,,,,,,,,,
E. Lynn Linton,e,12.62,t,9.81,o,7.81,a,7.81,n,7.44,i,6.8,r,6.37,s,6.11,h,5.42,l,4.22,12.62,7.81,6.11,7.44,6.8,6.37,4.22,9.81,7.81,2.66,4.03,2.95,2.29,2.02,,1.85,1.57,2.48,5.42,,English,,1.81,,1.79,,,,,,,,,,,,,,,,,,,,,,,,,,,,,,,
E. M. Forster,e,12.72,t,9.09,a,7.9,o,7.53,i,6.75,n,6.69,h,6.49,s,6.33,r,5.85,d,4.54,12.72,7.9,6.33,6.69,6.75,5.85,4.18,9.09,7.53,3.05,4.54,2.43,2.56,1.65,,2.06,1.52,1.91,6.49,,English,,2.09,,2.34,,,,,,,,,,,,,,,,,,,,,,,,,,,,,,,
E. Nesbit,e,12.68,t,9.09,a,8.03,o,7.68,n,6.65,h,6.65,i,6.62,s,6.14,r,5.73,d,4.95,12.68,8.03,6.14,6.65,6.62,5.73,4.14,9.09,7.68,2.79,4.95,2.02,2.3,1.71,,2.04,1.82,1.93,6.65,,English,,2.11,,2.54,,,,,,,,,,,,,,,,,,,,,,,,,,,,,,,
E. P. S. Allen,e,11.61,t,9.88,o,8.21,a,8.04,n,7.67,r,6.6,i,6.52,s,5.15,h,4.82,l,4.16,11.61,8.04,5.15,7.67,6.52,6.6,4.16,9.88,8.21,2.74,4.11,3.22,2.47,2.26,,2.18,1.66,2.36,4.82,,English,,1.66,,2.27,,,,,,,,,,,,,,,,,,,,,,,,,,,,,,,
E. Phillips Oppenheim,e,12.91,t,8.73,o,7.85,a,7.8,i,6.75,n,6.54,h,6.2,r,6.2,s,5.94,d,4.42,12.91,7.8,5.94,6.54,6.75,6.2,3.96,8.73,7.85,2.91,4.42,2.44,2.97,1.84,,2.06,1.35,2.12,6.2,,English,,2.34,,2.27,,,,,,,,,,,,,,,,,,,,,,,,,,,,,,,
E. T. C. Werner,e,12.59,t,9.16,a,7.78,i,7.32,o,7.3,n,7.26,h,6.77,s,6.33,r,5.85,d,4.21,12.59,7.78,6.33,7.26,7.32,5.85,3.5,9.16,7.3,2.86,4.21,2.82,2.4,1.87,,2.24,1.32,2.47,6.77,,English,,1.67,,1.98,,,,,,,,,,,,,,,,,,,,,,,,,,,,,,,
E. V. Lucas,e,12.37,t,9.26,a,8.14,o,7.75,n,7.13,i,7.01,s,6.5,r,6.03,h,5.89,l,4.0,12.37,8.14,6.5,7.13,7.01,6.03,4.0,9.26,7.75,2.83,3.91,2.68,2.53,1.74,,2.0,1.66,2.26,5.89,,English,,1.94,,2.17,,,,,,,,,,,,,,,,,,,,,,,,,,,,,,,
E.M. Berens,e,13.5,t,8.59,a,7.6,o,7.24,s,6.85,i,6.81,h,6.74,n,6.61,r,6.29,d,4.63,13.5,7.6,6.85,6.61,6.81,6.29,3.61,8.59,7.24,2.84,4.63,2.82,2.27,2.03,,1.93,1.36,2.61,6.74,,English,,1.54,,2.06,,,,,,,,,,,,,,,,,,,,,,,,,,,,,,,
Eben Eugene Rexford,e,12.47,t,10.02,o,8.0,a,7.67,i,7.16,n,6.69,r,6.26,s,6.06,h,4.94,l,4.5,12.47,7.67,6.06,6.69,7.16,6.26,4.5,10.02,8.0,2.81,3.5,2.56,2.2,2.1,,2.22,1.79,2.64,4.94,,English,,1.78,,2.19,,,,,,,,,,,,,,,,,,,,,,,,,,,,,,,
Edgar Allan Poe,e,12.76,t,9.42,a,7.7,o,7.59,i,7.2,n,6.96,s,6.01,r,5.92,h,5.81,d,4.09,12.76,7.7,6.01,6.96,7.2,5.92,3.99,9.42,7.59,2.94,4.09,2.71,2.59,2.02,,1.95,1.58,2.52,5.81,,English,,1.89,,2.12,,,,,,,,,,,,,,,,,,,,,,,,,,,,,,,
Edgar Fawcett,e,12.61,t,8.45,a,8.13,o,7.57,i,7.06,n,6.58,s,6.43,r,6.14,h,5.74,l,4.39,12.61,8.13,6.43,6.58,7.06,6.14,4.39,8.45,7.57,3.25,4.24,2.49,2.65,1.91,,1.85,1.35,2.06,5.74,,English,,2.39,,2.24,,,,,,,,,,,,,,,,,,,,,,,,,,,,,,,
Edgar Jepson,e,12.16,t,9.09,a,8.01,o,7.34,i,7.17,n,6.92,h,6.54,r,6.14,s,5.99,d,4.93,12.16,8.01,5.99,6.92,7.17,6.14,4.06,9.09,7.34,2.85,4.93,2.44,2.29,1.53,,2.21,1.48,2.25,6.54,,English,,1.99,,2.22,,,,,,,,,,,,,,,,,,,,,,,,,,,,,,,
Edgar Lee Masters,e,12.25,t,8.55,o,8.02,a,7.76,n,6.85,i,6.63,r,6.41,s,5.9,h,5.87,d,4.58,12.25,7.76,5.9,6.85,6.63,6.41,4.38,8.55,8.02,2.9,4.58,2.28,2.61,1.59,,2.19,1.53,2.46,5.87,,English,,2.21,,2.56,,,,,,,,,,,,,,,,,,,,,,,,,,,,,,,
Edgar Rice Burroughs,e,12.68,t,9.43,a,8.3,o,7.51,n,6.74,h,6.53,i,6.51,r,6.2,s,5.83,d,4.56,12.68,8.3,5.83,6.74,6.51,6.2,3.82,9.43,7.51,2.82,4.56,2.46,2.4,1.76,,2.08,1.44,2.43,6.53,,English,,1.79,,2.37,,,,,,,,,,,,,,,,,,,,,,,,,,,,,,,
Edgar Thurston,e,12.32,a,8.88,t,8.86,o,7.38,i,7.3,n,6.63,s,6.47,r,6.25,h,5.81,d,4.18,12.32,8.88,6.47,6.63,7.3,6.25,3.71,8.86,7.38,2.65,4.18,3.01,2.63,2.02,,1.96,1.62,2.58,5.81,,English,,1.44,,1.85,,,,,,,,,,,,,,,,,,,,,,,,,,,,,,,
Edgar Wallace,e,12.65,t,9.38,a,8.27,o,7.3,i,6.85,h,6.69,n,6.61,s,6.05,r,5.74,d,4.6,12.65,8.27,6.05,6.61,6.85,5.74,3.84,9.38,7.3,2.83,4.6,2.48,2.45,1.68,,1.97,1.59,2.0,6.69,,English,,2.06,,2.43,,,,,,,,,,,,,,,,,,,,,,,,,,,,,,,
Edith King Hall,e,12.51,t,9.47,o,7.8,a,7.38,i,7.0,r,6.11,n,6.11,s,6.09,h,5.9,l,4.96,12.51,7.38,6.09,6.11,7.0,6.11,4.96,9.47,7.8,3.01,4.19,2.39,2.36,1.83,,2.03,1.77,2.01,5.9,,English,,2.57,,2.09,,,,,,,,,,,,,,,,,,,,,,,,,,,,,,,
Edith Wharton,e,12.87,t,9.0,a,7.9,o,7.39,n,6.89,h,6.62,i,6.56,s,6.49,r,5.96,d,4.51,12.87,7.9,6.49,6.89,6.56,5.96,4.11,9.0,7.39,2.92,4.51,2.39,2.41,1.67,,2.08,1.47,2.31,6.62,,English,,1.92,,2.3,,,,,,,,,,,,,,,,,,,,,,,,,,,,,,,
Edmond Rostand,e,12.02,t,8.45,a,8.05,o,8.03,i,6.94,n,6.73,r,6.67,s,6.26,h,5.87,l,4.1,12.02,8.05,6.26,6.73,6.94,6.67,4.1,8.45,8.03,3.31,3.31,3.23,2.34,1.64,,2.4,1.51,1.9,5.87,,English,,2.66,,2.04,,,,,,,,,,,,,,,,,,,,,,,,,,,,,,,
Edmund Burke,e,12.71,t,9.95,o,7.78,a,7.61,i,7.55,n,7.24,s,6.62,r,6.13,h,5.53,l,3.48,12.71,7.61,6.62,7.24,7.55,6.13,3.48,9.95,7.78,2.95,3.47,3.09,2.42,2.11,,1.58,1.52,2.71,5.53,,English,,1.73,,1.7,,,,,,,,,,,,,,,,,,,,,,,,,,,,,,,
Edmund Dulac,e,12.81,t,9.19,a,8.43,h,7.25,n,7.05,o,6.88,i,6.76,s,6.02,r,5.49,d,5.33,12.81,8.43,6.02,7.05,6.76,5.49,3.88,9.19,6.88,2.52,5.33,2.1,2.58,1.61,,2.0,1.41,2.37,7.25,,English,,1.81,,2.45,,,,,,,,,,,,,,,,,,,,,,,,,,,,,,,
Edmund Luce,e,11.64,i,9.27,a,8.51,t,8.47,s,7.27,o,6.54,r,6.42,n,6.41,u,5.32,l,3.83,11.64,8.51,7.27,6.41,9.27,6.42,3.83,8.47,6.54,5.32,3.1,3.78,3.62,2.56,1.28,1.52,1.67,1.97,3.16,,English,,0.9,,,,,,,,,,,,,,,,,,,,,,,,,,,,,,,,,
Edmund Spenser,e,13.38,t,8.53,a,7.45,i,7.06,h,6.98,o,6.8,s,6.28,r,6.24,n,6.13,d,4.91,13.38,7.45,6.28,6.13,7.06,6.24,4.53,8.53,6.8,3.02,4.91,2.07,2.2,1.48,,2.21,1.45,2.51,6.98,,English,,1.83,,2.47,,,,,,,,,,,,,,,,,,,,,,,,,,,,,,,
Edward Albert,e,12.69,t,8.86,a,8.04,i,7.3,o,7.26,s,6.98,n,6.81,r,6.34,h,5.79,l,4.37,12.69,8.04,6.98,6.81,7.3,6.34,4.37,8.86,7.26,2.51,3.9,2.86,2.49,2.01,,1.84,1.48,2.47,5.79,,English,,1.84,,1.9,,,,,,,,,,,,,,,,,,,,,,,,,,,,,,,
Edward Carpenter,e,12.83,t,8.84,o,7.61,a,7.58,n,6.95,r,6.57,i,6.42,s,6.18,h,6.15,d,4.57,12.83,7.58,6.18,6.95,6.42,6.57,4.07,8.84,7.61,2.8,4.57,2.41,2.28,1.77,,2.25,1.5,2.52,6.15,,English,,2.07,,2.31,,,,,,,,,,,,,,,,,,,,,,,,,,,,,,,
Edward Costello,e,12.97,t,8.89,o,7.78,a,7.74,n,7.05,r,6.58,i,6.55,h,5.8,s,5.74,d,4.4,12.97,7.74,5.74,7.05,6.55,6.58,3.8,8.89,7.78,2.8,4.4,2.79,2.76,1.74,,2.15,1.49,2.63,5.8,,English,,1.72,,2.36,,,,,,,,,,,,,,,,,,,,,,,,,,,,,,,
Edward Frederic Benson,e,12.36,t,9.32,a,8.21,o,7.34,h,7.18,i,7.13,n,6.8,s,6.45,r,5.44,d,4.6,12.36,8.21,6.45,6.8,7.13,5.44,3.97,9.32,7.34,2.72,4.6,2.41,2.41,1.46,,2.1,1.58,2.1,7.18,,English,,1.76,,2.5,,,,,,,,,,,,,,,,,,,,,,,,,,,,,,,
Edward Gibbon,e,12.97,t,9.27,a,7.86,i,7.48,o,7.24,s,6.76,n,6.73,r,6.51,h,5.75,d,4.18,12.97,7.86,6.76,6.73,7.48,6.51,3.38,9.27,7.24,2.97,4.18,3.2,2.49,2.32,,1.44,1.47,2.79,5.75,,English,,1.49,,1.46,,,,,,,,,,,,,,,,,,,,,,,,,,,,,,,
Edward Lasker,e,11.07,t,9.64,a,7.34,i,6.6,o,6.44,n,6.44,s,5.7,h,5.19,r,5.13,p,4.29,11.07,7.34,5.7,6.44,6.6,5.13,3.35,9.64,6.44,1.98,2.82,3.48,1.8,4.29,,1.98,3.52,2.13,5.19,,English,3.9,,,2.15,,,,,,,,,,,,,,,,,,,,,,,,,,,,,,,
Edward Meyrick Goulburn,e,12.2,t,9.78,o,8.27,i,7.63,n,6.91,a,6.8,r,6.56,s,6.18,h,5.15,l,3.72,12.2,6.8,6.18,6.91,7.63,6.56,3.72,9.78,8.27,3.04,3.43,3.46,2.36,2.09,,2.03,1.44,2.73,5.15,,English,,2.01,,1.94,,,,,,,,,,,,,,,,,,,,,,,,,,,,,,,
Edward S. Ellis,e,12.72,t,9.18,a,8.27,o,7.45,n,6.77,i,6.69,h,6.51,s,6.42,r,5.84,d,4.44,12.72,8.27,6.42,6.77,6.69,5.84,3.73,9.18,7.45,2.81,4.44,2.5,2.33,1.91,,2.12,1.45,2.3,6.51,,English,,1.79,,2.47,,,,,,,,,,,,,,,,,,,,,,,,,,,,,,,
Edward Smith,e,12.43,t,9.67,o,8.0,a,7.53,n,7.01,i,7.0,r,6.27,s,6.15,h,5.66,l,3.83,12.43,7.53,6.15,7.01,7.0,6.27,3.83,9.67,8.0,2.77,3.81,3.0,2.51,2.23,,1.88,1.82,2.54,5.66,,English,,1.77,,2.07,,,,,,,,,,,,,,,,,,,,,,,,,,,,,,,
Edward Sylvester Ellis,e,12.67,t,9.93,a,7.75,o,7.37,h,7.04,i,6.8,n,6.76,s,5.93,r,5.92,d,4.37,12.67,7.75,5.93,6.76,6.8,5.92,3.68,9.93,7.37,2.8,4.37,2.44,2.13,1.7,,2.03,1.67,2.3,7.04,,English,,1.66,,2.66,,,,,,,,,,,,,,,,,,,,,,,,,,,,,,,
Edward W. Ludwig,e,12.26,t,9.73,o,8.37,a,7.05,i,6.83,r,6.68,n,6.65,s,5.58,h,4.6,d,4.02,12.26,7.05,5.58,6.65,6.83,6.68,3.52,9.73,8.37,3.25,4.02,3.32,2.48,2.34,,2.59,1.82,2.32,4.6,,English,,2.04,,1.95,,,,,,,,,,,,,,,,,,,,,,,,,,,,,,,
Edward William Lane,e,13.53,t,9.06,o,7.77,a,7.68,i,6.64,s,6.58,n,6.54,h,6.49,r,6.38,d,3.79,13.53,7.68,6.58,6.54,6.64,6.38,3.48,9.06,7.77,2.34,3.79,2.66,2.84,1.94,,1.77,1.64,2.79,6.49,,English,,1.75,,1.75,,,,,,,,,,,,,,,,,,,,,,,,,,,,,,,
Edwin A. Abbot,e,12.51,t,9.21,o,8.0,a,7.59,i,7.49,n,7.24,s,6.45,r,6.0,h,5.2,l,4.19,12.51,7.59,6.45,7.24,7.49,6.0,4.19,9.21,8.0,3.04,3.78,3.07,2.64,1.83,,1.95,1.47,2.46,5.2,,English,,2.1,,1.8,,,,,,,,,,,,,,,,,,,,,,,,,,,,,,,
Edwin Dingle,e,12.45,t,9.06,a,8.01,o,7.62,n,7.55,i,7.22,s,6.01,r,5.91,h,5.82,d,4.0,12.45,8.01,6.01,7.55,7.22,5.91,3.95,9.06,7.62,2.74,4.0,2.71,2.54,1.89,,2.24,1.48,2.46,5.82,,English,,1.9,,2.21,,,,,,,,,,,,,,,,,,,,,,,,,,,,,,,
Edwin Lefevre,e,11.78,t,10.18,a,8.12,o,8.01,i,7.07,n,6.75,s,6.17,h,5.47,r,5.32,d,4.14,11.78,8.12,6.17,6.75,7.07,5.32,3.96,10.18,8.01,2.88,4.14,2.63,2.66,1.82,,2.01,1.7,2.11,5.47,,English,,2.24,,2.36,,,,,,,,,,,,,,,,,,,,,,,,,,,,,,,
Edwin N. McClellan,e,12.39,a,8.6,t,8.59,n,8.04,i,7.6,r,7.24,o,7.14,s,6.03,d,4.21,h,4.05,12.39,8.6,6.03,8.04,7.6,7.24,3.39,8.59,7.14,2.43,4.21,3.6,2.9,2.02,,1.97,1.48,2.95,4.05,,English,,1.42,,1.31,,,,,,,,,,,,,,,,,,,,,,,,,,,,,,,
Edwin P. Norwood,e,12.79,t,9.77,a,8.05,o,7.54,n,6.67,h,6.44,i,6.09,s,5.84,r,5.51,d,4.71,12.79,8.05,5.84,6.67,6.09,5.51,4.29,9.77,7.54,2.7,4.71,2.37,2.23,1.73,,2.49,1.52,2.18,6.44,,English,,2.08,,2.65,,,,,,,,,,,,,,,,,,,,,,,,,,,,,,,
Effie Price Gladding,e,12.47,t,8.99,a,8.22,o,7.88,n,7.16,i,6.51,r,6.38,s,6.3,h,5.65,l,4.47,12.47,8.22,6.3,7.16,6.51,6.38,4.47,8.99,7.88,2.69,3.92,2.58,2.23,1.79,,2.21,1.41,2.43,5.65,,English,,1.83,,2.57,,,,,,,,,,,,,,,,,,,,,,,,,,,,,,,
Elaine McGee,e,11.74,t,9.43,a,8.16,o,8.08,i,7.55,n,7.39,r,6.72,s,6.34,l,4.48,h,3.79,11.74,8.16,6.34,7.39,7.55,6.72,4.48,9.43,8.08,3.25,3.64,3.65,2.55,2.18,,2.13,1.76,2.27,3.79,,English,,1.38,,1.42,,,,,,,,,,,,,,,,,,,,,,,,,,,,,,,
Eleanor H. Porter,e,12.33,t,9.21,a,7.91,o,7.67,n,7.09,h,6.36,i,6.28,s,6.0,r,5.49,l,4.76,12.33,7.91,6.0,7.09,6.28,5.49,4.76,9.21,7.67,2.93,4.67,2.09,2.49,1.71,,1.98,1.45,1.89,6.36,,English,,2.69,,2.58,,,,,,,,,,,,,,,,,,,,,,,,,,,,,,,
Eleanora H. Stooke,e,12.27,t,8.94,o,8.17,a,7.61,i,6.88,n,6.24,h,6.11,r,6.1,s,5.92,d,4.72,12.27,7.61,5.92,6.24,6.88,6.1,3.63,8.94,8.17,2.89,4.72,2.22,2.61,1.79,,2.17,2.17,1.88,6.11,,English,,2.43,,2.49,,,,,,,,,,,,,,,,,,,,,,,,,,,,,,,
Elias L__nnrot,e,13.02,t,8.97,o,7.6,n,7.17,a,7.14,h,7.1,s,6.81,i,6.56,r,6.32,l,4.43,13.02,7.14,6.81,7.17,6.56,6.32,4.43,8.97,7.6,2.38,3.97,1.96,2.72,1.46,,2.18,1.37,2.57,7.1,,English,,1.57,,2.26,,,,,,,,,,,,,,,,,,,,,,,,,,,,,,,
Elisha Kent Kane,e,12.84,t,9.32,a,7.89,o,7.54,n,6.92,i,6.74,r,6.4,s,6.36,h,5.39,d,4.0,12.84,7.89,6.36,6.92,6.74,6.4,3.72,9.32,7.54,2.9,4.0,2.93,2.48,1.79,,2.1,1.63,2.65,5.39,,English,,1.64,,2.31,,,,,,,,,,,,,,,,,,,,,,,,,,,,,,,
Eliza Grey,e,12.25,t,9.06,o,7.8,a,7.53,i,7.2,n,6.5,r,6.31,s,5.69,h,5.35,d,4.24,12.25,7.53,5.69,6.5,7.2,6.31,4.12,9.06,7.8,2.83,4.24,2.8,2.85,1.95,,2.45,1.48,2.35,5.35,,English,,2.22,,2.4,,,,,,,,,,,,,,,,,,,,,,,,,,,,,,,
Elizabeth Barrett Browning,e,12.06,t,8.62,o,8.12,a,7.66,s,6.74,n,6.54,i,6.52,h,6.16,r,6.04,l,4.47,12.06,7.66,6.74,6.54,6.52,6.04,4.47,8.62,8.12,3.2,4.23,2.32,2.65,1.77,,2.08,1.44,2.27,6.16,,English,,2.12,,2.54,,,,,,,,,,,,,,,,,,,,,,,,,,,,,,,
Elizabeth Burgoyne Corbett,e,12.56,t,8.86,o,7.9,a,7.87,i,6.82,n,6.54,s,6.06,r,5.95,h,5.67,d,4.34,12.56,7.87,6.06,6.54,6.82,5.95,4.12,8.86,7.9,3.13,4.34,2.49,2.85,1.8,,1.9,1.62,2.36,5.67,,English,,2.31,,2.46,,,,,,,,,,,,,,,,,,,,,,,,,,,,,,,
Elizabeth Cleghorn Gaskell,e,12.38,t,8.86,a,8.14,o,7.63,n,6.78,s,6.61,i,6.6,h,6.06,r,5.99,d,4.69,12.38,8.14,6.61,6.78,6.6,5.99,3.81,8.86,7.63,2.74,4.69,2.33,2.92,1.68,,2.01,1.55,2.17,6.06,,English,,2.04,,2.55,,,,,,,,,,,,,,,,,,,,,,,,,,,,,,,
Elizabeth Gaskell,e,12.47,t,9.03,o,7.97,a,7.93,n,6.81,h,6.58,i,6.53,r,6.26,s,6.19,d,4.26,12.47,7.93,6.19,6.81,6.53,6.26,3.97,9.03,7.97,2.83,4.26,2.21,2.76,1.55,,2.17,1.44,2.28,6.58,,English,,2.04,,2.39,,,,,,,,,,,,,,,,,,,,,,,,,,,,,,,
Elizabeth Morison,e,13.43,t,9.63,a,7.81,o,7.69,n,7.17,i,6.47,r,6.44,s,5.97,h,5.78,d,4.32,13.43,7.81,5.97,7.17,6.47,6.44,3.65,9.63,7.69,2.9,4.32,2.68,2.21,1.92,,2.13,1.48,2.19,5.78,,English,,1.45,,2.2,,,,,,,,,,,,,,,,,,,,,,,,,,,,,,,
Elizabeth Sandham,e,12.67,t,8.75,a,7.98,o,7.62,n,6.83,i,6.71,r,6.52,h,6.39,s,6.07,d,4.75,12.67,7.98,6.07,6.83,6.71,6.52,3.88,8.75,7.62,2.77,4.75,2.28,3.1,1.69,,1.65,1.48,2.25,6.39,,English,,2.09,,2.39,,,,,,,,,,,,,,,,,,,,,,,,,,,,,,,
Elizabeth Von Arnim,e,12.71,t,8.86,a,7.68,o,7.42,n,6.83,s,6.8,h,6.78,i,6.55,r,5.96,d,4.71,12.71,7.68,6.8,6.83,6.55,5.96,4.12,8.86,7.42,2.73,4.71,2.18,2.29,1.55,,2.16,1.64,2.15,6.78,,English,,1.94,,2.63,,,,,,,,,,,,,,,,,,,,,,,,,,,,,,,
Ellen G. White,e,13.24,t,9.63,o,7.59,a,7.08,i,6.85,n,6.72,h,6.7,s,6.49,r,6.22,d,4.31,13.24,7.08,6.49,6.72,6.85,6.22,3.82,9.63,7.59,2.55,4.31,2.83,2.21,2.06,,1.93,1.44,2.73,6.7,,English,,1.59,,1.99,,,,,,,,,,,,,,,,,,,,,,,,,,,,,,,
Ellis Parker Butler,e,11.88,t,9.42,a,8.33,o,7.85,i,7.23,n,6.81,h,5.67,s,5.65,r,5.41,d,4.5,11.88,8.33,5.65,6.81,7.23,5.41,4.39,9.42,7.85,2.96,4.5,2.35,2.57,1.73,,2.32,1.79,2.14,5.67,,English,,2.14,,2.49,,,,,,,,,,,,,,,,,,,,,,,,,,,,,,,
Ellis Spear,e,12.2,t,9.72,o,8.44,a,7.6,i,7.1,r,6.92,n,6.89,s,5.25,h,4.45,d,3.87,12.2,7.6,5.25,6.89,7.1,6.92,3.41,9.72,8.44,3.07,3.87,3.53,2.35,2.42,,2.17,1.69,2.52,4.45,,English,,1.98,,2.0,,,,,,,,,,,,,,,,,,,,,,,,,,,,,,,
Elphinstone Dayrell,e,13.02,t,9.76,h,8.27,a,8.22,o,7.75,n,6.63,i,5.9,s,5.22,r,5.06,d,4.91,13.02,8.22,5.22,6.63,5.9,5.06,3.5,9.76,7.75,2.76,4.91,2.06,2.42,1.61,,2.16,1.64,2.25,8.27,,English,,1.7,,2.77,,,,,,,,,,,,,,,,,,,,,,,,,,,,,,,
Ely Banister Soane,e,12.02,a,9.19,t,8.78,o,7.21,n,7.06,i,6.93,s,6.42,r,6.28,h,5.9,d,4.42,12.02,9.19,6.42,7.06,6.93,6.28,3.7,8.78,7.21,3.04,4.42,2.52,2.5,1.95,,1.88,1.53,2.48,5.9,,English,,1.58,,2.03,,,,,,,,,,,,,,,,,,,,,,,,,,,,,,,
El__onore Riego de la Branchardi__re,e,12.8,t,10.92,o,8.43,n,6.98,i,6.92,a,6.67,r,6.56,s,6.02,h,5.51,l,4.12,12.8,6.67,6.02,6.98,6.92,6.56,4.12,10.92,8.43,2.17,3.37,3.45,1.89,2.34,,2.09,1.49,2.07,5.51,,English,1.64,,,2.43,,,,,,,,,,,,,,,,,,,,,,,,,,,,,,,
Emerson Hough,e,12.21,t,8.85,a,8.25,o,8.11,n,6.86,i,6.82,s,6.32,h,6.04,r,5.72,d,4.14,12.21,8.25,6.32,6.86,6.82,5.72,4.1,8.85,8.11,3.02,4.14,2.4,3.02,1.53,,1.91,1.3,2.25,6.04,,English,,2.27,,2.61,,,,,,,,,,,,,,,,,,,,,,,,,,,,,,,
Emile Durkheim,e,12.99,t,10.26,i,8.51,a,7.46,o,7.29,s,7.01,n,6.81,h,5.92,r,5.75,l,3.72,12.99,7.46,7.01,6.81,8.51,5.75,3.72,10.26,7.29,2.44,2.98,3.43,2.63,1.98,,1.59,1.42,2.51,5.92,,English,,1.6,,1.64,,,,,,,,,,,,,,,,,,,,,,,,,,,,,,,
Emily Brontë,e,12.78,t,8.67,a,7.74,o,7.4,n,7.16,i,7.15,h,6.47,s,6.07,r,5.92,d,4.78,12.78,7.74,6.07,7.16,7.15,5.92,4.11,8.67,7.4,2.98,4.78,2.41,2.64,1.59,,2.12,1.39,2.15,6.47,,English,,2.16,,2.11,,,,,,,,,,,,,,,,,,,,,,,,,,,,,,,
Emily Dickinson,e,12.83,t,9.43,a,7.39,o,7.36,i,7.23,s,6.69,n,6.52,r,5.99,h,5.65,l,4.39,12.83,7.39,6.69,6.52,7.23,5.99,4.39,9.43,7.36,2.89,4.09,2.37,2.5,1.86,,1.94,1.69,2.24,5.65,,English,,1.85,,2.31,,,,,,,,,,,,,,,,,,,,,,,,,,,,,,,
Emily Post,e,12.6,t,9.19,o,8.14,a,8.1,n,7.21,s,6.94,i,6.67,r,6.43,h,5.47,l,4.08,12.6,8.1,6.94,7.21,6.67,6.43,4.08,9.19,8.14,2.8,3.51,2.65,2.35,1.82,,2.01,1.65,2.25,5.47,,English,,2.04,,1.79,,,,,,,,,,,,,,,,,,,,,,,,,,,,,,,
Epictetus,e,11.84,t,9.21,o,8.78,i,7.5,a,7.06,n,6.86,r,6.62,s,6.16,h,5.09,l,3.96,11.84,7.06,6.16,6.86,7.5,6.62,3.96,9.21,8.78,3.46,3.46,3.17,2.11,2.36,,1.74,1.66,2.29,5.09,,English,,2.41,,1.94,,,,,,,,,,,,,,,,,,,,,,,,,,,,,,,
Ernest Flagg Henderson,e,12.7,t,9.58,a,8.2,n,7.37,i,7.16,o,7.1,r,6.98,s,6.38,h,5.28,l,3.96,12.7,8.2,6.38,7.37,7.16,6.98,3.96,9.58,7.1,2.61,3.38,2.93,2.41,1.91,,2.2,1.55,2.56,5.28,,English,,1.74,,1.77,,,,,,,,,,,,,,,,,,,,,,,,,,,,,,,
Ernest Hemingway,e,12.15,t,9.73,a,8.16,o,7.92,i,6.74,n,6.69,h,6.4,s,5.61,r,5.25,d,4.83,12.15,8.16,5.61,6.69,6.74,5.25,4.24,9.73,7.92,2.91,4.83,2.17,2.26,1.51,,2.41,1.71,1.78,6.4,,English,,2.01,,2.84,,,,,,,,,,,,,,,,,,,,,,,,,,,,,,,
Escott Lynn,e,12.29,t,8.75,a,8.37,o,7.27,n,7.0,h,6.46,r,6.3,i,6.16,s,6.03,d,4.84,12.29,8.37,6.03,7.0,6.16,6.3,4.07,8.75,7.27,2.76,4.84,2.62,2.41,1.63,,2.36,1.47,2.24,6.46,,English,,1.89,,2.35,,,,,,,,,,,,,,,,,,,,,,,,,,,,,,,
Ethel Lynn,e,12.4,t,8.91,a,8.24,o,7.87,n,7.01,i,6.42,r,5.92,s,5.74,h,5.68,d,4.85,12.4,8.24,5.74,7.01,6.42,5.92,4.04,8.91,7.87,3.06,4.85,2.67,2.45,1.79,,2.34,1.51,2.4,5.68,,English,,1.86,,2.59,,,,,,,,,,,,,,,,,,,,,,,,,,,,,,,
Etsu Inagaki Sugimoto,e,12.45,t,8.79,a,8.23,o,7.74,n,6.78,i,6.58,s,6.38,h,6.1,r,6.1,d,4.54,12.45,8.23,6.38,6.78,6.58,6.1,4.13,8.79,7.74,2.67,4.54,2.31,2.55,1.71,,2.21,1.53,2.38,6.1,,English,,1.94,,2.61,,,,,,,,,,,,,,,,,,,,,,,,,,,,,,,
Eugene O'Neill,e,11.97,t,8.74,o,7.75,a,7.51,i,7.18,n,6.9,s,6.23,r,5.88,h,5.19,l,4.35,11.97,7.51,6.23,6.9,7.18,5.88,4.35,8.74,7.75,3.26,4.29,2.48,2.47,1.79,,2.64,1.63,2.13,5.19,,English,,2.66,,2.23,,,,,,,,,,,,,,,,,,,,,,,,,,,,,,,
Eug__ne Scribe,e,14.98,a,7.77,n,7.26,i,7.22,t,6.95,s,6.87,r,6.75,o,5.99,u,5.3,l,4.85,14.98,7.77,6.87,7.26,7.22,6.75,4.85,6.95,5.99,5.3,3.55,3.6,3.15,2.59,1.79,1.02,1.32,1.23,1.91,,English,,,,,,,,1.23,,,,,,,,,,,,,,,,,,,,,,,,,,,
Eug__ne Sue,e,12.74,t,9.02,o,8.14,a,7.93,i,6.54,r,6.35,h,6.34,n,6.31,s,6.12,d,4.31,12.74,7.93,6.12,6.31,6.54,6.35,3.97,9.02,8.14,2.79,4.31,2.46,2.46,1.76,,1.86,1.77,2.48,6.34,,English,,2.11,,2.19,,,,,,,,,,,,,,,,,,,,,,,,,,,,,,,
Euripides,e,12.82,t,9.13,o,7.93,a,7.82,n,6.8,h,6.56,i,6.33,s,6.3,r,6.2,d,4.31,12.82,7.82,6.3,6.8,6.33,6.2,4.21,9.13,7.93,2.6,4.31,2.3,2.71,1.64,,2.09,1.44,2.36,6.56,,English,,1.87,,2.38,,,,,,,,,,,,,,,,,,,,,,,,,,,,,,,
Evelyn Philip Shirley,e,13.05,t,8.18,o,7.84,r,7.67,n,7.42,a,7.11,i,7.03,s,6.46,h,5.51,l,4.25,13.05,7.11,6.46,7.42,7.03,7.67,4.25,8.18,7.84,2.02,3.86,2.76,2.23,1.58,,1.92,1.86,3.27,5.51,,English,,1.93,,1.73,,,,,,,,,,,,,,,,,,,,,,,,,,,,,,,
F. H. Leeds,e,13.01,t,9.21,a,8.03,i,7.45,o,7.33,n,6.54,r,6.47,s,6.07,h,4.68,l,4.37,13.01,8.03,6.07,6.54,7.45,6.47,4.37,9.21,7.33,2.96,3.43,3.79,2.4,2.58,,2.05,1.92,2.63,4.68,,English,,1.66,,1.43,,,,,,,,,,,,,,,,,,,,,,,,,,,,,,,
F. Hopkinson Smith,e,12.41,t,9.41,o,8.35,a,7.33,r,6.69,i,6.61,n,6.6,h,5.77,s,5.56,d,4.35,12.41,7.33,5.56,6.6,6.61,6.69,3.71,9.41,8.35,2.77,4.35,2.76,2.51,2.08,,2.34,1.87,2.17,5.77,,English,,2.05,,2.28,,,,,,,,,,,,,,,,,,,,,,,,,,,,,,,
F. L. Wallace,e,12.81,t,9.83,a,7.76,o,7.52,n,7.01,i,6.88,h,6.15,s,5.83,r,5.46,d,4.72,12.81,7.76,5.83,7.01,6.88,5.46,3.85,9.83,7.52,2.96,4.72,3.05,2.16,1.64,,2.08,1.44,1.77,6.15,,English,,1.93,,2.72,,,,,,,,,,,,,,,,,,,,,,,,,,,,,,,
F. Marion Crawford,e,12.29,t,9.22,a,8.26,o,7.96,n,6.93,h,6.84,i,6.29,s,6.05,r,5.56,d,4.58,12.29,8.26,6.05,6.93,6.29,5.56,4.17,9.22,7.96,2.98,4.58,2.19,2.33,1.34,,2.11,1.52,1.96,6.84,,English,,2.39,,2.55,,,,,,,,,,,,,,,,,,,,,,,,,,,,,,,
F. Max Müller,e,12.34,t,9.46,a,8.29,o,7.46,i,7.28,n,7.18,s,6.5,r,6.19,h,6.02,d,3.85,12.34,8.29,6.5,7.18,7.28,6.19,3.67,9.46,7.46,2.58,3.85,2.6,2.39,1.7,,1.91,1.45,2.47,6.02,,English,,1.79,,1.95,,,,,,,,,,,,,,,,,,,,,,,,,,,,,,,
F. O. Call,e,12.1,t,8.96,o,8.01,a,7.29,n,6.84,r,6.65,i,6.63,s,6.27,h,5.25,d,4.32,12.1,7.29,6.27,6.84,6.63,6.65,4.32,8.96,8.01,2.97,4.32,2.45,2.41,2.05,,2.81,1.78,2.4,5.25,,English,,2.02,,2.36,,,,,,,,,,,,,,,,,,,,,,,,,,,,,,,
F. R. Watson,e,12.27,t,9.45,o,8.28,a,7.45,i,7.38,n,6.87,r,6.7,s,6.53,h,4.62,c,4.0,12.27,7.45,6.53,6.87,7.38,6.7,3.72,9.45,8.28,3.33,3.53,4.0,1.98,2.16,,2.06,1.64,2.83,4.62,,English,,1.45,,1.64,,,,,,,,,,,,,,,,,,,,,,,,,,,,,,,
F. Scott Fitzgerald,e,12.24,t,8.98,a,8.16,o,7.78,i,6.87,n,6.85,s,6.11,h,5.92,r,5.89,d,4.5,12.24,8.16,6.11,6.85,6.87,5.89,4.25,8.98,7.78,2.87,4.5,2.42,2.64,1.61,,2.27,1.52,2.06,5.92,,English,,2.36,,2.32,,,,,,,,,,,,,,,,,,,,,,,,,,,,,,,
F. W. Nietzsche,e,12.17,t,10.08,i,7.85,o,7.75,a,7.75,n,7.03,s,6.87,r,5.73,h,5.66,l,4.05,12.17,7.75,6.87,7.03,7.85,5.73,4.05,10.08,7.75,2.54,3.33,3.12,2.37,2.0,,1.92,1.39,2.68,5.66,,English,,1.91,,1.62,,,,,,,,,,,,,,,,,,,,,,,,,,,,,,,
Fancis Buchanan Hamilton,e,11.85,a,9.45,t,8.91,o,7.1,i,6.86,n,6.7,r,6.63,h,6.3,s,6.15,d,3.84,11.85,9.45,6.15,6.7,6.86,6.63,3.57,8.91,7.1,2.85,3.84,2.88,2.56,2.05,,1.79,1.8,2.49,6.3,,English,,1.76,,1.87,,,,,,,,,,,,,,,,,,,,,,,,,,,,,,,
Fanny Burney,e,12.33,t,8.63,o,8.03,a,7.57,i,7.21,n,6.73,s,6.07,r,5.99,h,5.73,d,4.4,12.33,7.57,6.07,6.73,7.21,5.99,4.2,8.63,8.03,3.27,4.4,2.35,3.35,1.67,,1.71,1.4,2.06,5.73,,English,,2.55,,2.28,,,,,,,,,,,,,,,,,,,,,,,,,,,,,,,
Felix Voorhies,e,13.08,t,8.73,a,7.81,o,7.76,n,6.85,r,6.8,i,6.55,s,6.22,h,5.11,d,4.69,13.08,7.81,6.22,6.85,6.55,6.8,3.89,8.73,7.76,3.25,4.69,2.65,2.25,1.97,,2.1,1.38,2.3,5.11,,English,,1.93,,2.48,,,,,,,,,,,,,,,,,,,,,,,,,,,,,,,
Feodor Dostoevsky,e,12.59,t,9.59,o,7.92,i,7.06,a,7.04,n,6.86,r,6.28,s,5.88,h,5.84,l,4.17,12.59,7.04,5.88,6.86,7.06,6.28,4.17,9.59,7.92,3.07,3.99,2.72,2.51,1.86,,1.98,1.59,2.55,5.84,,English,,2.0,,2.12,,,,,,,,,,,,,,,,,,,,,,,,,,,,,,,
Fernando Pessoa,e,12.35,t,10.01,o,8.37,i,6.86,n,6.7,a,6.6,r,6.57,s,6.17,h,4.93,l,3.57,12.35,6.6,6.17,6.7,6.86,6.57,3.57,10.01,8.37,3.23,3.52,2.9,2.43,2.01,,2.65,1.75,2.42,4.93,,English,,2.0,,2.21,,,,,,,,,,,,,,,,,,,,,,,,,,,,,,,
Fiodor Dostoievski,e,12.02,t,9.14,a,8.15,o,7.89,i,7.26,n,6.98,h,6.08,s,5.81,r,5.27,d,4.21,12.02,8.15,5.81,6.98,7.26,5.27,4.21,9.14,7.89,3.06,4.21,2.44,2.74,1.62,,2.08,1.45,2.08,6.08,,English,,2.57,,2.31,,,,,,,,,,,,,,,,,,,,,,,,,,,,,,,
Flavius Josephus,e,12.85,t,9.97,a,8.29,h,7.61,o,7.57,n,6.61,s,6.37,i,6.33,r,5.7,d,4.55,12.85,8.29,6.37,6.61,6.33,5.7,3.08,9.97,7.57,2.68,4.55,2.28,2.62,1.68,,1.74,1.61,2.35,7.61,,English,,1.73,,2.38,,,,,,,,,,,,,,,,,,,,,,,,,,,,,,,
Flora Annie Steel,e,12.37,t,9.24,a,7.94,o,7.45,h,6.73,n,6.5,i,6.23,r,6.15,s,6.15,d,4.62,12.37,7.94,6.15,6.5,6.23,6.15,4.22,9.24,7.45,2.97,4.62,2.13,2.27,1.6,,2.16,1.85,2.44,6.73,,English,,1.93,,2.65,,,,,,,,,,,,,,,,,,,,,,,,,,,,,,,
Florence A. Merriam,e,12.5,t,9.52,o,7.51,a,7.48,n,6.87,i,6.81,h,6.42,s,5.97,r,5.88,d,4.5,12.5,7.48,5.97,6.87,6.81,5.88,4.17,9.52,7.51,2.73,4.5,2.3,2.18,1.66,,2.47,1.92,2.42,6.42,,English,,1.7,,2.69,,,,,,,,,,,,,,,,,,,,,,,,,,,,,,,
Florence Crannell Means,e,12.68,t,8.86,a,7.87,o,7.44,n,6.72,i,6.16,r,6.06,s,6.06,h,5.99,d,5.07,12.68,7.87,6.06,6.72,6.16,6.06,4.23,8.86,7.44,2.58,5.07,2.68,2.45,1.89,,2.57,1.64,1.86,5.99,,English,,2.11,,2.45,,,,,,,,,,,,,,,,,,,,,,,,,,,,,,,
Florence Hartley,e,12.65,t,9.38,o,8.21,a,7.55,n,7.02,i,7.0,r,6.58,s,6.19,h,4.89,l,4.21,12.65,7.55,6.19,7.02,7.0,6.58,4.21,9.38,8.21,3.15,3.59,2.79,2.34,2.02,,1.8,1.5,2.56,4.89,,English,,2.27,,1.92,,,,,,,,,,,,,,,,,,,,,,,,,,,,,,,
Florence White Williams,e,11.81,t,10.24,o,8.11,i,7.4,r,7.05,a,6.99,n,6.65,s,5.14,h,4.52,l,4.25,11.81,6.99,5.14,6.65,7.4,7.05,4.25,10.24,8.11,3.3,3.88,3.37,2.1,2.52,,2.42,1.68,2.3,4.52,,English,,1.95,,2.04,,,,,,,,,,,,,,,,,,,,,,,,,,,,,,,
Floyd L. Wallace,e,12.27,t,9.77,o,8.06,a,7.8,i,6.93,n,6.7,r,5.86,h,5.67,s,5.61,d,4.57,12.27,7.8,5.61,6.7,6.93,5.86,3.99,9.77,8.06,3.0,4.57,3.32,2.28,1.94,,2.16,1.42,1.88,5.67,,English,,1.95,,2.36,,,,,,,,,,,,,,,,,,,,,,,,,,,,,,,
Frances Bacon,e,12.51,t,9.49,a,8.13,o,7.99,n,6.84,i,6.59,s,6.5,r,6.35,h,5.85,d,3.96,12.51,8.13,6.5,6.84,6.59,6.35,3.65,9.49,7.99,2.83,3.96,2.54,2.42,1.76,,1.88,1.45,2.76,5.85,,English,,1.76,,2.45,,,,,,,,,,,,,,,,,,,,,,,,,,,,,,,
Frances Cavanah,e,12.42,t,8.92,a,8.45,o,8.22,n,6.67,h,6.42,i,6.26,s,5.99,r,5.78,d,4.54,12.42,8.45,5.99,6.67,6.26,5.78,3.96,8.92,8.22,2.61,4.54,2.48,2.4,1.69,,2.32,1.99,1.95,6.42,,English,,1.99,,2.58,,,,,,,,,,,,,,,,,,,,,,,,,,,,,,,
Frances Halton Eva Hasell,e,12.52,t,9.38,a,8.17,o,7.66,n,6.93,i,6.72,r,6.44,s,6.07,h,5.89,d,4.35,12.52,8.17,6.07,6.93,6.72,6.44,3.75,9.38,7.66,2.91,4.35,2.89,2.17,1.82,,2.16,1.39,2.21,5.89,,English,,1.7,,2.55,,,,,,,,,,,,,,,,,,,,,,,,,,,,,,,
Frances Hodgson Burnett,e,12.62,t,8.61,a,8.48,o,7.18,h,6.87,n,6.83,s,6.69,i,6.62,r,5.7,d,5.02,12.62,8.48,6.69,6.83,6.62,5.7,4.03,8.61,7.18,2.72,5.02,2.19,2.49,1.46,,2.15,1.51,1.84,6.87,,English,,1.99,,2.58,,,,,,,,,,,,,,,,,,,,,,,,,,,,,,,
Francesco Petrarca,e,12.23,t,8.72,o,8.18,i,7.84,a,7.76,n,6.85,r,6.82,s,6.23,h,4.33,l,4.26,12.23,7.76,6.23,6.85,7.84,6.82,4.26,8.72,8.18,2.88,3.64,3.39,2.57,2.25,,2.33,1.56,2.11,4.33,,English,,1.66,,1.71,,,,,,,,,,,,,,,,,,,,,,,,,,,,,,,
Francis A. March and Richard J. Beamish,e,12.75,t,9.44,a,8.4,n,7.45,o,7.07,i,6.99,r,6.84,s,6.24,h,5.34,d,4.01,12.75,8.4,6.24,7.45,6.99,6.84,3.65,9.44,7.07,2.61,4.01,2.88,2.56,1.9,,2.08,1.57,2.62,5.34,,English,,1.55,,1.92,,,,,,,,,,,,,,,,,,,,,,,,,,,,,,,
Francis Bacon,e,12.57,t,9.93,o,7.71,a,7.59,i,7.42,n,7.3,s,6.65,r,6.17,h,5.82,d,3.81,12.57,7.59,6.65,7.3,7.42,6.17,3.35,9.93,7.71,2.92,3.81,2.86,2.51,1.98,,1.73,1.53,2.66,5.82,,English,,1.55,,1.72,,,,,,,,,,,,,,,,,,,,,,,,,,,,,,,
Francis Cunningham,e,12.5,t,9.45,o,7.77,i,7.64,a,7.24,n,7.07,h,6.54,s,6.42,r,5.81,d,4.1,12.5,7.24,6.42,7.07,7.64,5.81,3.45,9.45,7.77,2.64,4.1,3.07,2.41,2.0,,1.82,1.39,2.75,6.54,,English,,1.61,,2.04,,,,,,,,,,,,,,,,,,,,,,,,,,,,,,,
Francis Dodd,e,11.87,a,8.75,t,8.36,o,7.46,i,7.39,n,7.13,r,7.12,s,5.48,h,4.79,d,4.38,11.87,8.75,5.48,7.13,7.39,7.12,3.73,8.36,7.46,2.43,4.38,3.76,3.0,1.94,,2.03,1.78,2.52,4.79,,English,,1.55,,1.64,,,,,,,,,,,,,,,,,,,,,,,,,,,,,,,
Francis Grierson,e,12.06,t,8.99,i,7.83,n,7.72,a,7.72,o,7.62,s,6.44,r,5.92,h,5.39,l,4.23,12.06,7.72,6.44,7.72,7.83,5.92,4.23,8.99,7.62,2.71,3.86,3.35,2.55,2.09,,1.93,1.31,2.33,5.39,,English,,1.65,,2.09,,,,,,,,,,,,,,,,,,,,,,,,,,,,,,,
Francis Grose,e,11.64,o,8.45,a,8.44,t,8.2,n,6.63,r,6.57,s,6.47,i,6.43,h,5.07,l,4.4,11.64,8.44,6.47,6.63,6.43,6.57,4.4,8.2,8.45,2.77,3.62,3.17,2.52,2.3,,2.44,2.06,2.43,5.07,,English,,1.8,,1.96,,,,,,,,,,,,,,,,,,,,,,,,,,,,,,,
Francis Russell,e,12.73,t,9.7,a,8.26,o,7.63,n,7.02,i,6.62,h,6.14,r,6.02,s,5.89,d,4.48,12.73,8.26,5.89,7.02,6.62,6.02,3.74,9.7,7.63,2.59,4.48,2.95,2.57,1.6,,1.86,1.54,2.25,6.14,,English,,1.66,,2.17,,,,,,,,,,,,,,,,,,,,,,,,,,,,,,,
Francis W. Hirst,e,12.23,t,9.48,o,7.87,a,7.72,i,7.3,n,6.87,s,6.52,r,6.18,h,5.7,d,3.93,12.23,7.72,6.52,6.87,7.3,6.18,3.79,9.48,7.87,2.92,3.93,3.08,2.69,2.12,,1.68,1.53,2.57,5.7,,English,,1.79,,1.86,,,,,,,,,,,,,,,,,,,,,,,,,,,,,,,
Francois Duc De La Rochefoucauld,e,12.98,t,9.45,o,7.89,i,7.62,a,7.29,s,7.02,n,6.69,r,6.03,h,5.34,l,3.82,12.98,7.29,7.02,6.69,7.62,6.03,3.82,9.45,7.89,2.93,3.5,2.78,2.58,1.79,1.4,1.63,,2.65,5.34,,English,,1.66,,2.1,,,,,,,,,,,,,,,,,,,,,,,,,,,,,,,
Francois Rabelais,e,12.17,t,9.27,a,8.06,o,7.62,i,6.8,n,6.65,h,6.47,s,6.28,r,6.06,d,4.22,12.17,8.06,6.28,6.65,6.8,6.06,4.08,9.27,7.62,3.08,4.22,2.53,2.37,1.87,,2.05,1.59,2.44,6.47,,English,,1.9,,2.15,,,,,,,,,,,,,,,,,,,,,,,,,,,,,,,
Frank A. Martin,e,12.51,t,9.25,a,8.39,o,7.66,n,7.16,i,6.69,r,6.32,h,6.3,s,6.2,d,4.25,12.51,8.39,6.2,7.16,6.69,6.32,3.66,9.25,7.66,2.66,4.25,2.51,2.52,1.76,,2.12,1.48,2.59,6.3,,English,,1.61,,2.13,,,,,,,,,,,,,,,,,,,,,,,,,,,,,,,
Frank Barrett,e,12.21,t,9.33,o,7.86,a,7.86,i,6.64,n,6.61,h,6.5,s,6.23,r,5.82,d,4.5,12.21,7.86,6.23,6.61,6.64,5.82,3.62,9.33,7.86,2.98,4.5,2.22,2.47,1.6,,2.28,1.66,2.36,6.5,,English,,2.38,,2.7,,,,,,,,,,,,,,,,,,,,,,,,,,,,,,,
Frank Crane,e,11.9,t,9.45,o,8.5,i,7.65,a,7.17,n,7.09,r,6.3,s,5.47,h,4.45,l,3.88,11.9,7.17,5.47,7.09,7.65,6.3,3.88,9.45,8.5,3.21,3.64,3.1,2.54,2.33,,2.2,1.64,2.47,4.45,,English,,2.31,,2.23,,,,,,,,,,,,,,,,,,,,,,,,,,,,,,,
Frank Frankfort Moore,e,12.49,t,9.63,o,8.09,a,8.0,h,6.92,i,6.86,n,6.64,s,6.11,r,5.61,d,3.88,12.49,8.0,6.11,6.64,6.86,5.61,3.67,9.63,8.09,2.87,3.88,2.5,2.58,1.74,,2.0,1.4,2.38,6.92,,English,,2.08,,2.35,,,,,,,,,,,,,,,,,,,,,,,,,,,,,,,
Frank Richard Stockton,e,12.37,t,9.75,a,8.76,o,7.65,h,7.29,n,6.8,i,6.32,s,5.7,r,5.32,d,4.77,12.37,8.76,5.7,6.8,6.32,5.32,3.61,9.75,7.65,2.68,4.77,2.48,2.28,1.8,,1.93,1.68,2.26,7.29,,English,,1.7,,2.54,,,,,,,,,,,,,,,,,,,,,,,,,,,,,,,
Frank Riley,e,12.63,t,9.69,a,7.7,o,7.62,i,6.69,n,6.46,r,6.38,h,5.97,s,5.79,l,4.35,12.63,7.7,5.79,6.46,6.69,6.38,4.35,9.69,7.62,2.89,4.26,2.51,2.43,2.03,,2.19,1.54,2.23,5.97,,English,,1.9,,2.51,,,,,,,,,,,,,,,,,,,,,,,,,,,,,,,
Frank Thomas Bullen,e,12.39,t,9.42,a,8.23,o,7.61,i,7.22,n,7.07,s,6.46,r,5.93,h,5.48,l,4.29,12.39,8.23,6.46,7.07,7.22,5.93,4.29,9.42,7.61,2.9,3.53,2.74,2.3,2.01,,1.99,1.66,2.49,5.48,,English,,1.99,,2.06,,,,,,,,,,,,,,,,,,,,,,,,,,,,,,,
Franz Kafka,e,12.51,t,9.96,o,7.97,a,7.67,h,6.77,i,6.77,n,6.61,s,6.06,r,5.31,d,4.35,12.51,7.67,6.06,6.61,6.77,5.31,3.96,9.96,7.97,2.94,4.35,2.28,2.39,1.59,,2.09,1.57,2.03,6.77,,English,,2.06,,2.5,,,,,,,,,,,,,,,,,,,,,,,,,,,,,,,
Fred T. Hodgson,e,12.91,t,10.02,a,7.44,o,7.42,i,7.05,n,6.76,s,6.21,r,6.2,h,5.83,l,3.93,12.91,7.44,6.21,6.76,7.05,6.2,3.93,10.02,7.42,3.06,3.52,3.01,1.89,1.88,,2.33,1.74,3.3,5.83,,English,,1.25,,1.75,,,,,,,,,,,,,,,,,,,,,,,,,,,,,,,
Fred W. Ward,e,11.73,t,8.75,a,7.95,o,7.45,n,7.11,r,6.86,i,6.51,s,5.54,h,4.77,d,4.49,11.73,7.95,5.54,7.11,6.51,6.86,4.35,8.75,7.45,2.38,4.49,3.24,2.66,2.42,,2.45,1.88,2.34,4.77,,English,,1.67,,2.53,,,,,,,,,,,,,,,,,,,,,,,,,,,,,,,
Frederic Kidder,e,12.24,t,9.29,a,7.99,o,7.55,n,7.43,i,7.27,r,6.75,s,5.99,h,4.83,d,3.6,12.24,7.99,5.99,7.43,7.27,6.75,3.4,9.29,7.55,2.77,3.6,3.06,2.34,2.09,,2.48,1.85,2.32,4.83,,English,,1.77,,2.16,,,,,,,,,,,,,,,,,,,,,,,,,,,,,,,
Frederic S. Cozzens,e,12.52,t,9.29,a,8.21,o,7.63,n,7.0,i,6.79,s,6.3,r,6.26,h,5.88,d,4.05,12.52,8.21,6.3,7.0,6.79,6.26,4.01,9.29,7.63,2.68,4.05,2.82,2.12,2.05,,1.96,1.65,2.59,5.88,,English,,1.7,,2.2,,,,,,,,,,,,,,,,,,,,,,,,,,,,,,,
Frederick Boyle,e,12.29,t,9.13,a,7.84,o,7.53,i,7.07,s,6.89,n,6.7,r,6.37,h,5.28,l,4.3,12.29,7.84,6.89,6.7,7.07,6.37,4.3,9.13,7.53,3.05,3.73,3.19,2.56,2.06,,1.88,1.75,2.31,5.28,,English,,1.84,,1.95,,,,,,,,,,,,,,,,,,,,,,,,,,,,,,,
Frederick Douglass,e,12.7,t,9.16,a,7.93,o,7.65,n,6.93,i,6.88,s,6.34,r,6.0,h,5.82,d,4.24,12.7,7.93,6.34,6.93,6.88,6.0,4.04,9.16,7.65,2.56,4.24,2.59,2.88,1.76,,1.96,1.5,2.48,5.82,,English,,2.03,,2.21,,,,,,,,,,,,,,,,,,,,,,,,,,,,,,,
Frederick Franklin Schrader,e,12.67,t,9.01,a,8.16,n,7.96,o,7.31,i,7.23,r,6.87,s,6.22,h,5.09,d,3.81,12.67,8.16,6.22,7.96,7.23,6.87,3.73,9.01,7.31,2.49,3.81,3.1,2.64,2.0,,2.17,1.46,2.58,5.09,,English,,1.58,,1.81,,,,,,,,,,,,,,,,,,,,,,,,,,,,,,,
Frederick Jackson Turner,e,12.72,t,9.96,n,7.84,o,7.82,i,7.78,a,7.68,s,6.62,r,6.2,h,5.17,l,3.87,12.72,7.68,6.62,7.84,7.78,6.2,3.87,9.96,7.82,2.23,3.71,3.18,2.32,2.12,,1.68,1.11,2.7,5.17,,English,,1.46,,1.79,,,,,,,,,,,,,,,,,,,,,,,,,,,,,,,
Frederick Swainson,e,11.38,t,9.24,o,8.35,a,7.8,n,6.79,i,6.72,h,6.1,s,6.06,r,5.66,l,4.45,11.38,7.8,6.06,6.79,6.72,5.66,4.45,9.24,8.35,3.23,4.25,2.73,2.27,1.66,,2.28,1.57,2.37,6.1,,English,,2.14,,2.42,,,,,,,,,,,,,,,,,,,,,,,,,,,,,,,
Frederick W. Hamilton,e,11.45,t,8.69,o,7.97,i,7.85,a,7.38,r,7.25,n,7.2,s,6.71,l,3.81,h,3.71,11.45,7.38,6.71,7.2,7.85,7.25,3.81,8.69,7.97,2.9,3.38,3.53,2.57,2.97,,2.3,1.9,2.44,3.71,,English,,1.68,,1.41,,,,,,,,,,,,,,,,,,,,,,,,,,,,,,,
Frederick William Headland,e,12.26,t,9.76,i,8.44,a,8.01,o,7.61,n,7.03,s,6.97,r,5.68,h,4.98,c,4.07,12.26,8.01,6.97,7.03,8.44,5.68,3.63,9.76,7.61,2.82,3.76,4.07,2.53,2.04,,1.3,1.8,2.44,4.98,,English,,1.75,,1.21,,,,,,,,,,,,,,,,,,,,,,,,,,,,,,,
Fredrick S. Burch,e,12.13,t,10.01,o,7.99,r,7.25,a,7.25,i,6.84,n,6.58,s,5.43,h,4.45,l,4.08,12.13,7.25,5.43,6.58,6.84,7.25,4.08,10.01,7.99,3.54,3.3,3.36,2.61,2.24,,2.2,1.96,2.2,4.45,,English,,1.9,,1.97,,,,,,,,,,,,,,,,,,,,,,,,,,,,,,,
Friedrich Nietzsche,e,12.56,t,9.6,o,7.66,i,7.66,a,7.61,n,7.11,s,6.98,h,5.84,r,5.74,l,4.16,12.56,7.61,6.98,7.11,7.66,5.74,4.16,9.6,7.66,2.79,3.54,2.88,2.4,1.94,,1.88,1.29,2.47,5.84,,English,,1.77,,1.88,,,,,,,,,,,,,,,,,,,,,,,,,,,,,,,
Friedrich Wilhelm Nietzsche,e,12.43,t,9.58,i,7.74,o,7.71,a,7.62,n,7.12,s,6.99,h,5.76,r,5.71,l,4.03,12.43,7.62,6.99,7.12,7.74,5.71,4.03,9.58,7.71,2.77,3.43,2.96,2.48,1.91,,1.87,1.33,2.55,5.76,,English,,1.86,,1.91,,,,,,,,,,,,,,,,,,,,,,,,,,,,,,,
Fritz Leiber,e,12.16,t,9.28,a,7.87,o,7.54,i,7.01,n,6.99,s,6.11,r,6.0,h,5.51,d,4.24,12.16,7.87,6.11,6.99,7.01,6.0,4.13,9.28,7.54,2.87,4.24,2.86,2.58,1.88,,2.41,1.54,2.2,5.51,,English,,2.01,,2.23,,,,,,,,,,,,,,,,,,,,,,,,,,,,,,,
Fyodor Dostoevsky,e,11.86,t,9.22,a,8.27,o,8.02,i,7.07,n,7.0,h,6.08,s,6.03,r,5.43,d,4.23,11.86,8.27,6.03,7.0,7.07,5.43,4.06,9.22,8.02,3.1,4.23,2.2,2.59,1.65,,2.04,1.4,2.03,6.08,,English,,2.49,,2.32,,,,,,,,,,,,,,,,,,,,,,,,,,,,,,,
Fyodor Dostoyevsky,e,12.14,t,9.16,a,8.19,o,7.94,i,7.04,n,6.82,h,6.36,s,6.03,r,5.4,d,4.32,12.14,8.19,6.03,6.82,7.04,5.4,4.12,9.16,7.94,3.08,4.32,2.25,2.64,1.64,,1.98,1.41,2.15,6.36,,English,,2.48,,2.25,,,,,,,,,,,,,,,,,,,,,,,,,,,,,,,
G. E. Farrow,e,11.88,t,9.22,a,7.93,o,7.88,i,7.01,n,6.34,s,6.04,r,6.0,h,5.65,l,4.46,11.88,7.93,6.04,6.34,7.01,6.0,4.46,9.22,7.88,3.17,4.35,2.55,2.35,1.93,,2.27,1.61,1.98,5.65,,English,,2.36,,2.45,,,,,,,,,,,,,,,,,,,,,,,,,,,,,,,
G. K. Chesterton,e,12.15,t,9.54,a,8.31,o,7.39,i,7.33,n,6.87,s,6.39,h,6.06,r,5.66,l,4.35,12.15,8.31,6.39,6.87,7.33,5.66,4.35,9.54,7.39,2.79,3.92,2.64,2.51,1.76,,2.01,1.56,2.23,6.06,,English,,2.07,,2.21,,,,,,,,,,,,,,,,,,,,,,,,,,,,,,,
G.K. Chesterton,e,12.19,t,9.59,a,8.19,o,7.58,i,7.2,n,7.0,s,6.53,r,5.91,h,5.82,l,4.4,12.19,8.19,6.53,7.0,7.2,5.91,4.4,9.59,7.58,2.73,3.78,2.71,2.5,1.76,,2.04,1.61,2.3,5.82,,English,,1.91,,2.02,,,,,,,,,,,,,,,,,,,,,,,,,,,,,,,
GANPAT,e,12.51,t,9.06,a,8.12,o,7.66,n,6.78,i,6.5,h,6.39,s,6.11,r,5.82,d,4.48,12.51,8.12,6.11,6.78,6.5,5.82,4.14,9.06,7.66,2.89,4.48,2.14,2.44,1.66,,2.22,1.37,2.29,6.39,,English,,2.12,,2.77,,,,,,,,,,,,,,,,,,,,,,,,,,,,,,,
Gaston Leroux,e,12.8,t,9.28,a,7.97,o,7.69,h,6.91,i,6.86,n,6.6,r,6.04,s,6.03,d,4.45,12.8,7.97,6.03,6.6,6.86,6.04,3.72,9.28,7.69,2.8,4.45,2.45,2.62,1.67,,2.1,1.36,2.03,6.91,,English,,1.95,,2.34,,,,,,,,,,,,,,,,,,,,,,,,,,,,,,,
Geo. W. Donohue,e,12.36,t,10.57,o,8.11,i,7.97,a,7.65,n,7.43,s,6.22,r,5.78,h,5.24,l,3.79,12.36,7.65,6.22,7.43,7.97,5.78,3.79,10.57,8.11,2.64,3.44,3.32,2.08,2.12,,1.55,1.62,2.47,5.24,,English,,1.78,,1.71,,,,,,,,,,,,,,,,,,,,,,,,,,,,,,,
Geoffrey Chaucer,e,13.15,t,9.23,a,7.93,o,7.59,h,7.26,n,6.65,s,6.43,i,6.3,r,5.85,l,4.35,13.15,7.93,6.43,6.65,6.3,5.85,4.35,9.23,7.59,2.73,4.14,2.08,2.3,1.39,,1.87,1.42,2.41,7.26,,English,,2.29,,2.53,,,,,,,,,,,,,,,,,,,,,,,,,,,,,,,
George Ade,e,12.72,t,9.14,a,8.3,o,7.51,n,6.83,i,6.38,h,6.34,r,5.86,s,5.47,d,4.48,12.72,8.3,5.47,6.83,6.38,5.86,4.18,9.14,7.51,2.9,4.48,2.77,2.35,2.02,,2.31,1.7,2.25,6.34,,English,,1.67,,2.38,,,,,,,,,,,,,,,,,,,,,,,,,,,,,,,
George Bernard Shaw,e,11.59,t,8.97,o,8.17,a,7.88,i,7.23,n,7.04,s,6.28,r,6.08,h,5.61,l,4.21,11.59,7.88,6.28,7.04,7.23,6.08,4.21,8.97,8.17,3.24,3.56,2.55,2.71,1.8,,2.22,1.47,2.11,5.61,,English,,2.58,,2.06,,,,,,,,,,,,,,,,,,,,,,,,,,,,,,,
George Eliot,e,12.0,t,8.95,a,8.03,o,7.72,i,7.09,n,6.91,h,6.39,s,6.32,r,5.65,d,4.29,12.0,8.03,6.32,6.91,7.09,5.65,4.11,8.95,7.72,2.95,4.29,2.34,2.71,1.62,,2.31,1.63,2.2,6.39,,English,,2.08,,2.45,,,,,,,,,,,,,,,,,,,,,,,,,,,,,,,
George Eliot [pseudonym of Mary Anne Evans],e,12.23,t,9.26,a,8.16,o,7.82,n,6.98,h,6.92,i,6.51,s,6.37,r,5.68,d,4.32,12.23,8.16,6.37,6.98,6.51,5.68,3.94,9.26,7.82,2.83,4.32,2.02,2.56,1.46,,2.23,1.61,2.14,6.92,,English,,2.15,,2.55,,,,,,,,,,,,,,,,,,,,,,,,,,,,,,,
George Forbes,e,13.12,t,8.99,a,7.95,o,7.73,n,6.71,i,6.47,h,6.39,s,6.08,r,5.89,d,4.53,13.12,7.95,6.08,6.71,6.47,5.89,3.37,8.99,7.73,2.85,4.53,2.69,2.67,1.91,,1.96,1.68,2.39,6.39,,English,,1.58,,2.73,,,,,,,,,,,,,,,,,,,,,,,,,,,,,,,
"George H. Lowery, Jr",e,12.7,t,8.31,o,7.94,a,7.83,i,7.54,n,7.35,r,7.1,s,6.38,l,4.17,h,3.75,12.7,7.83,6.38,7.35,7.54,7.1,4.17,8.31,7.94,2.99,3.42,3.7,2.5,2.23,,1.63,2.13,2.25,3.75,,English,,1.82,,1.72,,,,,,,,,,,,,,,,,,,,,,,,,,,,,,,
George Haven Putnam,e,12.49,t,10.08,o,7.98,a,7.64,n,7.5,i,7.11,r,6.28,s,6.24,h,5.75,d,3.74,12.49,7.64,6.24,7.5,7.11,6.28,3.67,10.08,7.98,2.58,3.74,3.03,2.27,1.98,,1.79,1.47,2.66,5.75,,English,,1.69,,2.0,,,,,,,,,,,,,,,,,,,,,,,,,,,,,,,
George Henry Joseph Adlam,e,11.54,t,9.15,a,8.16,i,8.16,o,7.54,s,6.89,n,6.38,r,6.35,h,4.64,l,4.25,11.54,8.16,6.89,6.38,8.16,6.35,4.25,9.15,7.54,2.98,3.97,4.12,2.51,2.25,,1.71,1.65,2.29,4.64,,English,,1.63,,1.62,,,,,,,,,,,,,,,,,,,,,,,,,,,,,,,
George Lyman Kittredge,e,13.15,t,8.93,i,7.49,a,7.39,s,7.28,o,7.25,n,6.88,r,6.0,h,5.19,l,3.74,13.15,7.39,7.28,6.88,7.49,6.0,3.74,8.93,7.25,2.9,3.73,3.51,2.41,2.24,,1.54,1.71,2.38,5.19,,English,,1.5,,1.87,,,,,,,,,,,,,,,,,,,,,,,,,,,,,,,
George MacDonald,e,12.64,t,9.32,o,7.91,a,7.6,h,6.84,n,6.77,i,6.72,s,5.98,r,5.78,d,4.48,12.64,7.6,5.98,6.77,6.72,5.78,4.07,9.32,7.91,2.86,4.48,2.31,2.48,1.54,,2.2,1.5,2.35,6.84,,English,,1.95,,2.58,,,,,,,,,,,,,,,,,,,,,,,,,,,,,,,
George Manville Fenn,e,11.96,t,9.07,a,8.26,o,8.0,n,6.97,i,6.46,h,6.39,s,6.14,r,5.08,d,4.97,11.96,8.26,6.14,6.97,6.46,5.08,4.02,9.07,8.0,2.93,4.97,2.09,2.75,1.58,,2.38,1.5,2.07,6.39,,English,,2.25,,2.64,,,,,,,,,,,,,,,,,,,,,,,,,,,,,,,
George O. Smith,e,12.77,t,9.4,a,8.01,o,7.56,i,6.95,n,6.91,r,6.11,s,5.7,h,5.56,l,4.29,12.77,8.01,5.7,6.91,6.95,6.11,4.29,9.4,7.56,2.86,4.23,2.88,2.5,1.84,,2.11,1.63,2.11,5.56,,English,,1.88,,2.25,,,,,,,,,,,,,,,,,,,,,,,,,,,,,,,
George T. Ulmer,e,12.37,t,9.46,o,8.04,a,7.75,i,6.91,n,6.55,r,6.16,h,5.48,s,5.42,d,4.98,12.37,7.75,5.42,6.55,6.91,6.16,3.93,9.46,8.04,2.9,4.98,2.46,2.69,1.77,,2.27,1.64,2.43,5.48,,English,,2.0,,2.55,,,,,,,,,,,,,,,,,,,,,,,,,,,,,,,
George Tobias Flom,e,12.72,n,8.54,a,8.19,t,8.1,o,7.61,r,6.87,i,6.87,s,6.29,h,5.02,l,4.42,12.72,8.19,6.29,8.54,6.87,6.87,4.42,8.1,7.61,2.19,3.9,2.32,2.75,1.33,,2.23,1.38,2.31,5.02,,English,,1.53,,2.04,,,,,,,,,,,,,,,,,,,,,,,,,,,,,,,
George W. Clark,e,12.36,t,8.35,o,8.03,a,7.52,r,7.23,n,6.51,s,6.35,h,6.22,i,6.18,l,4.92,12.36,7.52,6.35,6.51,6.18,7.23,4.92,8.35,8.03,2.68,3.88,2.21,2.7,1.6,,2.33,1.79,2.41,6.22,,English,,2.2,,2.31,,,,,,,,,,,,,,,,,,,,,,,,,,,,,,,
Georgie Sheldon,e,12.8,t,8.55,a,8.02,o,7.54,i,6.76,n,6.75,h,6.54,r,6.05,s,5.91,d,4.75,12.8,8.02,5.91,6.75,6.76,6.05,4.37,8.55,7.54,2.99,4.75,2.15,2.55,1.64,,1.99,1.44,2.23,6.54,,English,,2.34,,2.4,,,,,,,,,,,,,,,,,,,,,,,,,,,,,,,
Gertrude Chandler Warner,e,12.97,t,9.11,a,7.34,o,7.29,n,6.68,h,6.45,i,6.32,r,6.04,s,6.01,d,4.8,12.97,7.34,6.01,6.68,6.32,6.04,4.49,9.11,7.29,2.78,4.8,2.53,2.05,1.62,,2.19,1.66,1.94,6.45,,English,,2.51,,2.61,,,,,,,,,,,,,,,,,,,,,,,,,,,,,,,
Gertrude Stein,e,12.59,t,9.59,a,9.05,n,8.25,i,7.93,s,7.31,o,6.72,r,5.82,h,4.87,l,4.07,12.59,9.05,7.31,8.25,7.93,5.82,4.07,9.59,6.72,2.39,3.68,3.32,2.02,1.83,,2.34,1.38,1.36,4.87,,English,,1.67,,1.85,,,,,,,,,,,,,,,,,,,,,,,,,,,,,,,
Gilbert C. Kniffin,e,12.57,t,9.59,o,7.97,n,7.26,r,7.22,a,7.22,i,7.03,s,5.49,h,4.9,d,4.16,12.57,7.22,5.49,7.26,7.03,7.22,3.69,9.59,7.97,2.55,4.16,3.12,2.2,2.12,,2.42,1.59,2.83,4.9,,English,,1.76,,1.86,,,,,,,,,,,,,,,,,,,,,,,,,,,,,,,
Giovanni Boccaccio,e,12.93,t,9.29,a,7.93,o,7.89,h,7.81,n,6.79,i,6.6,s,5.69,r,5.63,d,4.43,12.93,7.93,5.69,6.79,6.6,5.63,3.77,9.29,7.89,2.57,4.43,2.23,2.69,1.3,,2.13,1.47,2.4,7.81,,English,,1.84,,2.5,,,,,,,,,,,,,,,,,,,,,,,,,,,,,,,
Gordon Randall Garrett,e,13.05,t,9.89,a,7.71,o,7.59,n,6.97,i,6.55,r,6.33,h,5.99,s,5.5,d,4.29,13.05,7.71,5.5,6.97,6.55,6.33,3.81,9.89,7.59,2.61,4.29,2.85,2.74,1.86,,2.15,1.55,2.29,5.99,,English,,1.78,,2.22,,,,,,,,,,,,,,,,,,,,,,,,,,,,,,,
Gottfried Achenwall,e,12.26,t,9.36,o,7.87,a,7.66,n,7.54,i,7.29,r,7.02,s,6.28,h,4.84,l,4.11,12.26,7.66,6.28,7.54,7.29,7.02,4.11,9.36,7.87,2.63,3.53,3.29,2.22,2.32,,2.18,1.58,2.3,4.84,,English,,1.86,,1.62,,,,,,,,,,,,,,,,,,,,,,,,,,,,,,,
Grace Clarke Newton,e,11.79,t,9.77,o,8.56,r,7.35,i,7.12,n,6.8,a,6.77,s,5.33,h,4.19,c,3.57,11.79,6.77,5.33,6.8,7.12,7.35,3.33,9.77,8.56,3.35,3.47,3.57,2.26,2.69,,2.51,1.79,2.59,4.19,,English,,2.14,,1.94,,,,,,,,,,,,,,,,,,,,,,,,,,,,,,,
Grace May North,e,13.14,t,8.9,a,8.12,o,7.3,n,6.34,i,6.28,h,6.25,r,6.18,s,5.81,d,5.16,13.14,8.12,5.81,6.34,6.28,6.18,4.59,8.9,7.3,2.85,5.16,2.14,2.33,1.68,,2.43,1.6,1.64,6.25,,English,,2.27,,2.53,,,,,,,,,,,,,,,,,,,,,,,,,,,,,,,
Grady Ward,e,11.99,t,9.98,o,8.69,r,7.51,i,7.25,n,6.64,a,6.61,s,5.22,c,3.9,d,3.5,11.99,6.61,5.22,6.64,7.25,7.51,3.29,9.98,8.69,3.34,3.5,3.9,2.34,2.72,,2.7,1.86,2.45,3.42,,English,,2.17,,1.87,,,,,,,,,,,,,,,,,,,,,,,,,,,,,,,
Graph Waldeyer,e,11.91,t,9.6,o,8.11,a,7.33,i,7.3,r,6.51,n,6.49,s,5.74,h,5.08,d,4.04,11.91,7.33,5.74,6.49,7.3,6.51,3.97,9.6,8.11,3.2,4.04,2.86,2.28,2.73,,2.46,1.7,2.41,5.08,,English,,1.91,,2.06,,,,,,,,,,,,,,,,,,,,,,,,,,,,,,,
Guido Bruno,e,12.34,t,8.76,o,8.43,a,7.83,i,6.86,n,6.82,s,6.73,r,6.43,h,5.37,l,4.09,12.34,7.83,6.73,6.82,6.86,6.43,4.09,8.76,8.43,2.76,3.75,2.7,2.55,2.02,,1.94,1.75,2.21,5.37,,English,,2.02,,1.95,,,,,,,,,,,,,,,,,,,,,,,,,,,,,,,
Gustave Flaubert,e,13.22,t,9.0,a,7.71,o,7.63,h,7.14,s,6.6,n,6.56,i,6.44,r,5.95,d,4.35,13.22,7.71,6.6,6.56,6.44,5.95,4.09,9.0,7.63,2.7,4.35,2.35,2.48,1.69,,2.16,1.48,2.24,7.14,,English,,1.55,,2.32,,,,,,,,,,,,,,,,,,,,,,,,,,,,,,,
Guy de Maupassant,e,12.95,t,8.95,a,8.0,o,7.52,n,6.84,i,6.84,h,6.82,s,6.21,r,5.66,d,4.67,12.95,8.0,6.21,6.84,6.84,5.66,4.02,8.95,7.52,2.75,4.67,2.28,2.65,1.56,,2.12,1.38,2.13,6.82,,English,,1.87,,2.53,,,,,,,,,,,,,,,,,,,,,,,,,,,,,,,
H. A. Guerber,e,12.74,t,8.7,a,7.64,o,7.19,h,6.99,n,6.83,i,6.65,r,6.58,s,6.46,d,5.03,12.74,7.64,6.46,6.83,6.65,6.58,4.11,8.7,7.19,2.56,5.03,2.18,2.2,1.59,,2.49,1.43,2.54,6.99,,English,,1.5,,2.37,,,,,,,,,,,,,,,,,,,,,,,,,,,,,,,
H. B. Walters,e,12.28,t,8.54,i,8.11,a,8.01,o,7.94,n,7.12,s,6.73,r,6.48,h,4.65,l,3.86,12.28,8.01,6.73,7.12,8.11,6.48,3.86,8.54,7.94,2.48,3.07,3.15,2.49,2.45,,1.59,1.79,3.07,4.65,,English,,1.4,,1.27,,,,,,,,,,,,,,,,,,,,,,,,,,,,,,,
H. Claiborne Dixon,e,12.51,t,9.17,a,7.56,o,7.42,n,7.13,i,6.92,r,6.64,s,6.51,h,5.82,d,4.1,12.51,7.56,6.51,7.13,6.92,6.64,4.0,9.17,7.42,2.78,4.1,3.05,2.18,1.62,,1.8,2.19,2.72,5.82,,English,,1.94,,1.83,,,,,,,,,,,,,,,,,,,,,,,,,,,,,,,
H. G. Wells,e,12.43,t,9.33,a,8.41,n,7.16,o,7.15,i,7.1,s,6.25,h,5.86,r,5.81,d,4.6,12.43,8.41,6.25,7.16,7.1,5.81,3.95,9.33,7.15,2.72,4.6,2.54,2.61,1.89,,2.2,1.5,2.3,5.86,,English,,1.81,,2.15,,,,,,,,,,,,,,,,,,,,,,,,,,,,,,,
H. H. Kane,e,12.46,t,9.05,a,7.95,o,7.57,i,7.39,n,7.2,s,6.69,r,6.04,h,5.07,d,3.96,12.46,7.95,6.69,7.2,7.39,6.04,3.83,9.05,7.57,2.9,3.96,3.21,2.74,2.26,,1.83,1.56,2.7,5.07,,English,,1.85,,1.54,,,,,,,,,,,,,,,,,,,,,,,,,,,,,,,
H. P. Lovecraft,e,12.43,t,9.19,a,7.93,o,7.52,n,7.07,i,6.61,s,6.21,r,6.18,h,5.47,d,4.42,12.43,7.93,6.21,7.07,6.61,6.18,4.21,9.19,7.52,2.99,4.42,3.01,2.39,1.97,,2.28,1.58,2.32,5.47,,English,,1.74,,2.19,,,,,,,,,,,,,,,,,,,,,,,,,,,,,,,
H. R. Chamberlain,e,12.83,t,9.68,a,7.76,o,7.68,n,7.1,i,6.84,s,6.23,r,6.04,h,5.72,d,4.11,12.83,7.76,6.23,7.1,6.84,6.04,3.74,9.68,7.68,2.82,4.11,2.85,2.5,1.94,,1.89,1.6,2.49,5.72,,English,,1.86,,2.13,,,,,,,,,,,,,,,,,,,,,,,,,,,,,,,
H. Rider Haggard,e,12.29,t,9.28,a,8.2,o,7.87,n,6.72,i,6.61,h,6.29,s,6.17,r,5.7,d,4.54,12.29,8.2,6.17,6.72,6.61,5.7,3.99,9.28,7.87,2.99,4.54,2.17,2.36,1.6,,2.33,1.45,2.43,6.29,,English,,1.83,,2.78,,,,,,,,,,,,,,,,,,,,,,,,,,,,,,,
H. W. G. Hyrst,e,12.62,t,9.21,a,8.21,o,7.5,n,7.1,h,6.52,i,6.51,s,6.09,r,6.08,d,4.47,12.62,8.21,6.09,7.1,6.51,6.08,3.83,9.21,7.5,2.67,4.47,2.47,2.36,1.68,,2.23,1.57,2.39,6.52,,English,,1.79,,2.45,,,,,,,,,,,,,,,,,,,,,,,,,,,,,,,
Hallam Hawksworth,e,12.3,t,9.95,o,7.94,a,7.65,s,7.02,i,6.54,n,6.49,h,6.41,r,6.12,l,4.23,12.3,7.65,7.02,6.49,6.54,6.12,4.23,9.95,7.94,2.82,3.57,2.16,2.3,1.69,,2.17,1.72,2.4,6.41,,English,,2.01,,2.25,,,,,,,,,,,,,,,,,,,,,,,,,,,,,,,
Hans Christian Andersen,e,13.24,t,9.41,a,7.92,o,7.43,h,7.4,n,6.56,s,6.15,i,6.09,r,5.72,d,4.78,13.24,7.92,6.15,6.56,6.09,5.72,4.41,9.41,7.43,2.62,4.78,2.08,2.2,1.54,,2.1,1.54,2.07,7.4,,English,,1.84,,2.77,,,,,,,,,,,,,,,,,,,,,,,,,,,,,,,
Harold Speed,e,12.12,t,10.07,i,8.02,a,7.64,o,7.44,n,7.12,s,6.66,r,5.88,h,5.42,l,4.01,12.12,7.64,6.66,7.12,8.02,5.88,4.01,10.07,7.44,2.88,3.41,2.96,2.19,2.09,,2.11,1.48,2.73,5.42,,English,,1.75,,1.72,,,,,,,,,,,,,,,,,,,,,,,,,,,,,,,
Harriet Beecher Stowe,e,12.11,t,8.68,a,8.28,o,7.81,n,6.86,i,6.79,s,6.59,h,6.24,r,5.74,d,4.64,12.11,8.28,6.59,6.86,6.79,5.74,4.3,8.68,7.81,2.79,4.64,2.25,2.65,1.59,,2.22,1.44,2.06,6.24,,English,,2.26,,2.38,,,,,,,,,,,,,,,,,,,,,,,,,,,,,,,
Harriet Jacobs (AKA Linda Brent),e,12.93,t,8.88,o,7.79,a,7.67,i,6.56,n,6.45,h,6.37,r,6.18,s,6.02,d,4.95,12.93,7.67,6.02,6.45,6.56,6.18,3.98,8.88,7.79,2.74,4.95,2.27,3.05,1.61,,1.85,1.51,2.27,6.37,,English,,2.21,,2.52,,,,,,,,,,,,,,,,,,,,,,,,,,,,,,,
Harriet Myrtle,e,12.44,t,9.97,a,7.96,o,7.5,n,6.82,i,6.49,r,6.39,s,5.49,h,5.31,d,4.69,12.44,7.96,5.49,6.82,6.49,6.39,3.99,9.97,7.5,2.89,4.69,2.63,2.16,2.15,,2.5,1.63,2.07,5.31,,English,,2.08,,2.44,,,,,,,,,,,,,,,,,,,,,,,,,,,,,,,
Harry Collingwood,e,12.76,t,9.51,a,7.94,o,7.58,n,6.78,i,6.49,h,6.44,r,6.01,s,5.94,d,4.38,12.76,7.94,5.94,6.78,6.49,6.01,3.87,9.51,7.58,2.86,4.38,2.5,2.29,1.85,,2.18,1.49,2.4,6.44,,English,,1.98,,2.39,,,,,,,,,,,,,,,,,,,,,,,,,,,,,,,
Harry Steele Morrison,e,13.21,t,9.31,a,8.01,o,7.71,n,7.04,h,6.84,i,6.5,r,5.95,s,5.47,d,4.39,13.21,8.01,5.47,7.04,6.5,5.95,3.67,9.31,7.71,2.69,4.39,2.51,2.4,1.6,,2.11,1.54,2.21,6.84,,English,,1.92,,2.63,,,,,,,,,,,,,,,,,,,,,,,,,,,,,,,
Heinrich Hoffman,e,11.92,t,9.38,o,8.17,a,7.48,r,6.79,n,6.67,i,6.59,s,5.75,h,5.02,d,3.97,11.92,7.48,5.75,6.67,6.59,6.79,3.71,9.38,8.17,3.15,3.97,3.25,2.36,2.52,,2.44,1.72,2.15,5.02,,English,,2.3,,2.11,,,,,,,,,,,,,,,,,,,,,,,,,,,,,,,
Helen Bannerman,e,11.87,t,9.98,o,8.11,a,7.6,i,6.6,n,6.41,r,6.33,s,5.13,h,4.68,l,4.3,11.87,7.6,5.13,6.41,6.6,6.33,4.3,9.98,8.11,3.21,3.88,3.28,2.56,2.06,,3.05,2.21,2.11,4.68,,English,,2.12,,1.97,,,,,,,,,,,,,,,,,,,,,,,,,,,,,,,
Helen Keller,e,13.09,t,9.05,a,7.71,i,7.07,o,7.04,n,6.82,s,6.58,h,6.15,r,5.9,l,4.45,13.09,7.71,6.58,6.82,7.07,5.9,4.45,9.05,7.04,2.73,4.32,2.3,2.74,1.67,,1.99,1.46,2.17,6.15,,English,,2.02,,2.3,,,,,,,,,,,,,,,,,,,,,,,,,,,,,,,
Helena Petrovna Blavatsky,e,12.82,t,9.71,a,7.71,i,7.68,o,7.33,n,7.14,s,6.97,h,6.07,r,6.0,l,3.83,12.82,7.71,6.97,7.14,7.68,6.0,3.83,9.71,7.33,2.42,3.46,3.22,2.51,1.91,,1.63,1.45,2.43,6.07,,English,,1.64,,1.56,,,,,,,,,,,,,,,,,,,,,,,,,,,,,,,
Hendrik van Loon,e,13.55,t,9.27,a,7.96,o,7.43,n,6.88,h,6.47,i,6.41,r,6.34,s,6.03,d,4.39,13.55,7.96,6.03,6.88,6.41,6.34,3.82,9.27,7.43,2.58,4.39,2.76,2.23,1.93,,1.88,1.52,2.63,6.47,,English,,1.78,,2.12,,,,,,,,,,,,,,,,,,,,,,,,,,,,,,,
Henri Bergson,e,12.58,t,9.82,i,8.03,a,7.73,o,7.64,n,7.0,s,6.73,r,5.64,h,5.34,l,3.95,12.58,7.73,6.73,7.0,8.03,5.64,3.95,9.82,7.64,2.79,3.08,3.43,2.74,1.85,,2.04,1.43,2.49,5.34,,English,,1.74,,1.93,,,,,,,,,,,,,,,,,,,,,,,,,,,,,,,
Henrik Ibsen,e,11.28,t,9.41,o,8.55,a,8.09,n,7.04,i,6.65,s,6.4,r,5.96,h,5.61,l,4.22,11.28,8.09,6.4,7.04,6.65,5.96,4.22,9.41,8.55,3.13,3.94,2.23,3.04,1.62,,2.13,1.53,1.77,5.61,,English,,2.56,,2.11,,,,,,,,,,,,,,,,,,,,,,,,,,,,,,,
Henry (Brooks) Adams,e,12.86,t,9.36,a,7.88,o,7.55,n,7.5,i,7.11,s,6.4,r,6.34,h,5.33,d,4.02,12.86,7.88,6.4,7.5,7.11,6.34,3.84,9.36,7.55,2.6,4.02,3.22,2.31,2.04,,1.77,1.4,2.58,5.33,,English,,1.6,,2.03,,,,,,,,,,,,,,,,,,,,,,,,,,,,,,,
Henry Curties,e,13.05,t,9.07,a,7.66,o,7.46,n,6.9,i,6.69,h,6.55,r,6.35,s,6.17,d,4.25,13.05,7.66,6.17,6.9,6.69,6.35,3.74,9.07,7.46,2.62,4.25,2.8,2.36,1.95,,1.98,1.59,2.4,6.55,,English,,1.75,,2.19,,,,,,,,,,,,,,,,,,,,,,,,,,,,,,,
Henry David Thoreau,e,12.42,t,9.52,a,7.87,o,7.79,i,7.05,n,7.03,s,6.34,r,6.1,h,6.01,d,4.05,12.42,7.87,6.34,7.03,7.05,6.1,3.95,9.52,7.79,2.75,4.05,2.54,2.53,1.71,,1.89,1.53,2.35,6.01,,English,,1.92,,2.39,,,,,,,,,,,,,,,,,,,,,,,,,,,,,,,
Henry Fielding,e,12.6,t,8.81,o,7.94,a,7.69,i,6.91,n,6.84,h,6.8,s,6.32,r,6.21,d,4.09,12.6,7.69,6.32,6.84,6.91,6.21,3.68,8.81,7.94,2.83,4.09,2.54,2.7,1.78,,1.72,1.46,2.31,6.8,,English,,2.14,,2.37,,,,,,,,,,,,,,,,,,,,,,,,,,,,,,,
Henry Hartshorne,e,12.42,t,9.4,o,8.02,a,8.0,n,7.48,i,7.17,r,6.72,s,6.04,h,4.65,l,4.13,12.42,8.0,6.04,7.48,7.17,6.72,4.13,9.4,8.02,2.65,3.4,3.32,2.43,2.18,,2.17,1.67,2.55,4.65,,English,,1.84,,1.63,,,,,,,,,,,,,,,,,,,,,,,,,,,,,,,
Henry James,e,12.79,t,9.41,a,7.88,o,7.71,i,6.95,n,6.52,h,6.41,s,6.33,r,5.78,d,4.14,12.79,7.88,6.33,6.52,6.95,5.78,3.96,9.41,7.71,2.98,4.14,2.41,2.72,1.73,,1.9,1.42,2.19,6.41,,English,,2.16,,2.25,,,,,,,,,,,,,,,,,,,,,,,,,,,,,,,
Henry M. Beardsley,e,12.2,t,9.3,o,8.16,a,7.37,n,7.19,i,7.08,r,6.56,s,5.67,h,5.11,d,3.83,12.2,7.37,5.67,7.19,7.08,6.56,3.74,9.3,8.16,3.06,3.83,3.43,2.41,2.26,,2.31,1.57,2.38,5.11,,English,,1.84,,2.24,,,,,,,,,,,,,,,,,,,,,,,,,,,,,,,
Henry M. Pierce,e,12.27,t,9.98,o,8.32,i,7.36,a,7.11,n,6.83,r,6.48,s,5.89,h,5.12,d,3.66,12.27,7.11,5.89,6.83,7.36,6.48,3.58,9.98,8.32,3.24,3.66,3.29,2.27,2.16,,2.29,1.51,2.69,5.12,,English,,1.9,,1.84,,,,,,,,,,,,,,,,,,,,,,,,,,,,,,,
Henry Mayhew,e,12.69,t,9.48,a,7.76,o,7.66,h,6.82,n,6.79,s,6.47,i,6.34,r,5.95,d,4.36,12.69,7.76,6.47,6.79,6.34,5.95,3.88,9.48,7.66,2.68,4.36,2.59,2.49,1.76,,2.07,1.63,2.42,6.82,,English,,1.75,,2.25,,,,,,,,,,,,,,,,,,,,,,,,,,,,,,,
Henry Milner Rideout,e,12.44,t,8.78,a,7.73,o,7.44,n,6.71,i,6.59,h,6.34,r,6.11,s,6.1,d,4.74,12.44,7.73,6.1,6.71,6.59,6.11,4.62,8.78,7.44,2.91,4.74,2.35,2.4,1.77,,2.56,1.64,2.12,6.34,,English,,1.99,,2.31,,,,,,,,,,,,,,,,,,,,,,,,,,,,,,,
Henry R. Schoolcraft,e,12.82,t,9.6,o,7.84,a,7.55,i,7.47,n,7.04,r,6.72,s,6.03,h,5.43,d,3.94,12.82,7.55,6.03,7.04,7.47,6.72,3.62,9.6,7.84,2.63,3.94,3.12,2.17,2.04,,1.93,1.55,2.62,5.43,,English,,1.72,,1.89,,,,,,,,,,,,,,,,,,,,,,,,,,,,,,,
Henry S. Simmonds,e,12.61,t,8.93,a,7.97,o,7.66,r,6.96,n,6.95,i,6.67,s,6.66,h,5.63,d,4.08,12.61,7.97,6.66,6.95,6.67,6.96,3.84,8.93,7.66,2.44,4.08,3.16,2.44,1.99,,1.92,1.77,2.52,5.63,,English,,1.66,,1.94,,,,,,,,,,,,,,,,,,,,,,,,,,,,,,,
Henry W. Shaw,e,11.73,t,9.62,a,8.26,n,7.25,i,7.11,o,6.91,h,6.1,s,5.6,r,5.34,l,4.16,11.73,8.26,5.6,7.25,7.11,5.34,4.16,9.62,6.91,3.32,3.76,,2.5,1.65,,2.04,1.74,1.74,6.1,,English,1.7,1.92,,2.56,,,,,,,,,,,,,,,,,,,,,,,,,,,,,,,
Henry Woodd Nevinson,e,12.23,t,9.1,a,8.25,o,7.74,n,7.45,i,7.45,s,6.37,r,6.29,h,5.13,d,4.06,12.23,8.25,6.37,7.45,7.45,6.29,3.97,9.1,7.74,2.76,4.06,2.87,2.53,2.1,,1.96,1.53,2.57,5.13,,English,,1.61,,1.78,,,,,,,,,,,,,,,,,,,,,,,,,,,,,,,
Herbert Brayley Collett,e,12.12,t,9.3,a,8.35,o,7.31,n,7.28,r,6.53,i,6.49,s,5.86,h,4.99,d,4.83,12.12,8.35,5.86,7.28,6.49,6.53,4.02,9.3,7.31,2.38,4.83,3.29,2.48,2.27,,1.98,1.68,2.53,4.99,,English,,1.45,,2.2,,,,,,,,,,,,,,,,,,,,,,,,,,,,,,,
Herbert Coleridge,e,10.03,a,8.55,s,8.42,r,7.84,n,6.49,t,6.14,o,6.06,i,5.9,l,4.88,d,4.21,10.03,8.55,8.42,6.49,5.9,7.84,4.88,6.14,6.06,2.31,4.21,2.49,1.91,3.44,2.16,3.58,3.35,,3.44,,English,,1.95,,1.88,,,,,,,,,,,,,,,,,,,,,,,,,,,,,,,
Herbert George Jenkins,e,12.55,t,8.6,o,7.55,a,7.49,i,7.34,n,6.98,r,6.05,s,5.87,h,5.37,d,4.92,12.55,7.49,5.87,6.98,7.34,6.05,4.4,8.6,7.55,2.92,4.92,2.41,2.8,1.99,,2.14,1.88,1.95,5.37,,English,,2.06,,2.23,,,,,,,,,,,,,,,,,,,,,,,,,,,,,,,
Herbert George Wells,e,12.53,t,9.13,a,8.51,i,7.72,n,7.28,o,7.13,s,6.51,r,6.31,h,5.42,d,3.99,12.53,8.51,6.51,7.28,7.72,6.31,3.88,9.13,7.13,2.61,3.99,2.93,2.47,2.07,,1.9,1.46,2.47,5.42,,English,,1.64,,1.8,,,,,,,,,,,,,,,,,,,,,,,,,,,,,,,
Herbert Strang,e,12.84,t,9.1,a,7.75,o,7.58,n,6.77,i,6.6,h,6.52,s,6.02,r,5.81,d,4.71,12.84,7.75,6.02,6.77,6.6,5.81,3.99,9.1,7.58,2.81,4.71,2.49,2.48,1.63,,2.07,1.67,2.2,6.52,,English,,1.83,,2.52,,,,,,,,,,,,,,,,,,,,,,,,,,,,,,,
Herbert Thirkel White,e,12.36,t,8.67,a,8.39,o,7.31,i,7.29,n,7.21,r,6.51,s,6.44,h,4.98,d,3.98,12.36,8.39,6.44,7.21,7.29,6.51,3.79,8.67,7.31,2.7,3.98,3.07,2.9,1.94,,1.96,1.66,2.56,4.98,,English,,1.89,,2.03,,,,,,,,,,,,,,,,,,,,,,,,,,,,,,,
Herbert Winslow Collingwood,e,12.62,t,9.22,a,8.12,o,7.68,n,6.88,i,6.84,h,6.18,s,5.88,r,5.8,d,4.2,12.62,8.12,5.88,6.88,6.84,5.8,4.06,9.22,7.68,2.89,4.2,2.59,2.74,1.79,,2.0,1.45,2.5,6.18,,English,,1.97,,2.34,,,,,,,,,,,,,,,,,,,,,,,,,,,,,,,
Herman Hesse,e,12.16,t,8.78,a,8.39,o,7.48,h,7.26,i,7.11,n,6.81,s,6.36,r,5.31,d,4.8,12.16,8.39,6.36,6.81,7.11,5.31,4.0,8.78,7.48,2.54,4.8,2.01,2.64,1.44,,2.24,1.46,2.33,7.26,,English,,2.04,,2.4,,,,,,,,,,,,,,,,,,,,,,,,,,,,,,,
Herman Melville,e,12.28,t,9.25,a,8.12,o,7.3,i,6.91,n,6.88,s,6.67,h,6.5,r,5.54,l,4.44,12.28,8.12,6.67,6.88,6.91,5.54,4.44,9.25,7.3,2.81,4.0,2.42,2.45,1.85,,2.18,1.77,2.19,6.5,,English,,1.8,,2.31,,,,,,,,,,,,,,,,,,,,,,,,,,,,,,,
Herodotus,e,13.0,t,9.87,a,8.15,h,7.63,o,7.44,n,6.94,s,6.84,i,6.73,r,5.42,d,4.16,13.0,8.15,6.84,6.94,6.73,5.42,3.18,9.87,7.44,2.16,4.16,2.28,2.57,1.73,,1.94,1.53,2.41,7.63,,English,,1.9,,2.16,,,,,,,,,,,,,,,,,,,,,,,,,,,,,,,
Hilaire Belloc,e,11.51,t,9.44,o,8.23,a,7.31,i,7.3,r,7.2,n,6.87,s,5.49,h,4.54,d,4.33,11.51,7.31,5.49,6.87,7.3,7.2,4.27,9.44,8.23,3.31,4.33,3.07,2.28,2.22,,2.35,1.75,2.21,4.54,,English,,2.03,,2.08,,,,,,,,,,,,,,,,,,,,,,,,,,,,,,,
Hilary Abner Herbert,e,12.77,t,10.19,o,7.91,a,7.66,n,7.48,i,7.09,s,6.82,r,6.24,h,5.57,l,3.7,12.77,7.66,6.82,7.48,7.09,6.24,3.7,10.19,7.91,2.67,3.63,2.96,2.13,1.89,,1.75,1.5,2.39,5.57,,English,,1.55,,1.95,,,,,,,,,,,,,,,,,,,,,,,,,,,,,,,
Hilda T. Skae,e,12.41,t,8.94,a,8.25,o,7.54,i,6.9,n,6.57,h,6.08,r,5.98,s,5.93,d,4.56,12.41,8.25,5.93,6.57,6.9,5.98,4.52,8.94,7.54,2.69,4.56,2.26,2.35,1.62,,2.76,1.45,1.9,6.08,,English,,2.17,,2.59,,,,,,,,,,,,,,,,,,,,,,,,,,,,,,,
Hiram Bingham,e,12.52,t,9.32,a,8.65,o,7.74,n,6.83,i,6.83,r,6.45,s,6.2,h,5.42,l,4.11,12.52,8.65,6.2,6.83,6.83,6.45,4.11,9.32,7.74,2.92,3.81,3.13,2.19,1.88,,1.87,1.51,2.56,5.42,,English,,1.66,,1.98,,,,,,,,,,,,,,,,,,,,,,,,,,,,,,,
Homer,e,12.58,t,8.68,a,7.75,o,7.69,h,7.27,s,7.01,n,6.55,r,6.2,i,6.19,d,4.53,12.58,7.75,7.01,6.55,6.19,6.2,4.04,8.68,7.69,2.97,4.53,2.06,2.5,1.64,,2.05,1.43,2.42,7.27,,English,,1.9,,2.33,,,,,,,,,,,,,,,,,,,,,,,,,,,,,,,
Homer and Hesiod,e,12.62,t,8.43,a,7.94,o,7.8,h,6.89,s,6.85,n,6.68,i,6.24,r,6.15,d,4.56,12.62,7.94,6.85,6.68,6.24,6.15,4.35,8.43,7.8,2.82,4.56,2.27,2.4,1.71,,2.3,1.47,2.5,6.89,,English,,1.83,,2.12,,,,,,,,,,,,,,,,,,,,,,,,,,,,,,,
Honore de Balzac,e,12.89,t,8.97,o,7.87,a,7.85,i,6.88,n,6.56,s,6.46,h,6.37,r,5.77,d,4.16,12.89,7.85,6.46,6.56,6.88,5.77,3.93,8.97,7.87,3.21,4.16,2.44,2.73,1.63,,2.11,1.35,2.31,6.37,,English,,2.01,,2.19,,,,,,,,,,,,,,,,,,,,,,,,,,,,,,,
Horace,e,12.22,t,8.78,o,7.86,a,7.8,i,6.94,s,6.71,n,6.62,r,6.29,h,6.12,l,3.89,12.22,7.8,6.71,6.62,6.94,6.29,3.89,8.78,7.86,3.55,3.87,2.5,2.52,1.91,,1.86,1.56,2.45,6.12,,English,,2.19,,2.19,,,,,,,,,,,,,,,,,,,,,,,,,,,,,,,
Horace Fletcher,e,12.36,t,10.12,i,7.83,o,7.8,a,7.64,n,7.2,s,6.62,r,5.71,h,5.1,l,3.73,12.36,7.64,6.62,7.2,7.83,5.71,3.73,10.12,7.8,2.67,3.62,3.54,2.54,2.0,,1.83,1.44,2.84,5.1,,English,,1.65,,1.51,,,,,,,,,,,,,,,,,,,,,,,,,,,,,,,
Horace Walpole,e,12.41,t,9.24,o,7.81,a,7.73,i,7.11,s,6.49,n,6.42,h,6.4,r,6.39,d,4.61,12.41,7.73,6.49,6.42,7.11,6.39,3.62,9.24,7.81,2.9,4.61,2.68,2.83,1.92,,1.71,1.42,2.41,6.4,,English,,1.95,,1.94,,,,,,,,,,,,,,,,,,,,,,,,,,,,,,,
Horatio Alger,e,12.3,t,8.4,o,8.32,a,7.56,i,7.17,n,6.69,s,6.02,r,5.87,h,5.55,d,4.49,12.3,7.56,6.02,6.69,7.17,5.87,4.32,8.4,8.32,3.36,4.49,2.47,2.71,1.59,,1.99,1.51,2.09,5.55,,English,,2.68,,2.32,,,,,,,,,,,,,,,,,,,,,,,,,,,,,,,
"Horatio Alger, Jr",e,12.1,t,8.49,o,8.28,a,7.89,i,7.05,n,6.6,r,5.87,s,5.84,h,5.75,d,4.47,12.1,7.89,5.84,6.6,7.05,5.87,4.3,8.49,8.28,3.3,4.47,2.3,2.83,1.8,,1.86,1.48,1.99,5.75,,English,,2.75,,2.22,,,,,,,,,,,,,,,,,,,,,,,,,,,,,,,
Howard Pyle,e,11.61,t,9.79,o,8.22,h,7.88,a,7.81,n,6.69,i,6.28,s,5.86,r,5.74,d,4.48,11.61,7.81,5.86,6.69,6.28,5.74,4.36,9.79,8.22,2.7,4.48,1.73,2.26,1.26,,2.38,1.78,2.4,7.88,,English,,1.92,,2.63,,,,,,,,,,,,,,,,,,,,,,,,,,,,,,,
Howard R.  Garis,e,11.58,t,9.22,o,8.18,a,7.06,i,7.04,n,6.78,r,6.58,s,5.19,l,4.39,h,4.34,11.58,7.06,5.19,6.78,7.04,6.58,4.39,9.22,8.18,3.63,3.67,3.21,1.88,2.29,,3.4,1.82,2.14,4.34,,English,,2.45,,2.67,,,,,,,,,,,,,,,,,,,,,,,,,,,,,,,
Hugh Lofting,e,12.16,t,9.78,o,8.17,a,7.91,n,6.79,h,6.72,i,6.45,s,5.8,r,5.19,d,4.68,12.16,7.91,5.8,6.79,6.45,5.19,4.16,9.78,8.17,2.78,4.68,2.41,2.2,1.74,,2.53,1.66,1.85,6.72,,English,,2.13,,2.48,,,,,,,,,,,,,,,,,,,,,,,,,,,,,,,
Hugues Le Roux,e,12.74,t,9.19,a,7.8,i,7.25,o,7.23,s,6.77,n,6.67,r,6.46,h,5.88,l,4.3,12.74,7.8,6.77,6.67,7.25,6.46,4.3,9.19,7.23,2.87,3.59,2.98,2.52,2.13,,1.82,1.49,2.38,5.88,,English,,1.67,,1.84,,,,,,,,,,,,,,,,,,,,,,,,,,,,,,,
Ida B. Wells-Barnett,e,12.66,t,9.29,a,7.88,o,7.53,n,7.26,i,6.73,r,6.28,s,5.95,h,5.85,d,4.05,12.66,7.88,5.95,7.26,6.73,6.28,3.84,9.29,7.53,2.73,4.05,3.14,2.56,1.91,,1.95,1.64,2.42,5.85,,English,,1.79,,2.28,,,,,,,,,,,,,,,,,,,,,,,,,,,,,,,
Im Bang,e,12.78,t,8.97,a,8.55,o,7.69,n,7.12,h,6.72,i,6.59,s,5.82,r,5.57,d,4.76,12.78,8.55,5.82,7.12,6.59,5.57,3.62,8.97,7.69,2.67,4.76,2.33,2.57,1.55,,2.24,1.28,2.27,6.72,,English,,2.09,,2.45,,,,,,,,,,,,,,,,,,,,,,,,,,,,,,,
Immanuel Kant,e,12.55,t,10.08,i,8.55,o,8.1,n,8.0,a,6.99,s,6.71,r,5.38,h,5.11,c,3.87,12.55,6.99,6.71,8.0,8.55,5.38,3.63,10.08,8.1,2.69,2.98,3.87,2.21,2.38,,1.55,1.49,2.56,5.11,,English,,1.64,,1.55,,,,,,,,,,,,,,,,,,,,,,,,,,,,,,,
Inazo Nitob__,e,12.13,t,9.36,o,7.93,a,7.77,i,7.73,n,6.98,s,6.76,r,6.14,h,5.47,l,3.8,12.13,7.77,6.76,6.98,7.73,6.14,3.8,9.36,7.93,2.86,3.56,2.98,2.48,1.93,,1.87,1.43,2.69,5.47,,English,,1.78,,1.98,,,,,,,,,,,,,,,,,,,,,,,,,,,,,,,
Ingersoll Lockwood,e,12.6,t,9.63,o,8.21,a,7.34,n,7.14,r,6.58,i,6.49,s,6.11,h,5.29,d,4.08,12.6,7.34,6.11,7.14,6.49,6.58,3.86,9.63,8.21,3.0,4.08,2.84,2.43,2.21,,2.1,1.59,2.67,5.29,,English,,1.69,,2.03,,,,,,,,,,,,,,,,,,,,,,,,,,,,,,,
Irvin S. Cobb,e,12.15,t,9.28,a,8.11,o,7.85,n,7.08,i,7.01,s,5.98,r,5.9,h,5.45,d,4.17,12.15,8.11,5.98,7.08,7.01,5.9,3.95,9.28,7.85,3.17,4.17,2.69,2.47,1.94,,2.19,1.64,2.35,5.45,,English,,2.02,,2.34,,,,,,,,,,,,,,,,,,,,,,,,,,,,,,,
Irving E. Cox,e,12.56,t,9.48,o,7.91,a,7.14,n,6.84,i,6.78,r,6.21,s,5.7,h,5.66,d,4.36,12.56,7.14,5.7,6.84,6.78,6.21,4.14,9.48,7.91,2.98,4.36,2.95,2.32,2.01,,2.33,1.64,2.13,5.66,,English,,2.03,,2.15,,,,,,,,,,,,,,,,,,,,,,,,,,,,,,,
Isaac & sons Pitman,e,10.3,t,8.44,n,8.39,o,8.38,i,7.61,a,6.86,r,6.55,s,5.74,c,5.0,l,4.13,10.3,6.86,5.74,8.39,7.61,6.55,4.13,8.44,8.38,2.14,3.72,5.0,2.77,3.56,,2.15,2.08,1.78,3.58,,English,,2.11,,1.8,,,,,,,,,,,,,,,,,,,,,,,,,,,,,,,
Isaac Asimov,e,12.19,t,10.09,o,8.04,a,7.43,i,7.02,n,6.42,r,6.2,s,5.95,h,5.58,d,4.16,12.19,7.43,5.95,6.42,7.02,6.2,4.04,10.09,8.04,3.24,4.16,2.65,2.48,1.88,,2.13,1.42,1.93,5.58,,English,,2.37,,2.33,,,,,,,,,,,,,,,,,,,,,,,,,,,,,,,
J. D. Jones,e,12.09,t,9.29,o,8.12,a,7.37,i,6.96,s,6.75,n,6.61,r,6.38,h,5.86,l,4.12,12.09,7.37,6.75,6.61,6.96,6.38,4.12,9.29,8.12,2.76,3.92,2.52,2.3,1.97,,2.12,1.77,2.48,5.86,,English,,2.13,,2.15,,,,,,,,,,,,,,,,,,,,,,,,,,,,,,,
J. Ewing Ritchie,e,12.56,t,9.21,a,8.09,o,7.7,n,7.08,i,6.9,s,6.49,r,6.31,h,5.78,l,4.08,12.56,8.09,6.49,7.08,6.9,6.31,4.08,9.21,7.7,2.73,3.93,2.81,2.56,1.88,,1.89,1.61,2.42,5.78,,English,,1.77,,2.08,,,,,,,,,,,,,,,,,,,,,,,,,,,,,,,
J. H. Willard,e,12.77,t,9.77,o,8.32,a,7.46,r,6.64,n,6.57,i,6.5,h,5.76,s,5.59,d,4.35,12.77,7.46,5.59,6.57,6.5,6.64,3.34,9.77,8.32,2.63,4.35,2.94,2.59,2.36,,2.23,1.68,2.46,5.76,,English,,1.8,,2.08,,,,,,,,,,,,,,,,,,,,,,,,,,,,,,,
J. M. Barrie,e,12.1,t,9.32,a,8.06,o,7.61,i,6.99,h,6.73,n,6.41,s,6.24,r,5.77,d,4.35,12.1,8.06,6.24,6.41,6.99,5.77,4.06,9.32,7.61,2.86,4.35,2.34,2.6,1.56,,2.05,1.58,1.99,6.73,,English,,2.55,,2.5,,,,,,,,,,,,,,,,,,,,,,,,,,,,,,,
J. M. Synge,e,11.2,t,8.79,o,8.04,i,7.68,a,7.33,n,7.32,h,5.89,r,5.8,s,5.54,l,4.33,11.2,7.33,5.54,7.32,7.68,5.8,4.33,8.79,8.04,2.92,4.0,2.33,2.56,1.73,,3.06,1.41,2.24,5.89,,English,,2.78,,2.64,,,,,,,,,,,,,,,,,,,,,,,,,,,,,,,
J. Morris,e,12.56,t,9.75,a,8.28,o,7.85,i,7.49,n,7.16,s,6.31,r,6.01,h,5.88,d,3.7,12.56,8.28,6.31,7.16,7.49,6.01,3.14,9.75,7.85,2.73,3.7,2.82,2.51,2.03,,1.8,1.4,2.75,5.88,,English,,1.58,,1.82,,,,,,,,,,,,,,,,,,,,,,,,,,,,,,,
J. P. de Caussade,e,12.43,t,9.67,i,8.06,o,7.84,s,7.08,n,6.66,a,6.45,h,6.04,r,5.87,l,4.38,12.43,6.45,7.08,6.66,8.06,5.87,4.38,9.67,7.84,3.04,3.63,2.86,2.25,1.72,,1.85,1.29,2.77,6.04,,English,,1.84,,2.02,,,,,,,,,,,,,,,,,,,,,,,,,,,,,,,
J. P. Mahaffy,e,12.96,t,9.51,a,7.9,o,7.31,i,6.84,n,6.78,s,6.73,r,6.29,h,5.73,l,4.09,12.96,7.9,6.73,6.78,6.84,6.29,4.09,9.51,7.31,2.87,3.75,2.96,2.24,2.05,,1.91,1.42,2.4,5.73,,English,,1.66,,1.98,,,,,,,,,,,,,,,,,,,,,,,,,,,,,,,
J. Walker McSpadden,e,12.09,t,8.88,o,8.02,a,7.79,h,7.05,n,6.72,i,6.37,r,6.19,s,5.85,d,4.84,12.09,7.79,5.85,6.72,6.37,6.19,4.2,8.88,8.02,2.8,4.84,2.09,2.32,1.47,,2.25,1.74,2.38,7.05,,English,,2.13,,2.64,,,,,,,,,,,,,,,,,,,,,,,,,,,,,,,
J. Z. Holwell,e,12.78,t,10.16,o,7.69,i,7.5,a,7.26,n,7.14,r,6.46,s,5.97,h,5.03,d,3.63,12.78,7.26,5.97,7.14,7.5,6.46,3.49,10.16,7.69,3.04,3.63,3.29,2.38,2.37,,1.96,1.57,2.65,5.03,,English,,1.88,,1.52,,,,,,,,,,,,,,,,,,,,,,,,,,,,,,,
J.B. Elwell,e,11.39,t,9.39,a,8.58,o,7.15,n,6.65,i,6.58,r,6.53,s,6.09,h,5.47,d,4.59,11.39,8.58,6.09,6.65,6.58,6.53,3.99,9.39,7.15,3.65,4.59,2.91,2.13,1.94,,1.88,1.63,2.1,5.47,,English,,2.26,,1.52,,,,,,,,,,,,,,,,,,,,,,,,,,,,,,,
J.M. Barrie,e,12.0,t,9.9,o,8.66,r,7.78,i,7.15,a,6.65,n,6.6,s,5.18,c,4.11,h,3.51,12.0,6.65,5.18,6.6,7.15,7.78,3.18,9.9,8.66,3.24,3.47,4.11,2.51,2.75,,2.6,1.81,2.35,3.51,,English,,2.11,,1.9,,,,,,,,,,,,,,,,,,,,,,,,,,,,,,,
J.W. von Goethe,e,13.17,t,8.96,o,7.61,a,7.42,i,6.95,n,6.8,h,6.37,s,6.3,r,6.15,d,4.27,13.17,7.42,6.3,6.8,6.95,6.15,3.94,8.96,7.61,2.84,4.27,2.55,2.89,1.7,,1.67,1.41,2.3,6.37,,English,,2.09,,2.42,,,,,,,,,,,,,,,,,,,,,,,,,,,,,,,
Jack G. Huekels,e,12.35,t,9.62,o,8.22,a,7.19,i,7.08,r,7.02,n,6.62,s,5.59,h,4.68,d,4.02,12.35,7.19,5.59,6.62,7.08,7.02,3.41,9.62,8.22,2.94,4.02,3.54,2.45,2.57,,2.37,1.74,2.42,4.68,,English,,1.97,,1.83,,,,,,,,,,,,,,,,,,,,,,,,,,,,,,,
Jack London,e,12.39,t,9.14,a,8.15,o,7.32,n,7.12,i,6.76,h,6.67,s,6.09,r,5.56,d,4.77,12.39,8.15,6.09,7.12,6.76,5.56,3.95,9.14,7.32,2.8,4.77,2.31,2.5,1.61,,2.29,1.52,2.27,6.67,,English,,1.83,,2.6,,,,,,,,,,,,,,,,,,,,,,,,,,,,,,,
Jack McKenty,e,12.06,t,9.99,o,8.76,r,7.12,a,6.93,i,6.89,n,6.51,s,5.58,h,4.34,d,3.62,12.06,6.93,5.58,6.51,6.89,7.12,3.31,9.99,8.76,3.1,3.62,3.48,2.43,2.55,,2.41,1.65,2.37,4.34,,English,,2.21,,2.0,,,,,,,,,,,,,,,,,,,,,,,,,,,,,,,
Jack Williamson,e,12.59,t,9.04,a,8.21,o,7.21,n,6.63,r,6.61,i,6.56,s,5.95,h,5.81,d,4.61,12.59,8.21,5.95,6.63,6.56,6.61,4.51,9.04,7.21,2.72,4.61,2.51,2.49,1.73,,2.43,1.74,2.29,5.81,,English,,1.77,,2.15,,,,,,,,,,,,,,,,,,,,,,,,,,,,,,,
Jacob A. Riis,e,13.04,t,10.18,o,7.75,a,7.43,n,7.09,i,6.68,s,6.55,h,6.28,r,6.24,l,3.84,13.04,7.43,6.55,7.09,6.68,6.24,3.84,10.18,7.75,2.55,3.57,2.64,2.25,1.88,,1.89,1.53,2.54,6.28,,English,,1.81,,2.09,,,,,,,,,,,,,,,,,,,,,,,,,,,,,,,
Jacob Abbott,e,13.01,t,9.49,a,8.02,o,7.38,n,7.2,i,6.6,h,6.55,s,6.3,r,6.14,d,4.28,13.01,8.02,6.3,7.2,6.6,6.14,3.24,9.49,7.38,2.59,4.28,2.66,2.76,1.78,,2.1,1.3,2.42,6.55,,English,,1.61,,2.17,,,,,,,,,,,,,,,,,,,,,,,,,,,,,,,
Jacob Grimm and Wilhelm Grimm,e,12.86,t,9.61,a,8.32,h,7.92,o,7.55,n,6.78,i,6.02,s,5.58,d,5.25,r,5.23,12.86,8.32,5.58,6.78,6.02,5.23,4.19,9.61,7.55,2.66,5.25,1.89,2.14,1.3,,2.2,1.45,1.99,7.92,,English,,1.88,,2.98,,,,,,,,,,,,,,,,,,,,,,,,,,,,,,,
Jacques Casanova de Seingalt,e,12.73,t,9.01,a,8.17,o,7.75,i,7.05,n,6.72,h,6.23,s,5.88,r,5.48,d,4.51,12.73,8.17,5.88,6.72,7.05,5.48,3.84,9.01,7.75,3.01,4.51,2.38,3.0,1.62,,1.94,1.42,2.26,6.23,,English,,2.18,,2.44,,,,,,,,,,,,,,,,,,,,,,,,,,,,,,,
James Adair,e,13.07,t,9.39,a,7.73,o,7.57,i,7.19,n,6.9,r,6.36,h,6.32,s,6.26,d,3.93,13.07,7.73,6.26,6.9,7.19,6.36,3.53,9.39,7.57,2.55,3.93,2.81,2.39,1.84,,1.85,1.45,2.58,6.32,,English,,1.84,,1.99,,,,,,,,,,,,,,,,,,,,,,,,,,,,,,,
James Allen,e,11.65,t,9.29,o,7.81,i,7.4,a,7.33,n,7.2,s,6.7,r,6.02,h,5.59,l,3.94,11.65,7.33,6.7,7.2,7.4,6.02,3.94,9.29,7.81,3.35,3.72,3.39,2.34,2.06,,2.22,1.48,2.58,5.59,,English,,1.92,,1.77,,,,,,,,,,,,,,,,,,,,,,,,,,,,,,,
James Baldwin,e,12.5,t,9.21,a,8.54,o,7.74,h,7.3,n,6.67,i,6.13,s,5.72,r,5.57,d,4.89,12.5,8.54,5.72,6.67,6.13,5.57,4.08,9.21,7.74,2.55,4.89,2.13,2.43,1.52,,2.16,1.6,1.98,7.3,,English,,2.09,,2.87,,,,,,,,,,,,,,,,,,,,,,,,,,,,,,,
James Beaven,e,11.02,t,8.65,i,7.85,a,6.39,o,6.32,s,6.15,n,6.11,r,5.51,h,4.6,u,3.54,11.02,6.39,6.15,6.11,7.85,5.51,2.67,8.65,6.32,3.54,3.2,2.92,2.82,2.08,1.09,1.37,1.4,1.94,4.6,,English,,,,1.26,,,,,,,,,,,,,,,,,,,,,,,,,,,,,,,
James Boswell,e,11.8,t,8.64,o,8.08,a,7.85,i,7.52,n,7.32,s,6.4,h,6.31,r,5.78,d,4.21,11.8,7.85,6.4,7.32,7.52,5.78,3.81,8.64,8.08,2.75,4.21,2.55,2.87,1.7,,1.81,1.52,2.18,6.31,,English,,1.98,,2.33,,,,,,,,,,,,,,,,,,,,,,,,,,,,,,,
James C. Beeks,e,12.75,t,9.77,o,8.09,a,7.63,n,7.26,i,6.84,r,6.41,s,6.11,h,4.89,d,4.08,12.75,7.63,6.11,7.26,6.84,6.41,3.58,9.77,8.09,2.81,4.08,3.25,2.66,2.05,,1.74,1.77,2.26,4.89,,English,,1.85,,1.93,,,,,,,,,,,,,,,,,,,,,,,,,,,,,,,
James Chalmers,e,13.23,t,9.18,a,8.55,o,7.65,n,7.26,i,6.39,r,5.95,s,5.73,h,5.71,d,4.31,13.23,8.55,5.73,7.26,6.39,5.95,3.85,9.18,7.65,2.81,4.31,2.31,2.43,1.7,,2.36,1.54,2.21,5.71,,English,,1.73,,2.62,,,,,,,,,,,,,,,,,,,,,,,,,,,,,,,
James Daley McDonald,e,12.39,t,9.54,o,8.4,i,7.69,a,7.15,n,6.57,r,6.49,s,6.06,h,4.37,l,4.1,12.39,7.15,6.06,6.57,7.69,6.49,4.1,9.54,8.4,3.13,3.27,4.02,2.27,2.51,,2.09,1.85,2.56,4.37,,English,,1.87,,1.32,,,,,,,,,,,,,,,,,,,,,,,,,,,,,,,
James F. Rusling,e,12.65,t,8.79,a,8.63,o,7.51,n,7.11,r,6.53,s,6.33,i,6.23,h,5.26,d,4.45,12.65,8.63,6.33,7.11,6.23,6.53,4.27,8.79,7.51,2.98,4.45,2.7,2.35,1.73,,2.11,1.6,2.3,5.26,,English,,1.81,,2.31,,,,,,,,,,,,,,,,,,,,,,,,,,,,,,,
James Fenimore Cooper,e,13.2,t,9.3,a,7.8,o,7.27,n,7.1,i,6.81,h,6.77,s,6.22,r,5.87,d,4.46,13.2,7.8,6.22,7.1,6.81,5.87,3.61,9.3,7.27,2.86,4.46,2.69,2.36,1.66,,2.01,1.33,2.53,6.77,,English,,1.69,,2.31,,,,,,,,,,,,,,,,,,,,,,,,,,,,,,,
James Grant,e,12.44,t,8.4,a,8.37,o,7.53,n,6.83,i,6.78,r,6.45,s,6.16,h,5.9,d,4.57,12.44,8.37,6.16,6.83,6.78,6.45,4.21,8.4,7.53,2.79,4.57,2.8,2.47,1.8,,2.14,1.66,2.49,5.9,,English,,1.79,,2.19,,,,,,,,,,,,,,,,,,,,,,,,,,,,,,,
James Hamilton,e,12.74,t,9.34,a,7.94,o,7.42,i,7.14,n,6.87,s,6.39,r,6.31,h,6.16,d,3.8,12.74,7.94,6.39,6.87,7.14,6.31,3.73,9.34,7.42,2.75,3.8,2.84,2.45,1.74,,1.92,1.61,2.63,6.16,,English,,1.78,,2.1,,,,,,,,,,,,,,,,,,,,,,,,,,,,,,,
James J. Ellis,e,12.54,t,9.66,o,7.67,a,7.66,n,7.0,i,6.85,h,6.38,r,6.13,s,6.09,d,4.24,12.54,7.66,6.09,7.0,6.85,6.13,3.91,9.66,7.67,2.66,4.24,2.63,2.47,1.96,,1.89,1.67,2.44,6.38,,English,,1.95,,2.12,,,,,,,,,,,,,,,,,,,,,,,,,,,,,,,
James Joyce,e,12.14,t,8.59,a,7.94,o,7.63,i,6.82,n,6.81,s,6.45,h,6.36,r,5.85,l,4.52,12.14,7.94,6.45,6.81,6.82,5.85,4.52,8.59,7.63,2.76,4.37,2.47,2.59,1.81,,2.29,1.67,2.3,6.36,,English,,2.02,,2.27,,,,,,,,,,,,,,,,,,,,,,,,,,,,,,,
James Knowles,e,12.04,t,9.21,a,8.51,h,7.74,o,6.85,n,6.81,i,6.67,r,6.42,s,6.16,d,5.13,12.04,8.51,6.16,6.81,6.67,6.42,4.27,9.21,6.85,2.44,5.13,1.69,2.58,,,2.27,1.46,2.04,7.74,,English,1.15,1.82,,2.48,,,,,,,,,,,,,,,,,,,,,,,,,,,,,,,
James M. Barrie,e,12.82,t,9.48,a,7.64,o,7.36,h,7.11,n,6.64,i,6.64,s,6.07,r,5.61,d,4.59,12.82,7.64,6.07,6.64,6.64,5.61,4.03,9.48,7.36,2.8,4.59,2.21,2.23,1.66,,2.13,1.58,1.9,7.11,,English,,2.36,,2.8,,,,,,,,,,,,,,,,,,,,,,,,,,,,,,,
James Matthew Barrie,e,12.79,t,9.47,a,7.65,o,7.35,h,7.09,i,6.65,n,6.64,s,6.09,r,5.61,d,4.6,12.79,7.65,6.09,6.64,6.65,5.61,4.05,9.47,7.35,2.8,4.6,2.2,2.23,1.67,,2.12,1.58,1.9,7.09,,English,,2.35,,2.8,,,,,,,,,,,,,,,,,,,,,,,,,,,,,,,
James Mooney,e,13.25,t,9.57,a,8.24,o,7.45,n,7.35,i,6.82,r,6.25,h,6.21,s,5.91,d,3.89,13.25,8.24,5.91,7.35,6.82,6.25,3.62,9.57,7.45,2.49,3.89,2.81,2.29,1.66,,1.94,1.53,2.23,6.21,,English,,1.65,,2.23,,,,,,,,,,,,,,,,,,,,,,,,,,,,,,,
James Otis,e,12.59,t,9.73,a,7.95,o,7.9,n,6.88,i,6.48,h,6.27,s,5.72,r,5.46,d,4.46,12.59,7.95,5.72,6.88,6.48,5.46,3.85,9.73,7.9,2.98,4.46,2.34,2.42,1.65,,2.0,1.73,2.3,6.27,,English,,2.35,,2.49,,,,,,,,,,,,,,,,,,,,,,,,,,,,,,,
James Parkerson,e,12.29,t,9.33,o,8.07,a,7.28,r,7.08,i,7.0,n,6.63,s,5.95,h,4.63,l,4.0,12.29,7.28,5.95,6.63,7.0,7.08,4.0,9.33,8.07,3.02,3.88,3.08,2.5,2.31,,2.21,1.63,2.45,4.63,,English,,2.15,,2.05,,,,,,,,,,,,,,,,,,,,,,,,,,,,,,,
James Tod,e,12.04,t,9.31,a,8.94,i,7.3,o,7.28,n,6.88,r,6.53,h,6.37,s,6.35,d,4.11,12.04,8.94,6.35,6.88,7.3,6.53,3.33,9.31,7.28,2.68,4.11,2.81,2.39,1.87,,1.65,1.52,2.85,6.37,,English,,1.41,,1.77,,,,,,,,,,,,,,,,,,,,,,,,,,,,,,,
James Wood,e,12.65,t,8.83,o,7.76,i,7.32,a,7.29,n,7.18,s,6.92,r,6.33,h,5.22,l,4.28,12.65,7.29,6.92,7.18,7.32,6.33,4.28,8.83,7.76,3.26,3.42,2.58,2.65,1.89,,2.06,1.56,2.45,5.22,,English,,1.59,,1.97,,,,,,,,,,,,,,,,,,,,,,,,,,,,,,,
Jane Austen,e,12.64,t,8.75,a,7.86,o,7.76,n,7.1,i,6.85,r,6.19,s,6.17,h,6.08,d,4.14,12.64,7.86,6.17,7.1,6.85,6.19,3.94,8.75,7.76,2.9,4.14,2.44,2.78,1.6,,1.95,1.59,2.3,6.08,,English,,2.29,,2.33,,,,,,,,,,,,,,,,,,,,,,,,,,,,,,,
Jane Margaret Strickland,e,13.16,t,8.95,a,7.42,o,7.36,i,7.1,h,6.71,n,6.53,s,6.31,r,6.3,d,4.58,13.16,7.42,6.31,6.53,7.1,6.3,3.8,8.95,7.36,3.09,4.58,2.77,2.41,1.97,,1.79,1.42,2.56,6.71,,English,,1.52,,1.92,,,,,,,,,,,,,,,,,,,,,,,,,,,,,,,
Jarvis Hall,e,11.98,t,9.33,o,8.21,a,7.93,n,6.67,i,6.58,h,6.45,s,5.84,r,5.43,d,4.67,11.98,7.93,5.84,6.67,6.58,5.43,4.26,9.33,8.21,2.94,4.67,2.54,2.45,1.7,,2.31,1.45,1.95,6.45,,English,,2.34,,2.48,,,,,,,,,,,,,,,,,,,,,,,,,,,,,,,
Jean Baptiste Fr__d__ric Ortoli,e,13.01,t,8.96,a,7.88,o,7.48,i,6.66,n,6.55,h,6.53,r,6.07,s,5.78,d,4.66,13.01,7.88,5.78,6.55,6.66,6.07,3.99,8.96,7.48,2.97,4.66,2.51,2.45,1.69,,2.05,1.51,2.17,6.53,,English,,2.27,,2.31,,,,,,,,,,,,,,,,,,,,,,,,,,,,,,,
Jean de la Fontaine,e,12.45,t,9.02,a,7.89,o,7.66,s,6.86,i,6.74,h,6.44,n,6.17,r,6.13,d,4.25,12.45,7.89,6.86,6.17,6.74,6.13,4.24,9.02,7.66,2.94,4.25,2.46,2.37,1.82,,1.95,1.64,2.49,6.44,,English,,1.77,,2.28,,,,,,,,,,,,,,,,,,,,,,,,,,,,,,,
Jean Jacques Rousseau,e,13.04,t,9.32,a,7.67,i,7.51,o,7.39,n,6.93,s,5.99,h,5.89,r,5.77,d,4.34,13.04,7.67,5.99,6.93,7.51,5.77,3.4,9.32,7.39,2.72,4.34,2.78,3.37,1.84,,1.76,1.41,2.49,5.89,,English,,1.97,,2.19,,,,,,,,,,,,,,,,,,,,,,,,,,,,,,,
Jean Le Rond d' Alembert,e,13.07,t,10.59,o,7.64,i,7.43,a,6.91,s,6.6,h,6.43,n,6.36,r,6.07,d,3.61,13.07,6.91,6.6,6.36,7.43,6.07,3.24,10.59,7.64,2.89,3.61,3.03,2.34,2.03,,1.74,1.47,2.39,6.43,,English,,1.74,,1.94,,,,,,,,,,,,,,,,,,,,,,,,,,,,,,,
Jean Webster,e,11.93,t,9.24,a,7.91,o,7.62,i,7.2,n,6.81,s,5.99,r,5.87,h,5.13,l,4.31,11.93,7.91,5.99,6.81,7.2,5.87,4.31,9.24,7.62,3.34,4.27,2.4,2.64,1.8,,2.23,1.67,2.0,5.13,,English,,2.62,,2.19,,,,,,,,,,,,,,,,,,,,,,,,,,,,,,,
Jean-Henri Fabre,e,13.04,t,10.12,o,7.51,a,7.36,s,6.93,i,6.93,n,6.4,h,6.04,r,6.02,l,4.5,13.04,7.36,6.93,6.4,6.93,6.02,4.5,10.12,7.51,3.05,3.54,2.61,2.33,1.87,,1.86,1.45,2.31,6.04,,English,,1.69,,2.01,,,,,,,,,,,,,,,,,,,,,,,,,,,,,,,
Jean-Jacques Rousseau,e,12.87,t,9.64,o,7.87,i,7.44,a,7.25,s,6.89,n,6.77,h,6.28,r,5.78,l,3.97,12.87,7.25,6.89,6.77,7.44,5.78,3.97,9.64,7.87,2.94,3.46,2.72,2.53,1.72,,1.72,1.43,2.43,6.28,,English,,1.94,,2.14,,,,,,,,,,,,,,,,,,,,,,,,,,,,,,,
Jean-Pierre Claris de Florian,e,12.55,t,9.0,o,8.05,a,7.71,n,6.99,i,6.94,r,6.88,s,5.79,h,5.54,d,4.26,12.55,7.71,5.79,6.99,6.94,6.88,3.55,9.0,8.05,2.74,4.26,3.0,2.49,2.27,,2.15,1.5,2.41,5.54,,English,,1.84,,1.87,,,,,,,,,,,,,,,,,,,,,,,,,,,,,,,
Jeffries Wyman,e,13.13,t,9.13,o,8.03,a,7.59,n,6.94,i,6.69,s,6.41,r,6.28,h,5.11,d,3.75,13.13,7.59,6.41,6.94,6.69,6.28,3.64,9.13,8.03,2.75,3.75,3.24,2.43,2.15,,1.98,1.8,2.92,5.11,,English,,1.59,,1.95,,,,,,,,,,,,,,,,,,,,,,,,,,,,,,,
Jens Jakob Asmussen Worsaae,e,12.14,t,9.09,n,8.37,a,8.23,o,7.3,i,7.01,s,6.68,r,6.44,h,5.78,d,4.29,12.14,8.23,6.68,8.37,7.01,6.44,4.12,9.09,7.3,2.27,4.29,2.97,2.23,1.52,,1.94,1.47,2.37,5.78,,English,,1.52,,1.8,,,,,,,,,,,,,,,,,,,,,,,,,,,,,,,
Jerome K. Jerome,e,12.16,t,9.68,a,8.2,o,7.85,n,7.01,i,6.61,h,6.15,s,5.73,r,5.61,d,4.79,12.16,8.2,5.73,7.01,6.61,5.61,3.81,9.68,7.85,3.13,4.79,2.13,2.26,1.75,,2.54,1.55,2.05,6.15,,English,,1.92,,2.71,,,,,,,,,,,,,,,,,,,,,,,,,,,,,,,
Jesse Lynch Williams,e,12.07,t,9.17,o,8.4,a,7.75,n,7.11,h,6.56,i,6.19,s,5.78,r,5.29,d,4.42,12.07,7.75,5.78,7.11,6.19,5.29,4.32,9.17,8.4,3.06,4.42,2.35,2.55,1.63,,2.54,1.51,2.1,6.56,,English,,2.31,,2.6,,,,,,,,,,,,,,,,,,,,,,,,,,,,,,,
Joel Chandler Harris,e,12.31,t,9.6,a,8.16,o,7.74,n,6.95,h,6.73,i,6.23,s,5.99,r,5.77,d,4.69,12.31,8.16,5.99,6.95,6.23,5.77,3.98,9.6,7.74,2.86,4.69,2.23,2.7,1.48,,2.49,1.6,1.96,6.73,,English,,1.97,,2.58,,,,,,,,,,,,,,,,,,,,,,,,,,,,,,,
Johann Wolfgang Goethe,e,12.66,t,8.65,o,8.32,i,6.93,a,6.87,r,6.74,n,6.59,s,6.33,h,4.89,l,4.14,12.66,6.87,6.33,6.59,6.93,6.74,4.14,8.65,8.32,3.21,3.72,2.87,2.69,2.15,,2.42,1.57,2.35,4.89,,English,,2.26,,2.12,,,,,,,,,,,,,,,,,,,,,,,,,,,,,,,
Johann Wolfgang Von Goethe,e,12.93,t,9.35,a,7.41,o,7.23,s,6.93,i,6.73,n,6.59,h,6.41,r,6.22,l,4.5,12.93,7.41,6.93,6.59,6.73,6.22,4.5,9.35,7.23,2.94,3.66,2.29,2.66,1.94,,2.21,1.37,2.17,6.41,,English,,2.01,,2.26,,,,,,,,,,,,,,,,,,,,,,,,,,,,,,,
"Johann, Wolfgang von Goethe",e,13.36,t,9.25,a,7.65,i,7.53,o,7.42,n,6.58,s,6.52,r,6.35,h,5.25,l,4.19,13.36,7.65,6.52,6.58,7.53,6.35,4.19,9.25,7.42,2.73,3.5,3.7,2.3,2.35,,1.75,1.66,2.26,5.25,,English,,1.59,,1.72,,,,,,,,,,,,,,,,,,,,,,,,,,,,,,,
Johanna Spyri,e,12.74,t,9.05,a,7.91,o,7.53,h,7.34,i,6.68,n,6.47,r,5.92,s,5.63,d,5.13,12.74,7.91,5.63,6.47,6.68,5.92,4.34,9.05,7.53,2.7,5.13,2.09,2.4,1.61,,2.42,1.38,1.83,7.34,,English,,2.11,,2.59,,,,,,,,,,,,,,,,,,,,,,,,,,,,,,,
John A Martin,e,12.48,t,9.38,a,8.31,o,7.59,n,7.47,i,6.9,s,6.6,r,6.44,h,5.31,d,4.18,12.48,8.31,6.6,7.47,6.9,6.44,3.96,9.38,7.59,2.73,4.18,2.73,2.27,1.94,,1.86,1.34,2.59,5.31,,English,,1.86,,1.74,,,,,,,,,,,,,,,,,,,,,,,,,,,,,,,
John Alan Lyde Caunter,e,12.36,t,9.48,a,8.08,o,7.91,n,6.67,i,6.35,r,6.34,s,5.86,h,5.56,d,4.42,12.36,8.08,5.86,6.67,6.35,6.34,3.73,9.48,7.91,2.89,4.42,2.84,2.41,1.8,,2.34,1.53,2.63,5.56,,English,,1.87,,2.72,,,,,,,,,,,,,,,,,,,,,,,,,,,,,,,
John Aldini,e,13.22,t,9.97,a,7.67,i,7.66,o,7.41,n,6.83,r,5.98,s,5.8,h,5.33,c,3.81,13.22,7.67,5.8,6.83,7.66,5.98,3.65,9.97,7.41,2.43,3.63,3.81,2.95,2.35,,1.57,1.65,2.56,5.33,,English,,1.51,,1.6,,,,,,,,,,,,,,,,,,,,,,,,,,,,,,,
John Alexander Martin,e,12.14,t,9.49,a,8.2,o,7.88,n,7.43,r,6.83,i,6.82,s,6.28,h,4.77,d,3.89,12.14,8.2,6.28,7.43,6.82,6.83,3.68,9.49,7.88,2.95,3.89,3.07,1.99,2.37,,2.16,1.29,2.55,4.77,,English,,1.78,,1.82,,,,,,,,,,,,,,,,,,,,,,,,,,,,,,,
John Ashton,e,12.78,t,9.33,a,7.89,o,7.65,n,6.99,i,6.68,r,6.48,s,6.47,h,5.59,d,3.93,12.78,7.89,6.47,6.99,6.68,6.48,3.76,9.33,7.65,2.71,3.93,2.96,2.56,2.08,,1.92,1.68,2.55,5.59,,English,,1.76,,1.97,,,,,,,,,,,,,,,,,,,,,,,,,,,,,,,
John B. Remsburg,e,12.0,t,9.14,i,8.2,n,7.74,a,7.61,o,7.48,s,6.47,r,5.95,h,5.8,l,4.41,12.0,7.61,6.47,7.74,8.2,5.95,4.41,9.14,7.48,2.26,4.14,3.12,2.53,1.74,,1.67,1.44,2.47,5.8,,English,,1.65,,1.99,,,,,,,,,,,,,,,,,,,,,,,,,,,,,,,
John Bloundelle-Burton,e,12.56,t,8.87,a,8.25,o,8.07,n,6.81,h,6.8,i,6.38,s,6.26,r,5.71,d,4.48,12.56,8.25,6.26,6.81,6.38,5.71,3.77,8.87,8.07,2.82,4.48,2.19,2.69,1.54,,2.19,1.5,2.21,6.8,,English,,1.94,,2.78,,,,,,,,,,,,,,,,,,,,,,,,,,,,,,,
John Buchan,e,12.07,t,9.28,a,8.33,o,7.82,n,6.86,i,6.85,h,5.92,s,5.52,r,5.47,d,4.86,12.07,8.33,5.52,6.86,6.85,5.47,4.01,9.28,7.82,2.82,4.86,2.5,2.75,1.74,,2.21,1.7,2.31,5.92,,English,,2.09,,2.51,,,,,,,,,,,,,,,,,,,,,,,,,,,,,,,
John Bunyan,e,12.28,t,10.23,a,7.97,h,7.95,o,7.71,i,6.77,n,6.3,s,5.98,r,5.36,d,4.25,12.28,7.97,5.98,6.3,6.77,5.36,3.74,10.23,7.71,2.65,4.25,2.07,2.71,1.39,,2.02,1.56,2.24,7.95,,English,,2.23,,2.66,,,,,,,,,,,,,,,,,,,,,,,,,,,,,,,
John Camden Hotten,e,11.66,a,8.38,o,8.3,t,8.28,n,7.15,s,6.79,i,6.77,r,6.64,h,4.75,l,4.21,11.66,8.38,6.79,7.15,6.77,6.64,4.21,8.28,8.3,2.69,3.59,3.19,2.55,2.32,,2.38,1.77,2.36,4.75,,English,,1.84,,1.77,,,,,,,,,,,,,,,,,,,,,,,,,,,,,,,
John Cleland,e,12.41,t,9.37,o,7.75,a,7.37,i,7.2,n,7.05,s,6.45,h,6.17,r,5.72,d,4.24,12.41,7.37,6.45,7.05,7.2,5.72,3.65,9.37,7.75,2.83,4.24,2.62,2.9,1.9,,2.07,1.35,2.64,6.17,,English,,1.97,,2.27,,,,,,,,,,,,,,,,,,,,,,,,,,,,,,,
John Codman,e,12.59,t,9.31,o,8.1,r,7.3,i,7.08,n,6.81,a,6.78,s,5.83,h,4.89,d,4.09,12.59,6.78,5.83,6.81,7.08,7.3,3.52,9.31,8.1,3.09,4.09,3.33,2.31,2.28,,2.19,1.63,2.8,4.89,,English,,1.95,,1.86,,,,,,,,,,,,,,,,,,,,,,,,,,,,,,,
John Collins,e,12.91,t,8.71,o,7.99,a,7.38,n,7.1,r,6.93,i,6.49,s,6.07,h,5.05,d,4.47,12.91,7.38,6.07,7.1,6.49,6.93,4.11,8.71,7.99,2.8,4.47,2.79,2.26,2.06,,2.43,1.58,2.32,5.05,,English,,1.82,,2.45,,,,,,,,,,,,,,,,,,,,,,,,,,,,,,,
John Dean Paul,e,11.57,t,9.88,o,8.71,r,7.55,i,7.36,n,6.75,a,6.69,s,5.09,c,3.77,h,3.57,11.57,6.69,5.09,6.75,7.36,7.55,3.5,9.88,8.71,3.41,3.39,3.77,2.28,2.83,,2.65,1.8,2.52,3.57,,English,,2.08,,1.91,,,,,,,,,,,,,,,,,,,,,,,,,,,,,,,
John Dewey,e,12.26,t,9.97,i,8.73,n,7.8,o,7.69,a,7.51,s,6.7,r,5.46,h,4.73,c,3.94,12.26,7.51,6.7,7.8,8.73,5.46,3.67,9.97,7.69,2.85,3.47,3.94,2.3,2.13,,1.84,1.25,2.56,4.73,,English,,1.52,,1.42,,,,,,,,,,,,,,,,,,,,,,,,,,,,,,,
John Drinkwater,e,11.43,t,9.01,o,8.35,n,7.68,a,7.41,i,7.41,s,6.59,r,5.84,h,5.03,l,4.59,11.43,7.41,6.59,7.68,7.41,5.84,4.59,9.01,8.35,3.1,3.44,2.91,2.91,1.7,,2.24,1.58,1.9,5.03,,English,,2.32,,2.23,,,,,,,,,,,,,,,,,,,,,,,,,,,,,,,
John Evelyn,e,12.01,t,9.33,a,8.01,o,7.47,n,7.07,i,7.06,s,6.68,r,6.43,h,4.96,l,4.43,12.01,8.01,6.68,7.07,7.06,6.43,4.43,9.33,7.47,3.17,4.03,3.09,2.46,2.25,,1.97,1.68,2.27,4.96,,English,,1.57,,1.66,,,,,,,,,,,,,,,,,,,,,,,,,,,,,,,
John F. Hume,e,12.57,t,9.6,a,8.07,o,7.76,n,7.23,i,7.22,s,6.3,r,6.03,h,5.59,l,4.04,12.57,8.07,6.3,7.23,7.22,6.03,4.04,9.6,7.76,2.5,3.95,2.9,2.42,2.01,,1.79,1.56,2.27,5.59,,English,,1.77,,2.18,,,,,,,,,,,,,,,,,,,,,,,,,,,,,,,
John Filson,e,12.63,t,9.49,o,7.85,n,7.33,a,7.14,i,7.06,r,6.65,s,5.51,h,4.75,d,4.4,12.63,7.14,5.51,7.33,7.06,6.65,3.29,9.49,7.85,3.17,4.4,3.01,2.63,2.08,,2.05,1.55,2.77,4.75,,English,,2.11,,2.12,,,,,,,,,,,,,,,,,,,,,,,,,,,,,,,
John Fothergill,e,12.63,t,9.78,a,7.73,i,7.54,o,7.5,s,7.1,n,6.57,r,6.19,h,4.97,d,3.65,12.63,7.73,7.1,6.57,7.54,6.19,3.21,9.78,7.5,3.15,3.65,3.44,2.76,2.4,,1.87,1.52,2.57,4.97,,English,,1.57,,1.5,,,,,,,,,,,,,,,,,,,,,,,,,,,,,,,
John Foxe,e,13.01,t,9.35,o,7.57,a,7.54,i,6.96,n,6.93,h,6.48,r,6.4,s,6.28,d,4.49,13.01,7.54,6.28,6.93,6.96,6.4,3.29,9.35,7.57,2.68,4.49,2.86,2.54,2.02,,1.8,1.53,2.53,6.48,,English,,1.65,,2.05,,,,,,,,,,,,,,,,,,,,,,,,,,,,,,,
"John French, Viscount of Ypres",e,12.54,t,9.43,a,7.82,o,7.34,n,7.31,i,6.96,r,6.88,s,6.07,h,5.43,d,4.08,12.54,7.82,6.07,7.31,6.96,6.88,3.71,9.43,7.34,2.46,4.08,3.16,2.55,1.83,,2.03,1.65,2.8,5.43,,English,,1.76,,1.72,,,,,,,,,,,,,,,,,,,,,,,,,,,,,,,
John G. Nicolay and John Hay,e,12.61,t,9.46,a,7.84,o,7.79,n,7.43,i,7.3,s,6.39,r,6.2,h,5.53,d,4.01,12.61,7.84,6.39,7.43,7.3,6.2,3.95,9.46,7.79,2.54,4.01,2.99,2.37,1.92,,1.8,1.4,2.59,5.53,,English,,1.7,,2.0,,,,,,,,,,,,,,,,,,,,,,,,,,,,,,,
John Galsworthy,e,12.42,t,9.0,o,7.97,a,7.71,n,6.88,h,6.82,i,6.76,s,6.46,r,5.55,d,4.41,12.42,7.71,6.46,6.88,6.76,5.55,4.06,9.0,7.97,2.88,4.41,2.32,2.41,1.56,,2.17,1.4,2.31,6.82,,English,,2.04,,2.44,,,,,,,,,,,,,,,,,,,,,,,,,,,,,,,
John Gay,e,11.73,t,8.82,o,7.98,a,7.98,i,6.9,n,6.2,r,6.17,s,6.04,h,5.73,l,4.3,11.73,7.98,6.04,6.2,6.9,6.17,4.3,8.82,7.98,3.47,3.4,2.9,3.13,2.05,,1.9,1.54,2.28,5.73,,English,,2.64,,2.22,,,,,,,,,,,,,,,,,,,,,,,,,,,,,,,
John George Nicolay and John Hay,e,12.54,t,9.98,o,8.03,n,7.65,a,7.64,i,7.41,s,6.42,r,6.09,h,5.03,d,3.98,12.54,7.64,6.42,7.65,7.41,6.09,3.85,9.98,8.03,2.69,3.98,3.31,2.27,2.13,,1.69,1.42,2.44,5.03,,English,,1.63,,1.63,,,,,,,,,,,,,,,,,,,,,,,,,,,,,,,
John Henry Parker,e,12.66,t,9.48,a,7.82,o,7.41,r,6.93,i,6.83,n,6.75,s,6.25,h,5.77,l,4.54,12.66,7.82,6.25,6.75,6.83,6.93,4.54,9.48,7.41,2.66,3.76,3.47,2.18,1.77,,1.69,1.6,2.64,5.77,,English,,1.86,,1.89,,,,,,,,,,,,,,,,,,,,,,,,,,,,,,,
John Josselyn,e,12.38,t,9.29,a,7.91,o,7.62,n,7.2,i,6.64,r,6.55,s,6.3,h,6.21,l,3.86,12.38,7.91,6.3,7.2,6.64,6.55,3.86,9.29,7.62,2.66,3.79,2.64,2.43,1.86,,2.13,1.71,2.43,6.21,,English,,1.74,,2.24,,,,,,,,,,,,,,,,,,,,,,,,,,,,,,,
John Keats,e,12.63,t,8.55,o,7.61,a,7.5,s,6.87,n,6.73,i,6.72,r,6.27,h,6.11,l,4.6,12.63,7.5,6.87,6.73,6.72,6.27,4.6,8.55,7.61,2.82,4.26,2.41,2.41,2.1,,2.15,1.53,2.45,6.11,,English,,1.8,,2.22,,,,,,,,,,,,,,,,,,,,,,,,,,,,,,,
John Law,e,12.81,t,9.26,o,8.66,a,8.14,n,7.36,i,6.06,r,6.05,s,5.72,h,5.11,d,4.09,12.81,8.14,5.72,7.36,6.06,6.05,4.06,9.26,8.66,2.84,4.09,2.8,2.42,2.24,,1.87,2.06,2.31,5.11,,English,,2.11,,1.72,,,,,,,,,,,,,,,,,,,,,,,,,,,,,,,
John Leyland,e,13.12,t,9.37,a,8.26,n,7.29,i,7.08,o,6.93,r,6.69,s,6.31,h,5.49,d,3.89,13.12,8.26,6.31,7.29,7.08,6.69,3.48,9.37,6.93,2.43,3.89,2.95,2.44,1.97,,2.02,1.72,2.55,5.49,,English,,1.69,,1.93,,,,,,,,,,,,,,,,,,,,,,,,,,,,,,,
John Locke,e,12.74,t,9.93,o,8.03,i,7.63,n,7.62,a,7.59,s,6.71,h,5.9,r,5.6,d,3.59,12.74,7.59,6.71,7.62,7.63,5.6,3.26,9.93,8.03,2.66,3.59,2.78,2.48,1.9,,1.64,1.66,2.45,5.9,,English,,1.74,,1.95,,,,,,,,,,,,,,,,,,,,,,,,,,,,,,,
John Malcolm Rymer,e,12.16,t,8.69,a,8.32,o,7.84,i,6.73,n,6.7,h,6.5,s,6.11,r,5.95,d,4.43,12.16,8.32,6.11,6.7,6.73,5.95,4.01,8.69,7.84,3.06,4.43,2.55,2.85,1.63,,1.98,1.49,2.26,6.5,,English,,2.27,,2.33,,,,,,,,,,,,,,,,,,,,,,,,,,,,,,,
John Mandeville,e,12.37,t,10.68,a,9.14,h,7.66,o,7.36,n,7.13,i,5.81,s,5.79,r,5.75,d,4.43,12.37,9.14,5.79,7.13,5.81,5.75,4.0,10.68,7.36,2.17,4.43,2.01,2.67,1.43,,1.68,1.57,2.67,7.66,,English,,1.93,,1.82,,,,,,,,,,,,,,,,,,,,,,,,,,,,,,,
John Milton,e,11.97,t,9.07,o,7.69,a,7.31,n,6.95,h,6.82,i,6.78,s,6.64,r,6.52,d,4.64,11.97,7.31,6.64,6.95,6.78,6.52,4.22,9.07,7.69,3.06,4.64,2.2,2.47,1.76,,2.17,1.51,2.44,6.82,,English,,1.27,,2.4,,,,,,,,,,,,,,,,,,,,,,,,,,,,,,,
John Niles Hubbard,e,13.23,t,9.52,a,7.76,n,7.43,o,7.42,i,7.29,r,6.31,h,6.06,s,6.04,d,4.36,13.23,7.76,6.04,7.43,7.29,6.31,3.23,9.52,7.42,2.52,4.36,2.86,2.28,1.83,,1.95,1.37,2.54,6.06,,English,,1.66,,2.14,,,,,,,,,,,,,,,,,,,,,,,,,,,,,,,
John Oxenham,e,12.4,t,9.24,a,8.06,o,7.61,n,6.94,i,6.58,h,6.16,s,6.04,r,5.81,d,4.5,12.4,8.06,6.04,6.94,6.58,5.81,4.4,9.24,7.61,2.9,4.5,2.17,2.53,1.48,,2.25,1.53,2.19,6.16,,English,,2.33,,2.48,,,,,,,,,,,,,,,,,,,,,,,,,,,,,,,
John Patterson,e,12.82,t,9.05,a,7.94,o,7.69,n,7.07,r,6.66,i,6.53,s,5.75,h,5.74,d,4.25,12.82,7.94,5.75,7.07,6.53,6.66,3.91,9.05,7.69,2.83,4.25,2.84,2.47,1.92,,2.2,1.54,2.69,5.74,,English,,1.62,,2.29,,,,,,,,,,,,,,,,,,,,,,,,,,,,,,,
John R. Clark Hall,e,10.73,n,7.66,r,7.06,a,6.79,o,6.45,t,6.13,i,5.8,l,5.5,s,5.44,d,4.01,10.73,6.79,5.44,7.66,5.8,7.06,5.5,6.13,6.45,2.71,4.01,3.92,2.86,2.64,,3.25,2.04,3.21,2.9,,English,,1.52,,2.66,,,,,,,,,,,,,,,,,,,,,,,,,,,,,,,
John R. Lynch,e,12.84,t,10.57,a,8.19,o,7.89,n,7.49,i,7.01,s,5.88,r,5.64,h,5.44,d,3.93,12.84,8.19,5.88,7.49,7.01,5.64,3.54,10.57,7.89,2.67,3.93,3.46,2.33,2.09,,1.38,1.69,2.54,5.44,,English,,1.55,,1.86,,,,,,,,,,,,,,,,,,,,,,,,,,,,,,,
John Ruskin,e,12.29,t,10.1,o,8.02,a,7.5,i,7.35,n,7.06,r,6.21,s,6.14,h,5.6,l,3.89,12.29,7.5,6.14,7.06,7.35,6.21,3.89,10.1,8.02,3.13,3.49,3.01,2.18,1.96,,1.87,1.63,2.61,5.6,,English,,1.99,,1.91,,,,,,,,,,,,,,,,,,,,,,,,,,,,,,,
John Russell Russell,e,12.93,t,9.2,a,7.63,o,7.6,i,7.45,n,6.89,h,6.24,s,6.21,r,5.81,d,4.03,12.93,7.63,6.21,6.89,7.45,5.81,3.51,9.2,7.6,2.97,4.03,2.74,2.64,1.87,,1.82,1.63,2.39,6.24,,English,,2.03,,2.14,,,,,,,,,,,,,,,,,,,,,,,,,,,,,,,
John St. Loe Strachey,e,12.21,t,9.51,a,8.14,o,7.85,i,7.17,n,6.83,s,6.12,h,6.01,r,5.95,l,4.06,12.21,8.14,6.12,6.83,7.17,5.95,4.06,9.51,7.85,2.71,3.97,2.6,2.68,1.84,,1.89,1.44,2.38,6.01,,English,,2.07,,2.34,,,,,,,,,,,,,,,,,,,,,,,,,,,,,,,
John Stuart Mill,e,12.43,t,9.66,o,8.1,i,7.68,a,7.5,n,7.32,s,6.3,r,6.05,h,5.09,l,3.93,12.43,7.5,6.3,7.32,7.68,6.05,3.93,9.66,8.1,2.84,3.45,3.48,2.46,2.3,,1.65,1.57,2.72,5.09,,English,,1.73,,1.65,,,,,,,,,,,,,,,,,,,,,,,,,,,,,,,
John T. Morse,e,12.46,t,9.58,a,7.81,o,7.71,n,7.59,i,7.31,s,6.47,r,5.92,h,5.35,l,4.16,12.46,7.81,6.47,7.59,7.31,5.92,4.16,9.58,7.71,2.65,3.96,3.26,2.43,2.01,,1.77,1.5,2.34,5.35,,English,,1.72,,1.91,,,,,,,,,,,,,,,,,,,,,,,,,,,,,,,
John U. Wolff,a,11.79,n,8.17,e,7.83,t,7.26,i,6.87,s,6.06,o,5.51,u,4.93,r,4.53,g,4.5,7.83,11.79,6.06,8.17,6.87,4.53,4.04,7.26,5.51,4.93,3.07,2.14,2.7,2.35,,4.5,2.44,,4.0,,English,2.29,2.3,,1.75,,,,,,,,,,,,,,,,,,,,,,,,,,,,,,,
John Webster,e,11.73,o,8.89,t,8.79,a,7.68,i,6.89,n,6.52,s,6.42,r,6.28,h,5.53,l,4.52,11.73,7.68,6.42,6.52,6.89,6.28,4.52,8.79,8.89,3.42,4.05,2.72,2.62,1.59,,1.66,1.51,2.34,5.53,,English,,2.4,,2.07,,,,,,,,,,,,,,,,,,,,,,,,,,,,,,,
John William Polidori,e,12.83,t,9.16,o,7.61,a,7.37,i,7.08,n,6.84,r,6.45,h,6.41,s,6.05,d,4.18,12.83,7.37,6.05,6.84,7.08,6.45,3.43,9.16,7.61,2.93,4.18,2.81,2.59,2.05,,2.12,1.6,2.47,6.41,,English,,1.81,,2.04,,,,,,,,,,,,,,,,,,,,,,,,,,,,,,,
Jonathan Swift,e,12.59,t,9.28,o,7.8,a,7.61,i,6.92,n,6.84,r,6.27,s,6.2,h,5.83,d,4.17,12.59,7.61,6.2,6.84,6.92,6.27,3.84,9.28,7.8,2.9,4.17,2.73,2.67,1.99,,1.96,1.6,2.47,5.83,,English,,1.86,,2.21,,,,,,,,,,,,,,,,,,,,,,,,,,,,,,,
Jose Rizal,e,12.56,t,9.18,a,8.19,o,7.65,i,7.19,n,6.81,s,6.27,h,6.19,r,5.97,d,4.26,12.56,8.19,6.27,6.81,7.19,5.97,3.82,9.18,7.65,2.78,4.26,2.68,2.43,1.94,,2.04,1.45,2.25,6.19,,English,,1.81,,2.15,,,,,,,,,,,,,,,,,,,,,,,,,,,,,,,
Joseph Addison and Richard Steele,e,12.38,t,9.36,a,7.93,o,7.89,i,7.22,n,7.05,s,6.66,h,6.16,r,6.04,d,3.66,12.38,7.93,6.66,7.05,7.22,6.04,3.64,9.36,7.89,2.94,3.66,2.6,2.7,1.92,,1.72,1.46,2.58,6.16,,English,,1.82,,2.04,,,,,,,,,,,,,,,,,,,,,,,,,,,,,,,
Joseph Conrad,e,12.42,t,9.16,a,7.82,o,7.78,i,7.14,n,6.72,s,6.3,h,6.28,r,5.54,d,4.36,12.42,7.82,6.3,6.72,7.14,5.54,4.04,9.16,7.78,2.82,4.36,2.52,2.64,1.79,,2.09,1.5,2.49,6.28,,English,,1.89,,2.27,,,,,,,,,,,,,,,,,,,,,,,,,,,,,,,
Joseph Donaldson,e,13.2,t,9.1,o,7.6,a,7.57,n,7.12,i,6.89,h,6.35,r,6.1,s,5.64,d,4.53,13.2,7.57,5.64,7.12,6.89,6.1,3.47,9.1,7.6,2.84,4.53,2.58,2.64,1.67,,2.13,1.49,2.45,6.35,,English,,1.83,,2.62,,,,,,,,,,,,,,,,,,,,,,,,,,,,,,,
Joseph H. Alexander,e,12.36,t,9.04,a,8.76,o,7.41,n,7.27,i,6.76,r,6.73,s,6.13,h,4.82,d,4.34,12.36,8.76,6.13,7.27,6.76,6.73,4.21,9.04,7.41,2.54,4.34,3.05,2.76,2.12,,2.03,1.71,2.32,4.82,,English,,1.38,,1.73,,,,,,,,,,,,,,,,,,,,,,,,,,,,,,,
Joseph Payne Brennan,e,13.11,t,9.08,a,8.04,o,6.98,n,6.74,i,6.7,h,6.2,s,6.09,r,5.93,d,4.83,13.11,8.04,6.09,6.74,6.7,5.93,4.18,9.08,6.98,2.81,4.83,2.76,2.34,1.84,,2.26,1.58,2.19,6.2,,English,,1.73,,2.37,,,,,,,,,,,,,,,,,,,,,,,,,,,,,,,
"Joseph Planta, Esq. F. R. S",e,12.39,t,9.92,o,7.96,a,7.82,i,7.38,n,7.23,r,6.61,s,5.7,h,4.78,l,3.64,12.39,7.82,5.7,7.23,7.38,6.61,3.64,9.92,7.96,3.16,3.4,3.4,2.48,2.19,,2.1,1.61,2.62,4.78,,English,,1.58,,1.39,,,,,,,,,,,,,,,,,,,,,,,,,,,,,,,
Joseph Sheridan Le Fanu,e,12.6,t,8.66,a,8.27,o,7.34,i,7.06,n,6.8,r,6.22,s,6.05,h,5.7,d,4.6,12.6,8.27,6.05,6.8,7.06,6.22,4.12,8.66,7.34,2.95,4.6,2.73,2.8,1.76,,2.08,1.33,2.05,5.7,,English,,2.25,,2.33,,,,,,,,,,,,,,,,,,,,,,,,,,,,,,,
Joshua Coffin,e,12.9,t,9.64,o,7.98,a,7.41,n,7.32,i,6.91,r,6.48,s,6.09,h,5.45,d,3.8,12.9,7.41,6.09,7.32,6.91,6.48,3.59,9.64,7.98,2.72,3.8,3.2,2.36,2.08,,1.89,1.66,2.44,5.45,,English,,1.81,,1.89,,,,,,,,,,,,,,,,,,,,,,,,,,,,,,,
José  Rizal,e,12.52,t,9.14,a,8.31,o,7.7,i,7.0,n,6.76,s,6.36,h,6.33,r,6.03,d,4.25,12.52,8.31,6.36,6.76,7.0,6.03,3.9,9.14,7.7,2.74,4.25,2.63,2.42,1.87,,2.0,1.43,2.27,6.33,,English,,1.86,,2.22,,,,,,,,,,,,,,,,,,,,,,,,,,,,,,,
José Raúl Capablanca,e,11.29,t,10.08,a,7.51,i,7.3,o,7.16,n,6.66,s,5.69,h,5.42,r,5.26,l,3.81,11.29,7.51,5.69,6.66,7.3,5.26,3.81,10.08,7.16,2.15,2.94,3.07,2.01,3.27,,1.98,2.82,1.96,5.42,,English,3.13,,,2.38,,,,,,,,,,,,,,,,,,,,,,,,,,,,,,,
Jules Verne,e,12.77,t,9.56,a,8.02,o,7.4,n,6.91,i,6.84,s,6.4,r,6.01,h,5.99,d,4.21,12.77,8.02,6.4,6.91,6.84,6.01,3.93,9.56,7.4,2.87,4.21,2.81,2.29,1.96,,1.94,1.54,2.34,5.99,,English,,1.68,,2.3,,,,,,,,,,,,,,,,,,,,,,,,,,,,,,,
Julia Magruder,e,12.49,t,9.13,a,8.17,o,7.67,n,7.08,i,6.96,s,6.48,r,6.07,h,5.93,d,4.24,12.49,8.17,6.48,7.08,6.96,6.07,3.84,9.13,7.67,3.02,4.24,2.39,2.73,1.61,,2.27,1.35,2.07,5.93,,English,,2.07,,2.17,,,,,,,,,,,,,,,,,,,,,,,,,,,,,,,
Julian,e,11.81,t,9.27,o,7.56,i,7.55,a,7.35,h,7.22,n,7.03,s,6.93,r,5.49,l,4.8,11.81,7.35,6.93,7.03,7.55,5.49,4.8,9.27,7.56,2.81,4.33,1.84,2.18,1.19,,2.31,1.44,2.6,7.22,,English,,1.7,,2.32,,,,,,,,,,,,,,,,,,,,,,,,,,,,,,,
Julian Street,e,12.24,t,9.56,a,8.14,o,7.72,i,7.37,n,6.97,s,6.42,r,5.89,h,5.75,l,3.99,12.24,8.14,6.42,6.97,7.37,5.89,3.99,9.56,7.72,2.72,3.78,2.76,2.59,1.76,,2.03,1.58,2.27,5.75,,English,,1.83,,2.22,,,,,,,,,,,,,,,,,,,,,,,,,,,,,,,
K. U. Rafy,e,12.96,t,9.42,a,7.89,o,7.58,h,7.19,n,6.79,i,6.46,s,5.9,r,5.8,d,4.7,12.96,7.89,5.9,6.79,6.46,5.8,3.66,9.42,7.58,2.69,4.7,2.28,2.57,1.57,,2.27,1.59,2.41,7.19,,English,,1.68,,2.25,,,,,,,,,,,,,,,,,,,,,,,,,,,,,,,
Kahlil Gibran,e,12.03,t,9.12,o,8.45,a,7.47,n,7.15,i,6.49,s,6.34,r,6.16,h,6.01,d,4.12,12.03,7.47,6.34,7.15,6.49,6.16,3.82,9.12,8.45,3.85,4.12,2.04,2.01,1.64,,2.16,1.41,2.42,6.01,,English,,2.79,,2.28,,,,,,,,,,,,,,,,,,,,,,,,,,,,,,,
Karel Capek,e,11.52,t,8.68,o,8.49,a,8.04,n,6.92,i,6.48,r,6.3,s,6.27,h,5.28,l,5.14,11.52,8.04,6.27,6.92,6.48,6.3,5.14,8.68,8.49,3.41,3.71,2.4,2.9,1.75,,2.17,1.78,2.06,5.28,,English,,2.32,,2.12,,,,,,,,,,,,,,,,,,,,,,,,,,,,,,,
Karl Marx and Friedrich Engels,e,12.07,t,9.94,o,8.84,i,8.0,a,7.2,n,6.93,r,6.6,s,6.46,h,4.42,l,3.83,12.07,7.2,6.46,6.93,8.0,6.6,3.83,9.94,8.84,2.86,3.23,3.6,2.42,2.45,,1.95,1.51,2.52,4.42,,English,,1.8,,1.42,,,,,,,,,,,,,,,,,,,,,,,,,,,,,,,
Kate Chopin,e,13.37,t,8.73,a,7.79,o,7.48,n,6.97,h,6.78,i,6.65,s,6.08,r,5.88,d,4.69,13.37,7.79,6.08,6.97,6.65,5.88,4.15,8.73,7.48,2.63,4.69,2.33,2.5,1.7,,2.21,1.47,2.08,6.78,,English,,1.64,,2.48,,,,,,,,,,,,,,,,,,,,,,,,,,,,,,,
Kate Greenaway,e,12.34,t,8.48,o,7.55,r,7.28,a,7.28,i,7.28,n,6.75,s,5.99,l,4.88,h,3.92,12.34,7.28,5.99,6.75,7.28,7.28,4.88,8.48,7.55,3.33,3.55,3.2,2.53,2.4,,2.25,1.7,2.24,3.92,,English,,2.4,,2.08,,,,,,,,,,,,,,,,,,,,,,,,,,,,,,,
Kate Sanborn,e,12.25,t,8.84,a,8.18,o,7.82,n,6.97,i,6.75,s,6.19,r,6.15,h,5.13,d,4.61,12.25,8.18,6.19,6.97,6.75,6.15,4.23,8.84,7.82,2.83,4.61,2.67,2.49,1.85,,2.33,1.56,2.29,5.13,,English,,2.11,,2.24,,,,,,,,,,,,,,,,,,,,,,,,,,,,,,,
Katherine Creighton,e,12.81,t,9.07,a,8.06,o,7.48,n,6.81,i,6.39,r,6.18,h,5.89,s,5.7,l,4.55,12.81,8.06,5.7,6.81,6.39,6.18,4.55,9.07,7.48,2.56,4.47,2.55,2.18,1.77,,2.4,1.59,2.48,5.89,,English,,2.05,,2.61,,,,,,,,,,,,,,,,,,,,,,,,,,,,,,,
Katherine Mansfield,e,12.67,t,8.98,a,8.31,o,7.31,h,6.58,n,6.51,i,6.32,s,6.31,r,5.57,d,4.81,12.67,8.31,6.31,6.51,6.32,5.57,4.54,8.98,7.31,2.82,4.81,2.05,2.26,1.67,,2.45,1.61,1.96,6.58,,English,,2.09,,2.57,,,,,,,,,,,,,,,,,,,,,,,,,,,,,,,
Kenneth Grahame,e,12.0,t,9.38,a,8.32,o,7.7,n,6.93,i,6.44,h,6.21,s,5.9,r,5.69,d,4.98,12.0,8.32,5.9,6.93,6.44,5.69,4.58,9.38,7.7,2.87,4.98,2.09,2.38,1.69,,2.47,1.49,2.12,6.21,,English,,2.18,,2.41,,,,,,,,,,,,,,,,,,,,,,,,,,,,,,,
Kersey Graves,e,12.22,t,9.31,i,8.04,o,7.66,a,7.62,n,7.04,s,6.84,r,6.26,h,6.12,d,3.99,12.22,7.62,6.84,7.04,8.04,6.26,3.58,9.31,7.66,2.42,3.99,3.27,2.31,1.88,,1.84,1.52,2.52,6.12,,English,,1.63,,1.7,,,,,,,,,,,,,,,,,,,,,,,,,,,,,,,
King James I,e,14.58,t,9.65,i,7.68,o,7.28,a,7.11,n,6.55,s,6.47,h,6.36,r,6.06,l,3.53,14.58,7.11,6.47,6.55,7.68,6.06,3.53,9.65,7.28,2.96,3.48,2.78,2.35,2.1,,1.83,1.58,2.45,6.36,,English,,1.49,,1.97,,,,,,,,,,,,,,,,,,,,,,,,,,,,,,,
Krishna-Dwaipayana Vyasa,e,11.81,a,9.39,t,9.14,o,7.15,h,7.09,i,6.98,n,6.89,s,6.67,r,5.93,d,4.65,11.81,9.39,6.67,6.89,6.98,5.93,3.42,9.14,7.15,2.64,4.65,2.17,2.14,1.43,,2.17,1.59,2.59,7.09,,English,,1.68,,1.85,,,,,,,,,,,,,,,,,,,,,,,,,,,,,,,
Kurt Vonnegut,e,11.93,t,9.4,o,8.33,i,7.33,a,7.17,r,6.81,n,6.57,s,5.4,h,4.67,d,4.08,11.93,7.17,5.4,6.57,7.33,6.81,3.85,9.4,8.33,3.21,4.08,3.12,2.33,2.7,,2.42,1.74,2.22,4.67,,English,,2.12,,2.02,,,,,,,,,,,,,,,,,,,,,,,,,,,,,,,
L. Frank Baum,e,12.6,t,9.25,a,7.92,o,7.79,i,6.39,h,6.32,n,6.26,r,6.05,s,5.75,d,4.89,12.6,7.92,5.75,6.26,6.39,6.05,4.16,9.25,7.79,2.87,4.89,2.53,2.4,1.73,,2.16,1.44,2.05,6.32,,English,,2.2,,2.74,,,,,,,,,,,,,,,,,,,,,,,,,,,,,,,
L. M. (Lucy Maud) Montgomery,e,12.53,t,8.89,a,8.01,o,7.28,i,6.74,n,6.61,h,6.17,s,6.07,r,5.63,l,4.76,12.53,8.01,6.07,6.61,6.74,5.63,4.76,8.89,7.28,3.23,4.71,2.04,2.5,1.5,,2.06,1.75,1.94,6.17,,English,,2.6,,2.42,,,,,,,,,,,,,,,,,,,,,,,,,,,,,,,
L. Ron Hubbard,e,12.17,t,9.52,a,8.06,o,7.59,n,7.0,i,6.51,r,5.91,s,5.75,h,5.38,d,4.54,12.17,8.06,5.75,7.0,6.51,5.91,4.17,9.52,7.59,3.09,4.54,2.91,2.19,2.1,,2.59,1.6,2.12,5.38,,English,,2.05,,2.23,,,,,,,,,,,,,,,,,,,,,,,,,,,,,,,
Lady Charlotte Guest,e,12.85,t,9.65,a,8.38,h,8.2,o,7.28,n,7.2,i,6.0,s,5.62,r,5.6,d,5.34,12.85,8.38,5.62,7.2,6.0,5.6,3.7,9.65,7.28,2.53,5.34,2.0,2.38,1.27,,1.83,1.33,2.14,8.2,,English,,1.86,,2.92,,,,,,,,,,,,,,,,,,,,,,,,,,,,,,,
Lady Florence Dixie,e,12.27,t,8.83,a,8.09,o,7.91,n,6.98,i,6.63,r,6.28,s,6.09,h,5.58,d,4.42,12.27,8.09,6.09,6.98,6.63,6.28,3.86,8.83,7.91,3.11,4.42,2.8,2.21,1.94,,2.55,1.57,2.36,5.58,,English,,1.76,,2.59,,,,,,,,,,,,,,,,,,,,,,,,,,,,,,,
Lal Behari Day,e,13.06,t,9.63,a,7.97,h,7.72,o,7.52,n,6.69,i,6.32,s,5.95,r,5.67,d,4.44,13.06,7.97,5.95,6.69,6.32,5.67,3.43,9.63,7.52,2.69,4.44,2.22,2.39,1.71,,2.12,1.53,2.29,7.72,,English,,1.84,,2.53,,,,,,,,,,,,,,,,,,,,,,,,,,,,,,,
Laura Elizabeth Howe Richards,e,12.48,t,9.11,a,7.94,o,7.78,n,7.0,i,6.84,r,6.36,s,6.23,h,5.77,d,4.11,12.48,7.94,6.23,7.0,6.84,6.36,3.9,9.11,7.78,2.77,4.11,2.6,2.71,1.83,,1.91,1.61,2.44,5.77,,English,,2.07,,2.29,,,,,,,,,,,,,,,,,,,,,,,,,,,,,,,
Laura Spencer Portor,e,12.81,t,9.19,a,7.87,o,7.77,i,6.92,n,6.9,s,6.18,h,6.0,r,5.83,d,4.31,12.81,7.87,6.18,6.9,6.92,5.83,4.16,9.19,7.77,2.7,4.31,2.35,2.67,1.68,,2.03,1.58,2.32,6.0,,English,,2.11,,2.3,,,,,,,,,,,,,,,,,,,,,,,,,,,,,,,
Laurence Housman,e,12.35,t,9.17,o,8.59,i,7.39,a,7.22,n,6.85,s,6.22,r,5.27,h,5.23,l,4.12,12.35,7.22,6.22,6.85,7.39,5.27,4.12,9.17,8.59,3.47,3.61,2.31,2.76,1.79,,2.58,1.45,1.83,5.23,,English,,2.96,,2.3,,,,,,,,,,,,,,,,,,,,,,,,,,,,,,,
Laurence Sterne,e,11.38,t,9.64,o,7.93,a,7.78,i,7.31,n,6.96,h,6.38,s,6.36,r,5.86,d,3.93,11.38,7.78,6.36,6.96,7.31,5.86,3.82,9.64,7.93,3.08,3.93,2.65,2.64,1.85,,1.83,1.62,2.37,6.38,,English,,2.08,,2.15,,,,,,,,,,,,,,,,,,,,,,,,,,,,,,,
Lee B. Holum,e,12.7,t,9.82,o,8.0,a,7.67,i,6.79,n,6.69,r,6.66,s,5.63,h,5.3,l,3.99,12.7,7.67,5.63,6.69,6.79,6.66,3.99,9.82,8.0,2.94,3.96,3.21,2.25,2.25,,2.3,1.52,2.18,5.3,,English,,1.71,,2.11,,,,,,,,,,,,,,,,,,,,,,,,,,,,,,,
Leo Tolstoy,e,12.34,t,9.13,a,7.98,o,7.55,n,7.21,i,6.98,h,6.66,s,6.42,r,5.59,d,4.53,12.34,7.98,6.42,7.21,6.98,5.59,3.88,9.13,7.55,2.61,4.53,2.4,2.36,1.73,,2.05,1.39,2.2,6.66,,English,,1.88,,2.33,,,,,,,,,,,,,,,,,,,,,,,,,,,,,,,
Leopold von Ranke,e,13.16,t,10.0,o,7.66,a,7.43,n,7.19,i,7.13,h,6.38,s,6.11,r,5.94,d,4.19,13.16,7.43,6.11,7.19,7.13,5.94,3.64,10.0,7.66,2.47,4.19,3.11,2.4,2.08,,1.75,1.4,2.37,6.38,,English,,1.46,,2.04,,,,,,,,,,,,,,,,,,,,,,,,,,,,,,,
Leslie Waltham,e,12.33,t,9.96,o,8.15,i,7.09,a,6.97,n,6.8,r,6.57,s,5.85,h,5.45,d,3.91,12.33,6.97,5.85,6.8,7.09,6.57,3.29,9.96,8.15,3.05,3.91,3.01,2.48,2.07,,2.44,1.52,2.09,5.45,,English,,2.16,,2.14,,,,,,,,,,,,,,,,,,,,,,,,,,,,,,,
Lester del Rey,e,12.46,t,9.81,o,8.58,r,7.07,n,6.98,i,6.91,a,6.79,s,5.13,h,4.1,d,3.91,12.46,6.79,5.13,6.98,6.91,7.07,3.25,9.81,8.58,3.24,3.91,3.45,2.19,2.59,,2.54,1.83,2.31,4.1,,English,,2.23,,1.95,,,,,,,,,,,,,,,,,,,,,,,,,,,,,,,
Lever Brothers Company,e,11.51,t,9.16,o,8.03,i,7.37,r,7.27,a,7.08,n,6.7,s,5.9,l,4.12,p,3.69,11.51,7.08,5.9,6.7,7.37,7.27,4.12,9.16,8.03,3.45,3.4,3.42,2.33,3.69,,2.42,1.74,2.37,3.56,,English,,1.89,,1.69,,,,,,,,,,,,,,,,,,,,,,,,,,,,,,,
Lewis Carroll,e,12.48,t,9.9,a,7.98,o,7.73,i,7.02,n,6.55,h,6.28,s,5.88,r,5.48,d,4.41,12.48,7.98,5.88,6.55,7.02,5.48,4.24,9.9,7.73,3.2,4.41,2.5,2.0,1.63,,2.39,1.42,1.95,6.28,,English,,2.06,,2.38,,,,,,,,,,,,,,,,,,,,,,,,,,,,,,,
Lewis Tappan,e,12.91,t,9.7,o,7.93,a,7.65,n,7.17,i,6.99,r,6.5,s,6.34,h,5.19,l,3.88,12.91,7.65,6.34,7.17,6.99,6.5,3.88,9.7,7.93,2.94,3.58,3.01,2.22,2.04,,1.67,1.54,2.63,5.19,,English,,1.86,,1.82,,,,,,,,,,,,,,,,,,,,,,,,,,,,,,,
Lilian Bell,e,12.76,t,9.04,a,7.79,o,7.61,i,7.34,n,6.85,s,6.18,r,5.96,h,5.57,d,3.96,12.76,7.79,6.18,6.85,7.34,5.96,3.94,9.04,7.61,3.11,3.96,2.49,2.86,1.75,,2.04,1.59,2.15,5.57,,English,,2.06,,2.4,,,,,,,,,,,,,,,,,,,,,,,,,,,,,,,
Lodisa Frizell,e,12.74,t,9.35,o,8.07,a,7.55,i,6.74,r,6.65,n,6.33,s,5.98,h,5.51,d,3.86,12.74,7.55,5.98,6.33,6.74,6.65,3.76,9.35,8.07,2.89,3.86,2.65,2.48,2.07,,2.19,1.65,2.46,5.51,,English,,1.89,,2.62,,,,,,,,,,,,,,,,,,,,,,,,,,,,,,,
Logan Marshall,e,12.85,t,9.35,a,8.07,o,7.46,h,7.16,n,6.55,i,6.27,s,5.8,r,5.77,d,5.0,12.85,8.07,5.8,6.55,6.27,5.77,4.18,9.35,7.46,2.7,5.0,2.31,2.25,1.61,,2.27,1.6,2.11,7.16,,English,,1.78,,2.64,,,,,,,,,,,,,,,,,,,,,,,,,,,,,,,
Longinus,e,12.08,t,9.06,i,7.66,o,7.64,a,7.37,s,7.04,n,6.61,r,5.99,h,5.47,l,3.82,12.08,7.37,7.04,6.61,7.66,5.99,3.82,9.06,7.64,2.94,3.47,2.77,2.35,2.03,,1.99,1.57,2.45,5.47,,English,,1.75,,1.86,,,,,,,,,,,,,,,,,,,,,,,,,,,,,,,
Lord Byron,e,12.25,t,8.88,a,7.96,o,7.55,s,7.02,h,6.62,n,6.6,i,6.44,r,6.22,l,4.41,12.25,7.96,7.02,6.6,6.44,6.22,4.41,8.88,7.55,3.01,4.1,2.4,2.45,1.67,,2.0,1.63,2.1,6.62,,English,,1.75,,2.53,,,,,,,,,,,,,,,,,,,,,,,,,,,,,,,
Lord Charnwood,e,12.4,t,9.5,a,7.85,o,7.7,n,7.43,i,7.23,s,6.41,r,5.93,h,5.85,l,4.07,12.4,7.85,6.41,7.43,7.23,5.93,4.07,9.5,7.7,2.7,3.91,3.16,2.5,1.93,,1.72,1.46,2.41,5.85,,English,,1.65,,2.16,,,,,,,,,,,,,,,,,,,,,,,,,,,,,,,
Lord Timothy Dexter,e,12.51,t,9.3,o,8.45,a,7.51,n,6.81,i,6.55,r,6.42,s,6.28,h,5.29,d,4.09,12.51,7.51,6.28,6.81,6.55,6.42,4.02,9.3,8.45,2.8,4.09,2.28,2.7,1.94,,2.23,1.64,2.38,5.29,,English,,2.11,,2.31,,,,,,,,,,,,,,,,,,,,,,,,,,,,,,,
Louis Antoine Fauvelet de Bourrienne,e,13.11,t,9.41,a,7.9,o,7.77,i,7.05,n,7.02,r,6.17,h,6.07,s,6.03,d,4.15,13.11,7.9,6.03,7.02,7.05,6.17,3.48,9.41,7.77,2.69,4.15,3.0,2.62,2.08,,1.64,1.53,2.58,6.07,,English,,1.57,,2.04,,,,,,,,,,,,,,,,,,,,,,,,,,,,,,,
Louis Becke,e,12.75,t,9.54,o,7.97,a,7.93,n,7.0,r,6.56,i,6.43,s,5.58,h,5.49,d,4.14,12.75,7.93,5.58,7.0,6.43,6.56,3.34,9.54,7.97,2.76,4.14,3.09,2.42,2.42,,2.25,1.7,2.42,5.49,,English,,1.89,,2.09,,,,,,,,,,,,,,,,,,,,,,,,,,,,,,,
Louis Charbonneau,e,12.51,t,9.15,a,7.74,o,7.43,i,7.3,n,6.88,h,5.83,s,5.77,r,5.66,d,4.59,12.51,7.74,5.77,6.88,7.3,5.66,4.26,9.15,7.43,2.89,4.59,2.57,2.72,1.72,,2.3,1.56,2.29,5.83,,English,,2.08,,2.4,,,,,,,,,,,,,,,,,,,,,,,,,,,,,,,
Louisa M. Alcott,e,12.35,t,8.68,a,8.1,o,7.71,n,6.61,i,6.61,s,6.14,h,6.13,r,5.84,d,4.74,12.35,8.1,6.14,6.61,6.61,5.84,4.56,8.68,7.71,2.96,4.74,2.13,2.49,1.74,,2.24,1.58,2.2,6.13,,English,,2.28,,2.37,,,,,,,,,,,,,,,,,,,,,,,,,,,,,,,
Louisa Maria Dundas,e,12.89,t,9.32,a,7.67,o,7.6,r,6.53,i,6.52,n,6.4,h,6.39,s,5.95,d,4.79,12.89,7.67,5.95,6.4,6.52,6.53,3.91,9.32,7.6,2.66,4.79,2.72,2.05,2.15,,2.13,1.48,2.4,6.39,,English,,2.06,,2.3,,,,,,,,,,,,,,,,,,,,,,,,,,,,,,,
Louisa May Alcott,e,12.21,t,8.77,a,8.13,o,7.68,n,6.71,i,6.59,h,6.2,s,6.09,r,5.7,d,4.94,12.21,8.13,6.09,6.71,6.59,5.7,4.46,8.77,7.68,2.92,4.94,2.07,2.56,1.71,,2.2,1.63,2.21,6.2,,English,,2.32,,2.42,,,,,,,,,,,,,,,,,,,,,,,,,,,,,,,
Lucas Malet,e,12.31,t,8.7,a,7.97,o,7.52,i,7.31,n,7.12,s,6.31,r,5.98,h,5.67,l,4.31,12.31,7.97,6.31,7.12,7.31,5.98,4.31,8.7,7.52,3.04,4.27,2.65,2.63,1.89,,2.16,1.48,2.33,5.67,,English,,2.13,,1.88,,,,,,,,,,,,,,,,,,,,,,,,,,,,,,,
Lucian of Samosata,e,12.44,t,9.45,a,7.76,o,7.57,n,7.08,i,6.67,h,6.22,s,6.22,r,6.11,d,4.18,12.44,7.76,6.22,7.08,6.67,6.11,3.65,9.45,7.57,3.18,4.18,2.49,2.29,1.93,,1.99,1.47,2.47,6.22,,English,,1.8,,2.59,,,,,,,,,,,,,,,,,,,,,,,,,,,,,,,
Lucien Biart,e,12.42,t,9.08,a,7.9,o,7.43,i,7.08,n,6.62,s,6.31,r,5.98,h,5.8,d,4.45,12.42,7.9,6.31,6.62,7.08,5.98,4.16,9.08,7.43,3.48,4.45,2.99,2.28,1.74,,2.12,1.5,2.28,5.8,,English,,1.64,,2.44,,,,,,,,,,,,,,,,,,,,,,,,,,,,,,,
Lucius Annaeus Seneca,e,12.39,t,9.97,o,8.02,a,8.0,i,7.21,n,7.1,s,6.68,h,5.98,r,5.92,d,3.58,12.39,8.0,6.68,7.1,7.21,5.92,3.43,9.97,8.02,3.04,3.58,2.37,2.58,1.76,,1.64,1.6,2.67,5.98,,English,,1.76,,2.1,,,,,,,,,,,,,,,,,,,,,,,,,,,,,,,
Lucy Maud Montgomery,e,12.23,t,8.74,a,8.28,o,7.39,n,6.95,i,6.83,s,6.2,h,6.02,r,5.78,l,4.69,12.23,8.28,6.2,6.95,6.83,5.78,4.69,8.74,7.39,2.92,4.63,2.15,2.48,1.53,,2.19,1.64,1.96,6.02,,English,,2.33,,2.48,,,,,,,,,,,,,,,,,,,,,,,,,,,,,,,
Ludovic Halevy,e,12.8,t,9.31,a,7.92,o,7.82,i,6.9,n,6.58,s,6.14,h,6.04,r,5.96,l,4.35,12.8,7.92,6.14,6.58,6.9,5.96,4.35,9.31,7.82,3.11,4.07,2.4,2.56,1.61,,1.86,1.47,2.11,6.04,,English,,2.3,,2.2,,,,,,,,,,,,,,,,,,,,,,,,,,,,,,,
Luis Senarens,e,12.63,t,9.21,a,8.11,o,7.56,n,6.82,r,6.68,i,6.42,s,5.86,h,5.33,l,4.27,12.63,8.11,5.86,6.82,6.42,6.68,4.27,9.21,7.56,2.75,4.24,3.0,2.02,1.89,,1.99,1.67,2.34,5.33,,English,,2.02,,2.54,,,,,,,,,,,,,,,,,,,,,,,,,,,,,,,
L__on Cahun,e,12.19,t,8.94,a,8.4,o,7.68,i,6.97,n,6.81,h,6.43,s,6.16,r,5.92,d,4.5,12.19,8.4,6.16,6.81,6.97,5.92,3.83,8.94,7.68,2.85,4.5,2.67,2.48,1.76,,2.08,1.61,2.17,6.43,,English,,1.86,,2.42,,,,,,,,,,,,,,,,,,,,,,,,,,,,,,,
M. E. Billings,e,11.81,r,7.87,a,7.55,i,7.3,t,7.23,n,7.14,o,6.87,s,5.97,l,4.76,d,4.33,11.81,7.55,5.97,7.14,7.3,7.87,4.76,7.23,6.87,2.54,4.33,3.62,2.98,2.11,1.98,2.24,,2.07,4.06,,English,,2.02,,1.97,,,,,,,,,,,,,,,,,,,,,,,,,,,,,,,
M. G. Lewis,e,13.21,t,8.76,o,7.66,a,7.25,i,6.94,n,6.73,s,6.66,h,6.35,r,6.26,d,4.56,13.21,7.25,6.66,6.73,6.94,6.26,3.64,8.76,7.66,3.02,4.56,2.62,2.81,1.93,,1.68,1.48,2.24,6.35,,English,,1.97,,2.01,,,,,,,,,,,,,,,,,,,,,,,,,,,,,,,
M. T. Cicero,e,12.37,t,9.49,o,7.88,a,7.78,i,7.39,n,6.92,s,6.78,h,6.46,r,5.52,d,3.72,12.37,7.78,6.78,6.92,7.39,5.52,3.44,9.49,7.88,2.99,3.72,2.7,2.27,1.89,,1.64,1.61,2.45,6.46,,English,,1.96,,2.22,,,,,,,,,,,,,,,,,,,,,,,,,,,,,,,
Mabel Cook Cole,e,13.0,t,9.63,a,8.6,o,7.57,h,7.26,n,7.07,i,6.35,s,5.5,r,5.38,d,4.68,13.0,8.6,5.5,7.07,6.35,5.38,3.68,9.63,7.57,2.55,4.68,2.11,2.31,1.74,,2.32,1.63,2.03,7.26,,English,,1.84,,2.65,,,,,,,,,,,,,,,,,,,,,,,,,,,,,,,
Madison Clinton Peters,e,11.9,t,9.05,o,7.92,a,7.67,i,7.65,n,7.26,r,6.31,s,6.06,h,5.78,d,3.97,11.9,7.67,6.06,7.26,7.65,6.31,3.87,9.05,7.92,2.68,3.97,3.25,2.53,2.06,,2.02,1.56,2.53,5.78,,English,,1.75,,2.05,,,,,,,,,,,,,,,,,,,,,,,,,,,,,,,
Madison Grant,e,12.45,t,8.65,a,8.61,n,7.96,i,7.66,o,7.16,r,6.7,s,6.54,h,4.98,l,4.1,12.45,8.61,6.54,7.96,7.66,6.7,4.1,8.65,7.16,2.56,3.64,3.37,2.26,2.35,,1.88,1.51,2.24,4.98,,English,,1.62,,1.37,,,,,,,,,,,,,,,,,,,,,,,,,,,,,,,
Madison J. Cawein,e,12.01,t,8.19,a,7.81,o,7.65,s,6.98,n,6.57,r,6.56,h,6.24,i,6.2,d,4.96,12.01,7.81,6.98,6.57,6.2,6.56,4.63,8.19,7.65,2.87,4.96,2.31,2.34,1.56,,2.43,1.63,2.39,6.24,,English,,1.55,,2.73,,,,,,,,,,,,,,,,,,,,,,,,,,,,,,,
Malcolm Jameson,,,,,,,,,,,,,,,,,,,,,,,,,,,,,,,,,,,,,,,,,English,,,,,,,,,,,,,,,,,,,,,,,,,,,,,,,,,,,
Manly Palmer Hall,e,12.59,t,10.21,i,7.53,o,7.31,a,7.18,h,6.85,n,6.48,s,6.42,r,6.37,l,3.99,12.59,7.18,6.42,6.48,7.53,6.37,3.99,10.21,7.31,2.64,3.64,2.62,2.27,2.05,,2.05,1.42,2.68,6.85,,English,,1.59,,2.15,,,,,,,,,,,,,,,,,,,,,,,,,,,,,,,
Marcel Proust,e,12.73,t,9.26,a,7.79,o,7.71,i,6.98,n,6.92,h,6.75,s,6.25,r,5.54,d,4.08,12.73,7.79,6.25,6.92,6.98,5.54,3.91,9.26,7.71,2.78,4.08,2.55,2.75,1.69,,1.91,1.4,2.45,6.75,,English,,1.81,,2.58,,,,,,,,,,,,,,,,,,,,,,,,,,,,,,,
Marco Polo,e,11.78,t,8.87,a,8.62,i,7.64,n,7.44,o,7.39,s,6.56,r,6.24,h,5.79,l,3.77,11.78,8.62,6.56,7.44,7.64,6.24,3.77,8.87,7.39,2.72,3.67,2.99,2.47,1.91,,1.89,1.65,2.37,5.79,,English,,1.58,,1.55,,,,,,,,,,,,,,,,,,,,,,,,,,,,,,,
Marcus Aurelius,e,11.8,t,10.06,o,8.3,a,7.64,n,7.32,i,7.14,s,6.41,h,6.29,r,6.01,l,3.67,11.8,7.64,6.41,7.32,7.14,6.01,3.67,10.06,8.3,3.18,3.64,2.56,2.36,1.71,,1.73,1.45,2.49,6.29,,English,,2.09,,2.05,,,,,,,,,,,,,,,,,,,,,,,,,,,,,,,
Margaret Alice Murray,e,13.28,t,8.98,a,8.06,i,7.41,n,7.13,o,7.11,s,6.3,r,5.89,h,5.71,l,4.15,13.28,8.06,6.3,7.13,7.41,5.89,4.15,8.98,7.11,2.68,4.04,3.08,2.52,1.81,,1.79,1.66,2.33,5.71,,English,,1.41,,1.89,,,,,,,,,,,,,,,,,,,,,,,,,,,,,,,
Margaret Cobb Rogers,e,13.35,t,9.7,o,7.78,i,7.38,n,7.24,a,6.98,r,6.51,s,6.49,h,4.82,l,3.72,13.35,6.98,6.49,7.24,7.38,6.51,3.72,9.7,7.78,2.31,3.56,3.59,2.34,2.54,,2.49,1.38,2.63,4.82,,English,,1.38,,1.59,,,,,,,,,,,,,,,,,,,,,,,,,,,,,,,
Margaret Stuart Lane,e,12.89,t,8.6,a,8.14,o,7.74,n,6.87,h,6.61,s,6.54,r,6.47,i,6.44,d,4.55,12.89,8.14,6.54,6.87,6.44,6.47,4.06,8.6,7.74,2.53,4.55,2.26,2.62,1.41,,2.26,1.36,2.18,6.61,,English,,1.92,,2.3,,,,,,,,,,,,,,,,,,,,,,,,,,,,,,,
Margaret Wilson,e,12.76,t,9.07,h,7.8,a,7.72,o,7.2,n,6.72,i,6.42,s,6.02,r,5.65,d,4.55,12.76,7.72,6.02,6.72,6.42,5.65,4.26,9.07,7.2,2.72,4.55,2.17,2.47,1.32,,2.4,1.67,1.98,7.8,,English,,2.05,,2.87,,,,,,,,,,,,,,,,,,,,,,,,,,,,,,,
Margery Williams,e,12.37,t,9.86,o,7.73,a,7.53,n,6.83,i,6.66,r,6.3,h,5.44,s,5.41,d,4.25,12.37,7.53,5.41,6.83,6.66,6.3,3.98,9.86,7.73,2.92,4.25,2.75,2.2,2.14,,2.35,2.34,2.06,5.44,,English,,2.17,,2.24,,,,,,,,,,,,,,,,,,,,,,,,,,,,,,,
Maria Edgeworth,e,11.71,t,8.61,o,8.34,a,7.98,n,7.04,i,6.64,r,6.3,s,6.1,h,5.93,d,4.65,11.71,7.98,6.1,7.04,6.64,6.3,4.31,8.61,8.34,2.95,4.65,2.56,2.75,1.61,,1.96,1.74,2.13,5.93,,English,,2.44,,2.15,,,,,,,,,,,,,,,,,,,,,,,,,,,,,,,
Marie Belloc Lowndes,e,12.67,t,9.37,a,8.05,o,7.75,n,6.53,h,6.5,i,6.45,s,6.1,r,5.99,d,4.25,12.67,8.05,6.1,6.53,6.45,5.99,4.19,9.37,7.75,2.83,4.25,2.38,2.58,1.48,,2.16,1.4,2.07,6.5,,English,,2.28,,2.5,,,,,,,,,,,,,,,,,,,,,,,,,,,,,,,
Mark Twain,e,12.22,t,9.52,a,8.3,o,7.57,n,7.11,i,6.94,s,6.12,h,6.11,r,5.66,d,4.6,12.22,8.3,6.12,7.11,6.94,5.66,3.95,9.52,7.57,2.94,4.6,2.35,2.43,1.67,,2.07,1.5,2.21,6.11,,English,,2.03,,2.49,,,,,,,,,,,,,,,,,,,,,,,,,,,,,,,
Mark Twain (Samuel Clemens),e,12.23,t,9.46,a,8.28,o,7.59,n,7.14,i,6.85,s,6.2,h,5.96,r,5.69,d,4.56,12.23,8.28,6.2,7.14,6.85,5.69,3.97,9.46,7.59,2.87,4.56,2.45,2.43,1.77,,2.14,1.55,2.22,5.96,,English,,1.96,,2.41,,,,,,,,,,,,,,,,,,,,,,,,,,,,,,,
Mark Twain and Charles Dudley Warner,e,12.23,t,9.46,a,8.06,o,7.74,n,7.11,i,6.9,h,6.38,s,6.2,r,5.7,l,4.26,12.23,8.06,6.2,7.11,6.9,5.7,4.26,9.46,7.74,2.88,4.26,2.34,2.37,1.83,,2.0,1.45,2.14,6.38,,English,,2.01,,2.5,,,,,,,,,,,,,,,,,,,,,,,,,,,,,,,
Marsden Hartley,e,12.7,t,9.48,i,8.15,a,7.68,o,7.43,n,6.96,s,6.87,r,6.13,h,5.75,l,3.96,12.7,7.68,6.87,6.96,8.15,6.13,3.96,9.48,7.43,2.47,3.21,2.85,2.49,1.95,,1.82,1.22,2.82,5.75,,English,,1.84,,1.96,,,,,,,,,,,,,,,,,,,,,,,,,,,,,,,
Martin Dobrizhoffer,e,12.56,t,9.18,a,8.11,o,7.29,i,6.96,n,6.67,s,6.67,r,6.52,h,6.06,d,3.96,12.56,8.11,6.67,6.67,6.96,6.52,3.65,9.18,7.29,3.05,3.96,2.63,2.23,1.91,,1.92,1.66,2.59,6.06,,English,,1.96,,1.96,,,,,,,,,,,,,,,,,,,,,,,,,,,,,,,
Martin Luther,e,12.58,t,9.9,o,8.03,a,7.27,s,7.02,i,6.89,h,6.72,n,6.25,r,5.85,l,3.95,12.58,7.27,7.02,6.25,6.89,5.85,3.95,9.9,8.03,2.9,3.58,2.77,2.13,1.9,,1.95,1.45,2.65,6.72,,English,,1.81,,2.29,,,,,,,,,,,,,,,,,,,,,,,,,,,,,,,
Mary E. Wilkins Freeman,e,12.57,t,8.97,a,8.18,o,7.41,n,7.32,h,6.57,s,6.32,r,6.27,i,6.11,d,4.6,12.57,8.18,6.32,7.32,6.11,6.27,3.93,8.97,7.41,2.65,4.6,2.4,2.31,1.9,,2.21,1.6,2.09,6.57,,English,,1.82,,2.55,,,,,,,,,,,,,,,,,,,,,,,,,,,,,,,
Mary Elizabeth Braddon,e,12.47,t,8.7,a,8.13,o,7.78,n,6.65,h,6.65,i,6.55,r,6.1,s,6.06,d,4.58,12.47,8.13,6.06,6.65,6.55,6.1,4.15,8.7,7.78,2.88,4.58,2.29,2.55,1.59,,2.02,1.62,2.29,6.65,,English,,2.28,,2.36,,,,,,,,,,,,,,,,,,,,,,,,,,,,,,,
Mary Fox,e,12.79,t,9.48,o,7.98,a,7.65,i,7.17,n,7.13,s,6.5,r,6.2,h,5.3,l,3.79,12.79,7.65,6.5,7.13,7.17,6.2,3.79,9.48,7.98,2.97,3.75,3.2,2.38,2.03,,1.8,1.52,2.48,5.3,,English,,1.84,,1.8,,,,,,,,,,,,,,,,,,,,,,,,,,,,,,,
Mary Graham Bonner,e,12.8,t,9.17,a,8.28,o,7.59,h,6.54,n,6.22,i,6.14,s,5.93,r,5.44,d,4.79,12.8,8.28,5.93,6.22,6.14,5.44,4.56,9.17,7.59,2.88,4.79,2.09,2.41,1.55,,2.11,1.74,1.94,6.54,,English,,2.56,,2.7,,,,,,,,,,,,,,,,,,,,,,,,,,,,,,,
Mary J. Holmes,e,12.58,t,8.47,a,8.42,o,7.26,n,7.23,h,7.17,i,6.59,s,6.26,r,5.82,d,4.86,12.58,8.42,6.26,7.23,6.59,5.82,3.93,8.47,7.26,2.53,4.86,2.24,2.43,1.47,,2.06,1.34,2.01,7.17,,English,,1.98,,2.87,,,,,,,,,,,,,,,,,,,,,,,,,,,,,,,
Mary Jane Holmes,e,12.57,t,8.52,a,8.33,o,7.45,h,7.2,n,7.03,i,6.63,s,6.07,r,5.79,d,4.92,12.57,8.33,6.07,7.03,6.63,5.79,3.87,8.52,7.45,2.51,4.92,2.27,2.56,1.47,,2.01,1.33,2.18,7.2,,English,,1.98,,2.83,,,,,,,,,,,,,,,,,,,,,,,,,,,,,,,
Mary Johnston,e,12.26,a,9.39,t,8.89,o,7.37,n,7.37,i,6.43,h,6.34,s,5.93,r,5.81,d,5.17,12.26,9.39,5.93,7.37,6.43,5.81,3.9,8.89,7.37,2.75,5.17,2.13,2.41,1.51,,2.32,1.48,1.96,6.34,,English,,1.56,,2.78,,,,,,,,,,,,,,,,,,,,,,,,,,,,,,,
Mary L. (Lilian) Read,e,11.76,t,8.27,i,8.02,o,7.7,a,7.57,n,7.2,s,6.92,r,6.56,l,4.7,h,4.33,11.76,7.57,6.92,7.2,8.02,6.56,4.7,8.27,7.7,2.78,3.96,3.57,2.43,2.26,,2.33,1.65,2.43,4.33,,English,,1.84,,1.35,,,,,,,,,,,,,,,,,,,,,,,,,,,,,,,
Mary Lois Kissell,e,12.18,t,9.84,o,7.95,i,7.47,a,7.17,r,7.07,n,6.79,s,5.57,h,4.33,d,3.57,12.18,7.17,5.57,6.79,7.47,7.07,3.48,9.84,7.95,3.03,3.57,3.33,2.37,2.57,,2.5,1.79,2.64,4.33,,English,,1.71,,2.1,,,,,,,,,,,,,,,,,,,,,,,,,,,,,,,
Mary Shelley,e,13.21,t,8.76,a,7.68,o,7.26,i,7.09,n,7.01,s,6.04,r,5.95,h,5.68,d,4.84,13.21,7.68,6.04,7.01,7.09,5.95,3.65,8.76,7.26,2.99,4.84,2.67,3.04,1.76,,1.71,1.44,2.5,5.68,,English,,2.3,,2.21,,,,,,,,,,,,,,,,,,,,,,,,,,,,,,,
Mary W. Shelley,e,13.2,t,8.74,a,7.66,o,7.29,i,7.08,n,7.01,s,6.09,r,5.98,h,5.68,d,4.82,13.2,7.66,6.09,7.01,7.08,5.98,3.65,8.74,7.29,2.99,4.82,2.66,3.04,1.76,,1.73,1.44,2.52,5.68,,English,,2.27,,2.2,,,,,,,,,,,,,,,,,,,,,,,,,,,,,,,
Mary Wollstonecraft Shelley,e,13.24,t,8.74,a,7.68,o,7.25,i,7.06,n,7.0,s,6.08,r,5.99,h,5.67,d,4.84,13.24,7.68,6.08,7.0,7.06,5.99,3.65,8.74,7.25,2.99,4.84,2.66,3.04,1.76,,1.71,1.44,2.5,5.67,,English,,2.27,,2.2,,,,,,,,,,,,,,,,,,,,,,,,,,,,,,,
Mary Wollstonecraft [Godwin],e,12.92,t,9.65,o,7.55,a,7.38,i,7.24,n,7.15,s,6.55,r,6.14,h,5.51,l,3.82,12.92,7.38,6.55,7.15,7.24,6.14,3.82,9.65,7.55,3.05,3.65,2.91,2.67,1.85,,1.61,1.62,2.58,5.51,,English,,1.97,,1.85,,,,,,,,,,,,,,,,,,,,,,,,,,,,,,,
Massachusetts Homoeopathic Medical Society,e,12.85,t,9.66,o,8.19,i,7.35,a,7.06,r,6.58,n,6.41,s,5.82,h,4.3,c,4.21,12.85,7.06,5.82,6.41,7.35,6.58,3.55,9.66,8.19,2.71,3.51,4.21,3.17,2.54,,2.06,1.78,2.47,4.3,,English,,2.09,,1.31,,,,,,,,,,,,,,,,,,,,,,,,,,,,,,,
Matthew Turner,e,12.51,t,10.09,o,7.8,i,7.72,a,7.3,r,6.77,n,6.67,s,5.68,h,4.44,d,3.63,12.51,7.3,5.68,6.67,7.72,6.77,3.61,10.09,7.8,2.91,3.63,3.4,2.4,2.68,,2.05,1.83,2.5,4.44,,English,,1.98,,1.55,,,,,,,,,,,,,,,,,,,,,,,,,,,,,,,
Maurice Le Blanc,e,12.89,t,9.27,a,7.96,o,7.8,h,6.87,n,6.73,i,6.65,s,6.17,r,5.8,d,4.3,12.89,7.96,6.17,6.73,6.65,5.8,3.77,9.27,7.8,2.98,4.3,2.52,2.38,1.66,,1.99,1.48,2.27,6.87,,English,,1.93,,2.28,,,,,,,,,,,,,,,,,,,,,,,,,,,,,,,
Maurice Leblanc,e,13.06,t,9.23,a,7.83,o,7.6,n,6.85,i,6.76,h,6.39,s,6.1,r,5.78,d,4.44,13.06,7.83,6.1,6.85,6.76,5.78,3.96,9.23,7.6,2.99,4.44,2.64,2.64,1.87,,1.83,1.37,2.05,6.39,,English,,1.86,,2.27,,,,,,,,,,,,,,,,,,,,,,,,,,,,,,,
Max Millard,e,12.26,t,8.8,a,8.39,o,7.6,i,7.42,n,6.98,s,6.89,r,6.33,h,5.32,l,3.89,12.26,8.39,6.89,6.98,7.42,6.33,3.89,8.8,7.6,2.51,3.57,2.85,2.64,1.94,,2.07,1.59,2.11,5.32,,English,,2.09,,2.13,,,,,,,,,,,,,,,,,,,,,,,,,,,,,,,
May Agnes Fleming,e,12.1,a,8.15,t,7.97,o,7.62,i,7.1,n,6.74,s,6.41,r,6.34,h,6.04,d,4.86,12.1,8.15,6.41,6.74,7.1,6.34,4.5,7.97,7.62,2.91,4.86,2.15,2.55,1.56,,2.63,1.3,2.17,6.04,,English,,2.22,,2.35,,,,,,,,,,,,,,,,,,,,,,,,,,,,,,,
Michael Fitzgerald,e,12.38,t,9.8,o,7.95,a,7.82,n,6.76,i,6.63,h,6.15,s,6.12,r,6.06,d,3.88,12.38,7.82,6.12,6.76,6.63,6.06,3.61,9.8,7.95,2.75,3.88,2.64,2.49,2.1,,2.1,1.56,2.35,6.15,,English,,2.2,,2.41,,,,,,,,,,,,,,,,,,,,,,,,,,,,,,,
Michel de Montaigne,e,12.27,t,9.66,o,7.97,a,7.84,i,7.34,n,7.14,s,6.66,h,5.9,r,5.82,d,3.8,12.27,7.84,6.66,7.14,7.34,5.82,3.53,9.66,7.97,3.2,3.8,2.62,2.79,1.77,,1.73,1.42,2.45,5.9,,English,,1.84,,1.89,,,,,,,,,,,,,,,,,,,,,,,,,,,,,,,
Miguel de Cervantes Saavedra,e,12.17,t,9.41,a,8.24,o,8.12,h,6.96,n,6.87,i,6.79,s,6.34,r,5.56,d,4.5,12.17,8.24,6.34,6.87,6.79,5.56,3.72,9.41,8.12,2.78,4.5,2.3,2.53,1.47,,1.89,1.42,2.34,6.96,,English,,1.83,,2.26,,,,,,,,,,,,,,,,,,,,,,,,,,,,,,,
Miss Mulock,e,12.48,t,9.11,a,7.66,o,7.57,n,6.66,h,6.55,i,6.41,r,5.9,s,5.63,l,4.84,12.48,7.66,5.63,6.66,6.41,5.9,4.84,9.11,7.57,2.88,4.75,2.41,2.11,1.66,,2.47,1.87,1.92,6.55,,English,,2.2,,2.49,,,,,,,,,,,,,,,,,,,,,,,,,,,,,,,
Moliere,e,11.75,o,8.86,t,8.46,a,7.89,i,7.53,n,6.91,r,6.31,s,6.0,h,4.86,u,4.13,11.75,7.89,6.0,6.91,7.53,6.31,4.05,8.46,8.86,4.13,3.78,2.57,3.46,1.54,,1.91,1.11,1.75,4.86,,English,,2.51,,1.88,,,,,,,,,,,,,,,,,,,,,,,,,,,,,,,
Molière,e,11.73,t,8.95,o,8.44,a,8.15,i,7.29,r,6.58,n,6.36,s,5.98,h,4.93,l,4.17,11.73,8.15,5.98,6.36,7.29,6.58,4.17,8.95,8.44,3.72,3.6,2.6,2.77,1.77,,2.43,1.61,2.01,4.93,,English,,2.51,,1.93,,,,,,,,,,,,,,,,,,,,,,,,,,,,,,,
Moncure Daniel Conway,e,12.71,t,9.1,a,8.01,i,7.35,o,7.22,n,6.93,s,6.81,h,6.51,r,6.08,d,4.14,12.71,8.01,6.81,6.93,7.35,6.08,3.83,9.1,7.22,2.48,4.14,2.64,2.55,1.84,,1.96,1.58,2.45,6.51,,English,,1.58,,1.95,,,,,,,,,,,,,,,,,,,,,,,,,,,,,,,
Montague Glass,e,11.95,t,8.44,a,8.1,o,8.02,i,6.83,n,6.58,s,6.44,r,6.19,h,5.44,d,4.54,11.95,8.1,6.44,6.58,6.83,6.19,4.29,8.44,8.02,3.4,4.54,2.27,3.19,1.52,,2.21,1.58,2.02,5.44,,English,,2.25,,2.32,,,,,,,,,,,,,,,,,,,,,,,,,,,,,,,
Morley Roberts,e,12.14,t,9.37,a,8.28,o,7.1,i,6.91,h,6.86,n,6.62,s,6.03,r,5.46,d,4.99,12.14,8.28,6.03,6.62,6.91,5.46,3.87,9.37,7.1,2.8,4.99,2.16,2.65,,,2.05,1.94,1.92,6.86,,English,1.43,2.08,,2.68,,,,,,,,,,,,,,,,,,,,,,,,,,,,,,,
Mrs. Alex. McVeigh Miller,e,12.85,t,8.13,a,7.83,o,7.39,i,6.65,r,6.64,n,6.14,h,6.05,s,5.76,l,4.95,12.85,7.83,5.76,6.14,6.65,6.64,4.95,8.13,7.39,2.86,4.74,2.4,2.63,1.48,,2.2,1.78,2.11,6.05,,English,,2.54,,2.3,,,,,,,,,,,,,,,,,,,,,,,,,,,,,,,
Mrs. C. N. Williamson,e,12.61,t,8.79,a,7.9,o,7.75,n,6.71,i,6.71,h,6.59,s,6.16,r,5.98,d,4.22,12.61,7.9,6.16,6.71,6.71,5.98,4.09,8.79,7.75,3.08,4.22,2.49,2.61,1.7,,2.02,1.47,2.17,6.59,,English,,2.16,,2.31,,,,,,,,,,,,,,,,,,,,,,,,,,,,,,,
Mrs. G. de Horne Vaizey,e,12.42,t,8.7,a,7.96,o,7.71,i,6.71,n,6.67,s,6.26,h,6.07,r,6.02,d,4.51,12.42,7.96,6.26,6.67,6.71,6.02,4.35,8.7,7.71,2.97,4.51,2.37,2.28,1.93,,2.41,1.47,2.14,6.07,,English,,2.23,,2.44,,,,,,,,,,,,,,,,,,,,,,,,,,,,,,,
Mrs. Gordon Smythies,e,11.99,t,8.54,o,8.02,a,7.68,i,6.97,n,6.72,s,6.57,r,6.08,h,5.92,l,4.37,11.99,7.68,6.57,6.72,6.97,6.08,4.37,8.54,8.02,3.3,3.94,2.21,2.68,1.55,,2.14,1.55,2.22,5.92,,English,,2.84,,2.21,,,,,,,,,,,,,,,,,,,,,,,,,,,,,,,
Mrs. Isabella Beeton,e,12.73,t,9.46,a,7.68,o,7.52,i,6.92,n,6.53,s,6.51,r,6.31,h,5.11,l,4.4,12.73,7.68,6.51,6.53,6.92,6.31,4.4,9.46,7.52,3.08,4.02,2.79,2.47,2.2,,1.91,1.98,2.77,5.11,,English,,1.49,,1.67,,,,,,,,,,,,,,,,,,,,,,,,,,,,,,,
Mrs. Mary Rowlandson,e,12.29,t,9.72,o,7.78,a,7.77,n,7.01,i,6.88,h,6.67,r,5.62,s,5.43,d,4.74,12.29,7.77,5.43,7.01,6.88,5.62,3.31,9.72,7.78,2.79,4.74,2.2,3.21,1.52,,2.36,1.55,2.03,6.67,,English,,2.1,,2.88,,,,,,,,,,,,,,,,,,,,,,,,,,,,,,,
Mrs. William T. Savage,e,12.76,t,8.81,a,7.7,o,7.55,n,7.15,i,6.93,r,6.25,h,6.19,s,6.18,d,4.45,12.76,7.7,6.18,7.15,6.93,6.25,3.8,8.81,7.55,2.81,4.45,2.59,2.78,1.77,,2.06,1.49,2.34,6.19,,English,,1.93,,2.12,,,,,,,,,,,,,,,,,,,,,,,,,,,,,,,
Murasaki,e,12.97,t,9.21,a,7.69,o,7.43,h,7.08,n,6.76,i,6.71,s,6.51,r,5.66,d,4.34,12.97,7.69,6.51,6.76,6.71,5.66,3.79,9.21,7.43,2.9,4.34,2.32,2.49,1.62,,2.22,1.45,2.04,7.08,,English,,1.85,,2.52,,,,,,,,,,,,,,,,,,,,,,,,,,,,,,,
Muḥammad ibn ʻUmar Tūnisī,e,12.94,t,9.16,a,8.53,o,7.43,n,6.65,i,6.48,s,6.46,h,6.36,r,6.28,d,4.41,12.94,8.53,6.46,6.65,6.48,6.28,3.55,9.16,7.43,2.77,4.41,2.5,2.57,1.79,,1.78,1.51,2.63,6.36,,English,,1.69,,2.09,,,,,,,,,,,,,,,,,,,,,,,,,,,,,,,
Nahum Sokolow,e,12.42,t,9.06,i,8.37,a,7.83,o,7.58,n,7.4,s,6.64,r,6.05,h,5.53,l,3.94,12.42,7.83,6.64,7.4,8.37,6.05,3.94,9.06,7.58,2.44,3.64,2.86,2.41,2.09,,1.56,1.53,2.45,5.53,,English,,1.43,,1.87,,,,,,,,,,,,,,,,,,,,,,,,,,,,,,,
Nathaniel C. Fowler,e,12.04,t,9.03,a,8.3,o,7.66,i,7.4,n,7.1,s,6.62,r,6.37,h,4.57,l,4.21,12.04,8.3,6.62,7.1,7.4,6.37,4.21,9.03,7.66,2.87,3.71,3.46,2.61,2.22,,1.93,1.84,2.34,4.57,,English,,1.75,,1.63,,,,,,,,,,,,,,,,,,,,,,,,,,,,,,,
Nathaniel Hawthorne,e,12.83,t,9.17,a,7.77,o,7.39,i,6.89,n,6.66,h,6.59,s,6.29,r,6.12,d,4.2,12.83,7.77,6.29,6.66,6.89,6.12,4.1,9.17,7.39,2.72,4.2,2.58,2.57,1.87,,1.97,1.58,2.52,6.59,,English,,1.75,,2.29,,,,,,,,,,,,,,,,,,,,,,,,,,,,,,,
Nathaniel W. Stephenson,e,12.59,t,9.94,o,7.93,a,7.7,n,7.4,i,7.27,s,6.45,r,6.08,h,5.63,l,3.84,12.59,7.7,6.45,7.4,7.27,6.08,3.84,9.94,7.93,2.57,3.71,3.19,2.4,2.14,,1.72,1.42,2.47,5.63,,English,,1.56,,2.05,,,,,,,,,,,,,,,,,,,,,,,,,,,,,,,
Natt Noyes Dodge,e,11.56,t,8.32,a,8.31,o,8.02,s,7.24,i,7.09,r,6.93,n,6.76,l,5.09,h,3.73,11.56,8.31,7.24,6.76,7.09,6.93,5.09,8.32,8.02,3.12,3.38,3.38,2.67,2.39,,2.08,1.69,2.48,3.73,,English,,1.73,,1.73,,,,,,,,,,,,,,,,,,,,,,,,,,,,,,,
Nephi Anderson,e,13.04,t,9.25,o,7.69,a,7.67,h,6.85,n,6.74,i,6.64,s,6.17,r,6.12,d,4.4,13.04,7.67,6.17,6.74,6.64,6.12,3.96,9.25,7.69,2.84,4.4,2.21,2.42,1.66,,2.15,1.42,2.17,6.85,,English,,1.91,,2.55,,,,,,,,,,,,,,,,,,,,,,,,,,,,,,,
Nesta H. Webster,e,12.75,t,9.51,a,7.7,i,7.66,o,7.54,n,6.91,s,6.79,r,6.41,h,5.63,l,3.78,12.75,7.7,6.79,6.91,7.66,6.41,3.78,9.51,7.54,2.49,3.72,3.19,2.58,1.93,,1.71,1.57,2.45,5.63,,English,,1.61,,1.73,,,,,,,,,,,,,,,,,,,,,,,,,,,,,,,
Nicholas Culpeper,e,12.49,t,8.71,o,7.73,a,7.69,s,7.09,n,6.78,i,6.75,r,6.29,h,5.52,l,4.51,12.49,7.69,7.09,6.78,6.75,6.29,4.51,8.71,7.73,2.9,4.19,2.75,2.45,2.15,,2.03,1.66,2.5,5.52,,English,,1.68,,1.86,,,,,,,,,,,,,,,,,,,,,,,,,,,,,,,
Nicolo Machiavelli,e,12.89,t,9.34,o,7.84,a,7.6,i,7.41,n,7.04,h,6.43,s,6.1,r,5.95,d,4.07,12.89,7.6,6.1,7.04,7.41,5.95,3.48,9.34,7.84,2.73,4.07,3.17,2.39,1.79,,1.72,1.57,2.47,6.43,,English,,1.78,,2.04,,,,,,,,,,,,,,,,,,,,,,,,,,,,,,,
Nikolai Vasilievich Gogol,e,12.34,t,9.09,o,7.9,a,7.9,i,6.93,n,6.81,h,6.62,s,6.28,r,5.77,d,4.3,12.34,7.9,6.28,6.81,6.93,5.77,3.9,9.09,7.9,2.85,4.3,2.75,2.3,1.77,,1.94,1.44,2.31,6.62,,English,,1.84,,2.18,,,,,,,,,,,,,,,,,,,,,,,,,,,,,,,
Nikolay Rimsky-Korsakov,e,11.85,t,9.09,o,8.6,s,7.41,i,7.39,n,7.33,a,7.07,r,6.65,h,4.5,l,4.01,11.85,7.07,7.41,7.33,7.39,6.65,4.01,9.09,8.6,2.65,3.66,3.59,2.66,2.29,,1.84,1.79,2.51,4.5,,English,,1.34,,1.26,,,,,,,,,,,,,,,,,,,,,,,,,,,,,,,
Norman Duncan,e,12.23,t,9.82,a,8.1,o,7.28,h,7.03,i,6.7,n,6.21,s,5.77,r,5.51,d,4.51,12.23,8.1,5.77,6.21,6.7,5.51,4.23,9.82,7.28,2.67,4.51,2.53,2.07,1.88,,2.16,1.96,2.41,7.03,,English,,1.84,,2.77,,,,,,,,,,,,,,,,,,,,,,,,,,,,,,,
O. Henry,e,12.07,t,9.69,o,8.34,a,7.16,i,7.0,r,6.82,n,6.58,s,5.36,h,4.52,d,3.95,12.07,7.16,5.36,6.58,7.0,6.82,3.71,9.69,8.34,3.09,3.95,3.33,2.41,2.4,,2.48,1.68,2.35,4.52,,English,,2.28,,2.15,,,,,,,,,,,,,,,,,,,,,,,,,,,,,,,
Office of Strategic Services,e,11.81,t,9.34,o,8.04,a,7.76,i,7.59,n,6.99,r,6.72,s,6.3,l,4.28,h,3.78,11.81,7.76,6.3,6.99,7.59,6.72,4.28,9.34,8.04,3.18,3.33,3.57,2.4,2.45,,2.37,1.87,2.23,3.78,,English,,1.92,,1.8,,,,,,,,,,,,,,,,,,,,,,,,,,,,,,,
Olaudah Equiano,e,12.89,t,9.1,a,8.04,o,7.67,n,7.02,i,6.82,s,6.07,h,5.95,r,5.94,d,4.56,12.89,8.04,6.07,7.02,6.82,5.94,3.52,9.1,7.67,2.6,4.56,2.38,3.08,1.75,,2.05,1.41,2.41,5.95,,English,,1.89,,2.57,,,,,,,,,,,,,,,,,,,,,,,,,,,,,,,
Oliver Goldsmith,e,11.72,t,8.75,o,8.1,a,7.94,s,6.74,i,6.66,n,6.46,r,6.33,h,5.33,l,4.36,11.72,7.94,6.74,6.46,6.66,6.33,4.36,8.75,8.1,3.45,3.65,2.62,3.41,1.64,,1.96,1.5,2.03,5.33,,English,,2.88,,2.04,,,,,,,,,,,,,,,,,,,,,,,,,,,,,,,
Oliver Optic,e,12.94,t,9.62,a,8.29,o,7.52,i,6.71,n,6.7,h,6.49,s,6.09,r,6.05,d,4.46,12.94,8.29,6.09,6.7,6.71,6.05,3.71,9.62,7.52,2.68,4.46,2.58,2.52,1.83,,1.87,1.58,2.33,6.49,,English,,1.77,,2.02,,,,,,,,,,,,,,,,,,,,,,,,,,,,,,,
"Oliver Wendell Holmes, Jr",e,12.66,t,10.12,a,7.98,o,7.51,i,7.35,n,7.2,s,6.71,r,5.74,h,5.65,l,3.72,12.66,7.98,6.71,7.2,7.35,5.74,3.72,10.12,7.51,2.57,3.65,3.47,2.18,1.93,,1.61,1.78,2.53,5.65,,English,,1.5,,2.02,,,,,,,,,,,,,,,,,,,,,,,,,,,,,,,
"Oliver Wendell Holmes, Sr",e,11.87,t,9.64,o,8.33,a,7.14,r,6.98,n,6.84,i,6.82,s,5.73,h,4.83,l,4.0,11.87,7.14,5.73,6.84,6.82,6.98,4.0,9.64,8.33,3.22,3.98,3.08,2.2,2.26,,2.34,1.79,2.36,4.83,,English,,2.02,,2.1,,,,,,,,,,,,,,,,,,,,,,,,,,,,,,,
Omar Khayyam,e,11.92,t,9.11,o,7.94,a,7.7,i,7.24,n,6.87,r,6.38,s,6.12,h,5.64,d,4.03,11.92,7.7,6.12,6.87,7.24,6.38,3.99,9.11,7.94,2.97,4.03,2.49,2.54,2.02,,1.9,1.49,2.41,5.64,,English,,1.88,,2.27,,,,,,,,,,,,,,,,,,,,,,,,,,,,,,,
Orson Pratt,e,12.43,t,10.28,i,8.1,o,7.68,a,7.6,s,7.19,n,7.06,r,5.9,h,5.13,l,3.66,12.43,7.6,7.19,7.06,8.1,5.9,3.66,10.28,7.68,2.69,3.23,3.04,2.62,2.17,,1.54,1.84,2.56,5.13,,English,,1.74,,1.59,,,,,,,,,,,,,,,,,,,,,,,,,,,,,,,
Oscar Wilde,e,12.11,t,8.83,o,8.03,a,7.8,i,7.0,n,6.64,r,6.42,s,6.06,h,5.82,l,4.5,12.11,7.8,6.06,6.64,7.0,6.42,4.5,8.83,8.03,2.88,4.17,2.44,2.67,1.66,,2.16,1.51,2.09,5.82,,English,,2.43,,2.36,,,,,,,,,,,,,,,,,,,,,,,,,,,,,,,
Ovid,e,13.35,t,9.47,o,8.36,a,7.23,s,6.91,i,6.44,h,6.31,n,6.31,r,6.07,l,3.76,13.35,7.23,6.91,6.31,6.44,6.07,3.76,9.47,8.36,3.07,3.63,2.48,2.4,1.81,,1.69,1.72,2.48,6.31,,English,,1.98,,2.12,,,,,,,,,,,,,,,,,,,,,,,,,,,,,,,
Owen Rowe O'Neil,e,12.64,t,9.42,a,8.4,o,7.5,n,6.77,i,6.73,h,6.18,s,6.07,r,5.52,d,4.61,12.64,8.4,6.07,6.77,6.73,5.52,3.81,9.42,7.5,3.02,4.61,2.2,2.59,1.41,,2.02,1.73,2.13,6.18,,English,,1.73,,2.81,,,,,,,,,,,,,,,,,,,,,,,,,,,,,,,
P. G. Wodehouse,e,11.93,t,9.62,o,7.95,a,7.92,i,7.41,n,6.54,s,6.13,h,5.87,r,5.15,d,4.25,11.93,7.92,6.13,6.54,7.41,5.15,4.07,9.62,7.95,3.09,4.25,2.27,2.56,1.71,,2.45,1.72,2.05,5.87,,English,,2.33,,2.36,,,,,,,,,,,,,,,,,,,,,,,,,,,,,,,
P. T. Barnum,e,12.16,t,9.21,o,8.07,a,7.7,n,7.26,i,7.15,s,6.38,r,6.01,h,5.26,l,3.94,12.16,7.7,6.38,7.26,7.15,6.01,3.94,9.21,8.07,3.26,3.74,2.82,2.45,2.09,,2.02,1.54,2.19,5.26,,English,,2.39,,1.92,,,,,,,,,,,,,,,,,,,,,,,,,,,,,,,
Paramhansa Yogananda,e,12.12,a,8.45,t,8.43,i,7.85,o,7.15,n,6.88,s,6.79,r,6.24,h,5.26,l,4.26,12.12,8.45,6.79,6.88,7.85,6.24,4.26,8.43,7.15,2.91,3.95,2.66,2.88,1.75,,2.08,1.46,2.39,5.26,,English,,2.3,,1.86,,,,,,,,,,,,,,,,,,,,,,,,,,,,,,,
Patrick Chalmers,e,12.44,t,9.36,o,7.9,a,7.5,i,7.0,n,6.82,s,6.45,r,6.39,h,5.24,l,3.96,12.44,7.5,6.45,6.82,7.0,6.39,3.96,9.36,7.9,2.53,3.63,3.17,3.04,3.09,,1.75,1.57,2.63,5.24,,English,,1.72,,1.64,,,,,,,,,,,,,,,,,,,,,,,,,,,,,,,
Patrick Russell,e,11.99,t,10.08,o,8.22,i,7.31,a,7.23,n,7.16,r,6.64,s,6.02,h,5.38,l,3.64,11.99,7.23,6.02,7.16,7.31,6.64,3.64,10.08,8.22,2.72,3.44,3.12,2.44,2.24,,2.35,1.54,2.44,5.38,,English,,1.99,,1.64,,,,,,,,,,,,,,,,,,,,,,,,,,,,,,,
Paul M. A. Linebarger,e,11.98,t,8.99,a,8.59,o,7.83,i,7.77,n,7.24,r,6.41,s,6.33,h,4.61,l,4.0,11.98,8.59,6.33,7.24,7.77,6.41,4.0,8.99,7.83,2.51,3.51,3.46,2.63,2.73,,2.04,1.32,2.53,4.61,,English,,1.63,,1.77,,,,,,,,,,,,,,,,,,,,,,,,,,,,,,,
Paul P. de La Gironi__re,e,12.68,t,9.13,a,8.2,o,7.57,i,7.03,n,6.81,s,6.24,r,5.93,h,5.82,d,4.45,12.68,8.2,6.24,6.81,7.03,5.93,3.7,9.13,7.57,2.88,4.45,2.58,2.78,1.84,,1.9,1.41,2.52,5.82,,English,,1.91,,2.31,,,,,,,,,,,,,,,,,,,,,,,,,,,,,,,
Pedro Calderon de la Barca,e,11.22,t,8.77,o,8.51,a,7.54,i,6.91,n,6.72,s,6.48,r,6.25,h,5.61,l,4.43,11.22,7.54,6.48,6.72,6.91,6.25,4.43,8.77,8.51,3.22,3.84,2.64,2.74,1.75,,2.21,1.52,2.45,5.61,,English,,2.38,,2.54,,,,,,,,,,,,,,,,,,,,,,,,,,,,,,,
Pedro Sancho,e,12.28,t,9.6,a,8.74,o,7.59,h,7.12,n,6.74,i,6.74,r,6.0,s,5.76,d,4.51,12.28,8.74,5.76,6.74,6.74,6.0,3.3,9.6,7.59,2.56,4.51,3.11,2.41,1.73,,1.93,1.33,2.21,7.12,,English,,1.66,,2.26,,,,,,,,,,,,,,,,,,,,,,,,,,,,,,,
Peninsular and Oriental Steam Navigation Company,,,,,,,,,,,,,,,,,,,,,,,,,,,,,,,,,,,,,,,,,English,,,,,,,,,,,,,,,,,,,,,,,,,,,,,,,,,,,
Percy Bysshe Shelley,e,12.75,t,9.81,i,8.04,o,7.82,n,7.22,a,7.22,s,6.65,r,5.94,h,5.56,d,3.55,12.75,7.22,6.65,7.22,8.04,5.94,3.46,9.81,7.82,2.81,3.55,3.48,2.47,2.26,,1.66,1.42,2.65,5.56,,English,,1.47,,1.74,,,,,,,,,,,,,,,,,,,,,,,,,,,,,,,
Percy F. Westerman,e,12.82,t,9.31,a,7.7,o,7.4,n,6.8,i,6.68,r,6.25,s,5.89,h,5.84,d,4.23,12.82,7.7,5.89,6.8,6.68,6.25,4.05,9.31,7.4,2.98,4.23,2.58,2.37,2.06,,2.32,1.7,2.54,5.84,,English,,1.69,,2.17,,,,,,,,,,,,,,,,,,,,,,,,,,,,,,,
Percy Greg,e,13.23,t,9.18,a,7.79,o,7.61,n,6.85,i,6.76,r,6.3,s,6.19,h,5.76,d,4.08,13.23,7.79,6.19,6.85,6.76,6.3,4.0,9.18,7.61,2.99,4.08,2.96,2.54,1.85,,1.69,1.43,2.53,5.76,,English,,1.94,,2.01,,,,,,,,,,,,,,,,,,,,,,,,,,,,,,,
Peter Baily,e,11.89,t,9.79,o,8.03,a,7.23,i,7.11,n,6.73,r,6.44,s,5.34,h,4.64,l,3.91,11.89,7.23,5.34,6.73,7.11,6.44,3.91,9.79,8.03,3.35,3.69,3.4,2.32,2.39,,2.52,1.74,2.36,4.64,,English,,2.09,,2.35,,,,,,,,,,,,,,,,,,,,,,,,,,,,,,,
Peter C. Welsh,e,11.93,t,9.28,o,7.8,a,7.73,i,7.52,n,7.34,r,6.59,s,6.22,h,4.54,l,4.35,11.93,7.73,6.22,7.34,7.52,6.59,4.35,9.28,7.8,2.79,3.85,3.63,2.35,2.55,,2.1,1.59,2.51,4.54,,English,,1.47,,1.5,,,,,,,,,,,,,,,,,,,,,,,,,,,,,,,
Peter Mark Roget,e,11.39,a,7.96,o,7.9,t,7.79,i,7.46,n,7.21,r,6.73,s,6.6,l,4.63,c,4.61,11.39,7.96,6.6,7.21,7.46,6.73,4.63,7.79,7.9,3.54,3.53,4.61,2.54,2.8,1.29,2.19,2.43,2.05,2.9,,English,,1.48,,,,,,,,,,,,,,,,,,,,,,,,,,,,,,,,,
Petronius Arbiter,e,12.49,t,9.16,a,7.79,o,7.67,i,6.89,n,6.71,s,6.53,h,6.26,r,5.97,d,4.18,12.49,7.79,6.53,6.71,6.89,5.97,3.92,9.16,7.67,3.16,4.18,2.63,2.51,1.92,,1.95,1.51,2.35,6.26,,English,,1.94,,2.25,,,,,,,,,,,,,,,,,,,,,,,,,,,,,,,
Philip Gibbs,e,12.27,t,8.89,a,8.38,o,7.49,i,7.1,n,7.07,s,6.2,r,6.12,h,5.83,d,4.57,12.27,8.38,6.2,7.07,7.1,6.12,3.98,8.89,7.49,2.54,4.57,2.57,2.52,1.82,,2.14,1.48,2.54,5.83,,English,,1.77,,2.54,,,,,,,,,,,,,,,,,,,,,,,,,,,,,,,
Philip Kindred Dick,e,12.27,t,9.25,o,7.52,a,7.31,i,7.14,n,6.63,r,6.25,s,6.13,h,5.62,d,4.47,12.27,7.31,6.13,6.63,7.14,6.25,3.7,9.25,7.52,3.11,4.47,2.95,2.35,1.98,,2.49,1.64,2.02,5.62,,English,,2.12,,2.39,,,,,,,,,,,,,,,,,,,,,,,,,,,,,,,
Philip Sidney,e,12.65,t,9.15,o,7.7,a,7.22,h,7.18,i,6.82,s,6.6,n,6.51,r,5.73,d,4.01,12.65,7.22,6.6,6.51,6.82,5.73,3.89,9.15,7.7,3.19,4.01,2.39,2.67,1.6,,2.02,1.61,2.47,7.18,,English,,1.98,,2.44,,,,,,,,,,,,,,,,,,,,,,,,,,,,,,,
Phillips Brooks,e,12.4,t,10.2,i,7.78,o,7.71,a,7.18,h,7.11,n,6.93,s,6.4,r,5.36,l,3.82,12.4,7.18,6.4,6.93,7.78,5.36,3.82,10.2,7.71,2.74,3.56,2.41,2.56,1.53,,1.86,1.43,2.66,7.11,,English,,1.92,,2.38,,,,,,,,,,,,,,,,,,,,,,,,,,,,,,,
Phillips Morris,e,12.38,t,9.22,a,8.25,o,7.86,n,7.22,i,6.91,r,6.72,s,6.62,h,5.23,l,4.18,12.38,8.25,6.62,7.22,6.91,6.72,4.18,9.22,7.86,2.76,3.75,2.95,2.31,1.91,,1.92,1.55,2.41,5.23,,English,,1.89,,1.77,,,,,,,,,,,,,,,,,,,,,,,,,,,,,,,
Pierre Bayle,e,12.65,t,8.75,o,8.14,a,7.54,i,7.08,s,6.62,n,6.44,r,6.05,h,5.86,l,3.94,12.65,7.54,6.62,6.44,7.08,6.05,3.94,8.75,8.14,3.37,3.84,2.52,2.83,1.83,,1.73,1.55,2.51,5.86,,English,,2.38,,2.09,,,,,,,,,,,,,,,,,,,,,,,,,,,,,,,
Plato,e,12.81,t,9.45,a,7.94,o,7.8,i,7.18,n,7.07,s,6.5,h,6.43,r,5.85,l,3.8,12.81,7.94,6.5,7.07,7.18,5.85,3.8,9.45,7.8,2.82,3.75,2.67,2.39,1.78,,1.78,1.52,2.4,6.43,,English,,1.92,,2.1,,,,,,,,,,,,,,,,,,,,,,,,,,,,,,,
Pliny the Elder,e,12.36,t,9.68,a,8.37,i,7.77,o,7.55,n,7.01,s,6.93,r,6.08,h,5.77,l,3.63,12.36,8.37,6.93,7.01,7.77,6.08,3.63,9.68,7.55,2.73,3.3,3.05,2.62,2.07,,1.42,1.61,2.49,5.77,,English,,1.49,,1.65,,,,,,,,,,,,,,,,,,,,,,,,,,,,,,,
Plutarch,e,12.52,t,9.24,a,8.04,o,7.65,i,7.1,n,6.97,s,6.92,h,6.2,r,5.87,d,4.2,12.52,8.04,6.92,6.97,7.1,5.87,3.61,9.24,7.65,2.93,4.2,2.49,2.49,1.89,,1.87,1.58,2.42,6.2,,English,,1.78,,2.02,,,,,,,,,,,,,,,,,,,,,,,,,,,,,,,
Prosper M__rim__e,e,12.54,t,8.99,a,7.97,o,7.89,i,6.95,n,6.49,h,6.36,s,6.24,r,5.68,d,4.5,12.54,7.97,6.24,6.49,6.95,5.68,4.06,8.99,7.89,3.03,4.5,2.56,2.66,1.7,,1.96,1.48,2.22,6.36,,English,,1.91,,2.32,,,,,,,,,,,,,,,,,,,,,,,,,,,,,,,
Publius Ovidius Naso,e,12.84,t,9.31,a,7.73,o,7.66,h,7.1,s,7.07,n,6.77,i,6.69,r,6.14,d,4.13,12.84,7.73,7.07,6.77,6.69,6.14,3.2,9.31,7.66,2.62,4.13,2.42,2.3,1.8,,1.93,1.56,2.61,7.1,,English,,1.58,,2.07,,,,,,,,,,,,,,,,,,,,,,,,,,,,,,,
Queen Victoria,e,12.79,t,9.29,o,8.0,a,7.49,n,6.95,i,6.79,r,6.31,s,6.04,h,5.49,l,4.07,12.79,7.49,6.04,6.95,6.79,6.31,4.07,9.29,8.0,3.25,3.96,2.8,2.62,1.9,,1.79,1.66,2.26,5.49,,English,,2.2,,1.74,,,,,,,,,,,,,,,,,,,,,,,,,,,,,,,
R. A. Torrey,e,12.34,t,10.3,i,8.03,o,7.65,h,7.19,a,6.92,s,6.57,n,6.43,r,5.71,l,3.68,12.34,6.92,6.57,6.43,8.03,5.71,3.68,10.3,7.65,2.58,3.62,2.23,2.1,2.16,,1.87,1.36,2.33,7.19,,English,,2.07,,2.43,,,,,,,,,,,,,,,,,,,,,,,,,,,,,,,
R. Austin Freeman,e,12.63,t,9.67,a,7.97,o,7.51,n,6.8,i,6.7,h,6.3,s,5.94,r,5.64,d,4.73,12.63,7.97,5.94,6.8,6.7,5.64,3.9,9.67,7.51,2.83,4.73,2.65,2.28,2.11,,1.94,1.56,2.21,6.3,,English,,1.93,,2.23,,,,,,,,,,,,,,,,,,,,,,,,,,,,,,,
R. H. Tawney,e,11.92,t,9.91,i,8.5,o,8.05,a,7.12,n,7.1,s,6.61,r,6.31,h,5.23,c,3.64,11.92,7.12,6.61,7.1,8.5,6.31,3.48,9.91,8.05,2.7,3.43,3.64,2.35,2.41,,1.53,1.53,2.61,5.23,,English,,1.8,,1.73,,,,,,,,,,,,,,,,,,,,,,,,,,,,,,,
Rabindranath Tagore,e,12.19,t,9.14,a,7.95,o,7.8,i,7.02,n,6.87,s,6.1,h,6.07,r,5.94,d,4.24,12.19,7.95,6.1,6.87,7.02,5.94,3.87,9.14,7.8,2.94,4.24,2.38,2.81,1.68,,2.2,1.58,2.4,6.07,,English,,2.19,,2.38,,,,,,,,,,,,,,,,,,,,,,,,,,,,,,,
Rafael Sabatini,e,12.65,t,9.03,a,8.04,o,7.61,i,7.07,n,6.62,h,6.36,s,6.17,r,5.67,d,4.42,12.65,8.04,6.17,6.62,7.07,5.67,4.13,9.03,7.61,3.34,4.42,2.55,2.79,1.72,,1.83,1.44,2.25,6.36,,English,,2.08,,2.08,,,,,,,,,,,,,,,,,,,,,,,,,,,,,,,
Rainer Maria Rilke,e,12.2,t,9.24,o,7.96,i,7.47,a,7.16,n,6.89,s,6.48,r,6.37,h,5.55,l,4.13,12.2,7.16,6.48,6.89,7.47,6.37,4.13,9.24,7.96,2.79,3.72,2.64,2.67,1.99,,2.43,1.43,2.5,5.55,,English,,1.91,,2.09,,,,,,,,,,,,,,,,,,,,,,,,,,,,,,,
Ralph Henry Barbour,e,12.52,t,9.94,a,8.2,o,7.52,n,6.68,h,6.1,i,6.08,s,5.88,r,5.75,d,4.58,12.52,8.2,5.88,6.68,6.08,5.75,4.24,9.94,7.52,3.01,4.58,2.38,2.17,1.72,,2.28,1.59,2.23,6.1,,English,,2.17,,2.51,,,,,,,,,,,,,,,,,,,,,,,,,,,,,,,
Ralph Waldo Emerson,e,12.62,t,9.62,o,8.03,a,7.72,n,7.25,i,7.23,s,6.91,r,6.03,h,5.75,l,3.83,12.62,7.72,6.91,7.25,7.23,6.03,3.83,9.62,8.03,2.75,3.53,2.87,2.45,1.89,,1.73,1.38,2.66,5.75,,English,,1.72,,1.94,,,,,,,,,,,,,,,,,,,,,,,,,,,,,,,
Rebecca Harding Davis,e,12.27,t,9.24,o,7.92,a,7.28,i,6.87,h,6.72,n,6.6,r,5.98,s,5.9,l,4.25,12.27,7.28,5.9,6.6,6.87,5.98,4.25,9.24,7.92,2.84,4.14,2.53,2.43,1.74,,2.52,1.46,2.36,6.72,,English,,2.03,,2.52,,,,,,,,,,,,,,,,,,,,,,,,,,,,,,,
Rembrandt Peale,e,13.13,t,9.83,o,7.96,a,7.42,n,7.21,i,6.71,r,6.46,s,5.75,h,5.62,d,3.49,13.13,7.42,5.75,7.21,6.71,6.46,3.3,9.83,7.96,2.85,3.49,3.08,2.49,2.19,,2.03,1.8,2.82,5.62,,English,,1.54,,1.96,,,,,,,,,,,,,,,,,,,,,,,,,,,,,,,
René Descartes,e,12.57,t,10.29,o,7.88,i,7.44,a,7.34,n,6.93,s,6.24,h,6.03,r,5.89,d,3.68,12.57,7.34,6.24,6.93,7.44,5.89,3.37,10.29,7.88,2.79,3.68,3.25,2.66,1.88,,1.76,1.53,2.54,6.03,,English,,1.86,,1.87,,,,,,,,,,,,,,,,,,,,,,,,,,,,,,,
Return Ira Holcombe,e,12.44,t,9.19,a,7.79,o,7.77,n,7.38,r,6.73,i,6.39,s,6.07,h,5.02,d,4.62,12.44,7.79,6.07,7.38,6.39,6.73,3.96,9.19,7.77,2.61,4.62,3.16,2.6,1.88,,2.29,1.49,2.79,5.02,,English,,1.81,,1.97,,,,,,,,,,,,,,,,,,,,,,,,,,,,,,,
Rev. John Prichard,e,12.98,t,9.22,o,7.83,a,7.13,r,7.07,n,6.89,i,6.79,s,5.74,h,4.94,l,3.98,12.98,7.13,5.74,6.89,6.79,7.07,3.98,9.22,7.83,2.87,3.98,3.29,2.36,2.22,,2.22,1.71,2.46,4.94,,English,,2.1,,1.93,,,,,,,,,,,,,,,,,,,,,,,,,,,,,,,
Rev. T. De Witt Talmage,e,12.12,t,9.45,o,7.92,a,7.74,n,7.0,i,6.75,s,6.44,h,6.28,r,6.05,l,4.1,12.12,7.74,6.44,7.0,6.75,6.05,4.1,9.45,7.92,3.03,3.87,2.65,2.42,1.85,,2.12,1.52,2.43,6.28,,English,,1.94,,2.13,,,,,,,,,,,,,,,,,,,,,,,,,,,,,,,
Rev. T. M. Eddy,e,12.42,t,9.51,o,7.7,i,7.49,a,7.32,n,7.09,r,6.52,s,6.06,h,5.04,d,3.92,12.42,7.32,6.06,7.09,7.49,6.52,3.87,9.51,7.7,2.97,3.92,3.15,2.58,2.16,,2.05,1.68,2.34,5.04,,English,,1.94,,1.92,,,,,,,,,,,,,,,,,,,,,,,,,,,,,,,
Richard Brinsley Sheridan,e,12.79,t,8.25,o,7.76,a,7.72,r,7.29,i,6.9,s,6.63,n,6.14,h,5.0,l,4.52,12.79,7.72,6.63,6.14,6.9,7.29,4.52,8.25,7.76,3.5,3.52,2.59,2.82,1.91,,1.54,1.52,2.0,5.0,,English,,2.86,,2.11,,,,,,,,,,,,,,,,,,,,,,,,,,,,,,,
Richard C. Fox,e,12.23,t,9.92,o,8.22,a,7.6,r,7.19,i,7.16,n,6.55,s,6.1,h,4.49,l,3.98,12.23,7.6,6.1,6.55,7.16,7.19,3.98,9.92,8.22,2.85,3.83,3.52,2.56,2.76,,1.96,1.45,2.66,4.49,,English,,1.41,,1.28,,,,,,,,,,,,,,,,,,,,,,,,,,,,,,,
Richard Carlile,e,12.0,t,9.82,o,7.94,a,7.69,i,7.57,n,7.24,s,6.46,r,5.99,h,5.44,d,3.67,12.0,7.69,6.46,7.24,7.57,5.99,3.55,9.82,7.94,3.01,3.67,3.4,2.75,2.27,,1.69,1.53,2.56,5.44,,English,,1.72,,1.62,,,,,,,,,,,,,,,,,,,,,,,,,,,,,,,
Richard F. Burton,e,12.41,t,8.83,a,8.61,h,7.32,n,7.2,o,6.93,i,6.69,s,6.14,r,5.65,d,4.95,12.41,8.61,6.14,7.2,6.69,5.65,3.88,8.83,6.93,2.53,4.95,2.14,2.68,1.56,,1.89,1.55,2.45,7.32,,English,,1.87,,2.41,,,,,,,,,,,,,,,,,,,,,,,,,,,,,,,
Richard Folkard,e,12.86,t,8.95,a,8.0,o,7.27,s,6.98,i,6.83,n,6.66,r,6.51,h,6.07,l,4.13,12.86,8.0,6.98,6.66,6.83,6.51,4.13,8.95,7.27,2.61,4.11,2.79,2.35,2.02,,1.91,1.65,2.59,6.07,,English,,1.55,,1.99,,,,,,,,,,,,,,,,,,,,,,,,,,,,,,,
Richard Harding Davis,e,12.22,t,9.34,a,8.52,o,7.75,n,7.06,i,6.85,s,6.08,h,6.0,r,5.98,d,4.35,12.22,8.52,6.08,7.06,6.85,5.98,3.89,9.34,7.75,2.67,4.35,2.53,2.42,1.7,,2.07,1.51,2.2,6.0,,English,,2.01,,2.48,,,,,,,,,,,,,,,,,,,,,,,,,,,,,,,
Richard Henry Stoddard,e,11.88,t,9.69,o,8.64,r,7.24,a,6.99,i,6.75,n,6.74,s,5.37,h,4.41,d,3.78,11.88,6.99,5.37,6.74,6.75,7.24,3.54,9.69,8.64,3.28,3.78,3.56,2.45,2.54,,2.43,1.85,2.44,4.41,,English,,2.02,,2.08,,,,,,,,,,,,,,,,,,,,,,,,,,,,,,,
Richard Johnson,e,11.99,t,8.93,o,8.53,a,7.32,i,7.11,n,6.99,r,6.36,s,6.09,h,5.26,d,4.12,11.99,7.32,6.09,6.99,7.11,6.36,3.72,8.93,8.53,3.36,4.12,2.78,2.36,2.14,,1.96,1.65,2.46,5.26,,English,,2.53,,1.9,,,,,,,,,,,,,,,,,,,,,,,,,,,,,,,
Richard M. Russell,e,12.86,t,9.95,o,7.93,a,7.73,r,7.19,n,6.92,i,6.59,s,5.54,h,5.08,d,4.13,12.86,7.73,5.54,6.92,6.59,7.19,3.6,9.95,7.93,2.8,4.13,2.76,2.31,1.82,,2.15,1.69,2.48,5.08,,English,,1.75,,2.4,,,,,,,,,,,,,,,,,,,,,,,,,,,,,,,
Richard Sadleir,e,13.04,t,9.33,a,7.93,o,7.46,n,7.12,i,7.02,r,6.26,s,6.23,h,5.74,d,4.0,13.04,7.93,6.23,7.12,7.02,6.26,3.67,9.33,7.46,2.59,4.0,2.9,2.47,1.89,,1.99,1.77,2.33,5.74,,English,,1.75,,2.03,,,,,,,,,,,,,,,,,,,,,,,,,,,,,,,
Richard Wagner,e,12.6,t,9.19,a,7.78,o,7.47,i,7.35,n,6.85,r,6.11,s,6.1,h,5.84,d,4.22,12.6,7.78,6.1,6.85,7.35,6.11,3.73,9.19,7.47,2.78,4.22,3.05,2.99,1.93,,1.86,1.34,2.57,5.84,,English,,1.98,,2.14,,,,,,,,,,,,,,,,,,,,,,,,,,,,,,,
Richmal Crompton,e,11.94,t,9.16,a,7.95,i,7.62,o,7.58,n,6.56,h,6.1,s,6.01,r,5.43,l,4.82,11.94,7.95,6.01,6.56,7.62,5.43,4.82,9.16,7.58,2.93,4.46,2.19,2.64,1.65,,2.41,1.45,1.94,6.1,,English,,2.14,,2.69,,,,,,,,,,,,,,,,,,,,,,,,,,,,,,,
Ritter von Leopold Sacher-Masoch,e,12.72,a,8.15,t,8.1,o,7.47,i,7.2,n,6.84,s,6.32,r,5.87,h,5.67,l,4.49,12.72,8.15,6.32,6.84,7.2,5.87,4.49,8.1,7.47,3.11,4.25,2.25,2.94,1.67,,1.88,1.44,2.12,5.67,,English,,2.56,,2.45,,,,,,,,,,,,,,,,,,,,,,,,,,,,,,,
Robert Burns,e,12.44,a,8.56,t,8.27,o,6.91,n,6.85,r,6.62,i,6.62,s,6.51,h,5.93,l,4.79,12.44,8.56,6.51,6.85,6.62,6.62,4.79,8.27,6.91,2.85,3.88,2.18,2.7,1.53,,2.26,1.84,1.92,5.93,,English,,2.37,,2.6,,,,,,,,,,,,,,,,,,,,,,,,,,,,,,,
Robert E. Howard,e,12.26,t,8.85,a,8.2,o,7.31,n,6.96,i,6.57,h,6.46,s,6.24,r,6.13,d,4.68,12.26,8.2,6.24,6.96,6.57,6.13,4.33,8.85,7.31,2.88,4.68,2.58,2.36,1.59,,2.31,1.6,2.2,6.46,,English,,1.73,,2.32,,,,,,,,,,,,,,,,,,,,,,,,,,,,,,,
Robert Finch,e,12.07,a,8.89,t,8.74,o,7.58,n,7.17,s,7.04,r,6.86,i,6.57,h,4.88,l,4.29,12.07,8.89,7.04,7.17,6.57,6.86,4.29,8.74,7.58,2.54,3.81,3.52,2.31,2.32,,2.01,1.67,2.29,4.88,,English,,1.46,,1.8,,,,,,,,,,,,,,,,,,,,,,,,,,,,,,,
Robert Frost,e,12.56,t,9.66,o,8.29,a,7.26,r,6.54,i,6.53,n,6.51,s,5.87,h,5.63,d,4.14,12.56,7.26,5.87,6.51,6.53,6.54,3.92,9.66,8.29,2.85,4.14,2.5,2.29,1.87,,2.48,1.68,2.46,5.63,,English,,1.94,,2.75,,,,,,,,,,,,,,,,,,,,,,,,,,,,,,,
Robert G. Ingersoll,e,12.69,t,9.97,o,7.94,a,7.57,i,6.86,n,6.72,s,6.4,h,6.36,r,5.9,d,4.43,12.69,7.57,6.4,6.72,6.86,5.9,3.55,9.97,7.94,2.58,4.43,2.59,2.21,1.83,,1.87,1.71,2.52,6.36,,English,,1.57,,2.22,,,,,,,,,,,,,,,,,,,,,,,,,,,,,,,
Robert Lee Berry,e,12.14,t,9.14,o,8.17,a,8.07,i,7.4,n,6.68,s,6.41,r,5.61,h,5.34,l,4.25,12.14,8.07,6.41,6.68,7.4,5.61,4.25,9.14,8.17,3.18,4.03,2.45,2.48,1.64,,2.2,1.6,2.43,5.34,,English,,2.38,,2.06,,,,,,,,,,,,,,,,,,,,,,,,,,,,,,,
Robert Louis Stevenson,e,12.2,t,9.14,a,8.44,o,7.66,n,7.04,i,6.71,h,6.17,s,6.1,r,5.74,d,4.57,12.2,8.44,6.1,7.04,6.71,5.74,4.13,9.14,7.66,2.89,4.57,2.35,2.5,1.7,,2.04,1.61,2.28,6.17,,English,,2.07,,2.45,,,,,,,,,,,,,,,,,,,,,,,,,,,,,,,
Robert M. Rogers,e,12.56,t,9.1,a,8.09,o,7.67,n,7.09,r,6.36,i,6.21,s,5.74,h,5.39,d,4.7,12.56,8.09,5.74,7.09,6.21,6.36,3.92,9.1,7.67,3.03,4.7,2.81,2.82,1.88,,2.29,1.54,2.31,5.39,,English,,1.67,,2.41,,,,,,,,,,,,,,,,,,,,,,,,,,,,,,,
Robert May,e,12.38,t,9.71,a,8.29,o,7.36,n,6.7,i,6.64,s,6.35,r,6.23,h,4.79,l,4.28,12.38,8.29,6.35,6.7,6.64,6.23,4.28,9.71,7.36,2.8,3.93,2.55,2.7,2.34,,2.27,2.17,2.38,4.79,,English,,1.42,,2.14,,,,,,,,,,,,,,,,,,,,,,,,,,,,,,,
Robert Silverberg,e,13.02,t,8.54,a,7.85,o,7.31,n,6.7,i,6.56,s,6.08,h,5.85,r,5.61,d,4.91,13.02,7.85,6.08,6.7,6.56,5.61,4.67,8.54,7.31,3.05,4.91,2.44,2.5,1.64,,2.22,1.38,2.07,5.85,,English,,2.4,,2.44,,,,,,,,,,,,,,,,,,,,,,,,,,,,,,,
Robert Stevenson,e,12.99,t,10.17,o,8.0,a,7.5,n,6.77,i,6.71,r,6.42,h,6.33,s,6.07,d,3.94,12.99,7.5,6.07,6.77,6.71,6.42,3.63,10.17,8.0,2.32,3.94,2.94,2.12,1.9,,2.05,1.76,2.84,6.33,,English,,1.3,,2.08,,,,,,,,,,,,,,,,,,,,,,,,,,,,,,,
Robert W. Chambers,e,12.53,t,8.86,a,7.88,o,7.36,i,7.09,n,6.81,s,6.27,h,6.11,r,5.83,d,4.77,12.53,7.88,6.27,6.81,7.09,5.83,4.27,8.86,7.36,2.96,4.77,2.47,2.51,1.7,,2.19,1.51,2.09,6.11,,English,,2.1,,2.27,,,,,,,,,,,,,,,,,,,,,,,,,,,,,,,
Robertson Osborne,e,12.82,t,9.74,o,7.59,a,7.51,i,6.74,n,6.58,r,6.08,s,5.86,h,5.59,d,4.24,12.82,7.51,5.86,6.58,6.74,6.08,4.07,9.74,7.59,3.23,4.24,2.88,2.16,2.2,,2.51,1.54,2.1,5.59,,English,,1.79,,2.21,,,,,,,,,,,,,,,,,,,,,,,,,,,,,,,
Roget,e,11.62,a,8.13,t,7.95,i,7.59,o,7.37,n,7.36,r,6.86,s,6.05,l,4.74,c,4.7,11.62,8.13,6.05,7.36,7.59,6.86,4.74,7.95,7.37,3.62,3.61,4.7,2.59,2.86,1.31,2.25,1.79,2.09,2.95,,English,,1.51,,,,,,,,,,,,,,,,,,,,,,,,,,,,,,,,,
Romain Rolland,e,12.72,t,9.41,o,7.76,a,7.51,i,7.36,n,6.88,r,6.62,s,6.57,h,5.72,l,3.88,12.72,7.51,6.57,6.88,7.36,6.62,3.88,9.41,7.76,2.91,3.36,2.85,2.49,1.88,,1.9,1.47,2.72,5.72,,English,,1.74,,1.89,,,,,,,,,,,,,,,,,,,,,,,,,,,,,,,
Rosa Luxemburg,e,11.3,t,9.64,o,8.16,a,8.02,i,7.96,n,6.9,s,6.71,r,6.16,h,4.61,l,4.05,11.3,8.02,6.71,6.9,7.96,6.16,4.05,9.64,8.16,3.25,3.46,3.93,2.6,2.8,,1.43,1.28,2.63,4.61,,English,,1.48,,1.42,,,,,,,,,,,,,,,,,,,,,,,,,,,,,,,
Roy Bernard Kester,e,12.64,t,9.53,a,7.89,o,7.84,s,7.29,i,7.27,n,7.16,r,6.36,h,4.4,c,4.2,12.64,7.89,7.29,7.16,7.27,6.36,3.66,9.53,7.84,2.96,3.83,4.2,2.22,2.38,,1.5,1.68,2.64,4.4,,English,,1.3,,1.06,,,,,,,,,,,,,,,,,,,,,,,,,,,,,,,
Roy Chapman Andrews,e,12.62,t,8.96,a,8.28,o,7.39,n,7.0,i,6.61,r,6.07,s,6.02,h,5.9,d,4.36,12.62,8.28,6.02,7.0,6.61,6.07,4.34,8.96,7.39,2.92,4.36,2.59,2.45,1.83,,2.23,1.51,2.35,5.9,,English,,1.72,,2.53,,,,,,,,,,,,,,,,,,,,,,,,,,,,,,,
Rudyard Kipling,e,12.26,t,9.14,a,8.33,o,7.51,i,6.67,n,6.65,h,6.58,s,6.01,r,5.53,d,4.52,12.26,8.33,6.01,6.65,6.67,5.53,4.41,9.14,7.51,2.91,4.52,2.23,2.55,1.62,,2.18,1.7,2.16,6.58,,English,,1.97,,2.5,,,,,,,,,,,,,,,,,,,,,,,,,,,,,,,
Rupert Brooke,e,12.33,t,9.03,a,7.79,o,7.68,n,7.21,r,6.66,i,6.36,s,6.03,h,5.52,d,4.62,12.33,7.79,6.03,7.21,6.36,6.66,4.12,9.03,7.68,2.91,4.62,2.47,2.34,1.92,,2.56,1.63,2.17,5.52,,English,,2.0,,2.26,,,,,,,,,,,,,,,,,,,,,,,,,,,,,,,
Russell H. Conwell,e,12.36,t,9.36,a,8.01,o,7.8,n,7.28,i,7.14,h,6.43,s,6.19,r,5.47,l,4.09,12.36,8.01,6.19,7.28,7.14,5.47,4.09,9.36,7.8,2.74,4.03,2.56,2.56,1.73,,2.01,1.33,2.31,6.43,,English,,2.03,,2.32,,,,,,,,,,,,,,,,,,,,,,,,,,,,,,,
Ruth Lamb,e,12.26,t,9.02,o,8.26,a,7.67,n,6.77,h,6.27,s,6.23,i,6.22,r,6.12,d,4.46,12.26,7.67,6.23,6.77,6.22,6.12,3.94,9.02,8.26,2.86,4.46,2.19,2.66,1.64,,2.24,1.8,2.34,6.27,,English,,2.06,,2.53,,,,,,,,,,,,,,,,,,,,,,,,,,,,,,,
Rutherford Platt,e,12.64,t,9.52,a,8.68,o,8.02,n,6.79,h,6.72,i,6.04,r,5.84,d,5.81,s,4.96,12.64,8.68,4.96,6.79,6.04,5.84,2.91,9.52,8.02,2.79,5.81,2.14,2.93,,1.26,2.21,1.4,2.62,6.72,,English,,1.99,,2.35,,,,,,,,,,,,,,,,,,,,,,,,,,,,,,,
S. F. Cook,e,12.47,t,9.5,a,8.88,o,7.87,n,7.23,i,6.85,r,6.74,s,6.34,h,5.2,l,3.82,12.47,8.88,6.34,7.23,6.85,6.74,3.82,9.5,7.87,2.44,3.67,3.33,2.04,2.07,,1.72,1.57,2.32,5.2,,English,,1.62,,1.76,,,,,,,,,,,,,,,,,,,,,,,,,,,,,,,
S. F. Spear,e,12.66,t,9.26,o,8.12,a,8.0,n,6.54,h,6.24,i,6.07,s,5.94,r,5.74,d,4.6,12.66,8.0,5.94,6.54,6.07,5.74,4.11,9.26,8.12,2.83,4.6,2.28,2.11,1.67,,2.32,1.86,2.11,6.24,,English,,2.22,,2.64,,,,,,,,,,,,,,,,,,,,,,,,,,,,,,,
S. S. Van Dine,e,12.37,t,9.26,a,8.36,o,7.43,n,7.09,i,6.97,s,5.93,h,5.77,r,5.63,d,4.49,12.37,8.36,5.93,7.09,6.97,5.63,4.11,9.26,7.43,2.92,4.49,2.76,2.83,1.8,,1.93,1.41,1.92,5.77,,English,,2.11,,2.14,,,,,,,,,,,,,,,,,,,,,,,,,,,,,,,
S. Weir Mitchell,e,12.82,t,9.13,a,8.45,o,7.74,i,6.65,n,6.53,h,6.45,s,6.38,r,5.64,d,4.57,12.82,8.45,6.38,6.53,6.65,5.64,4.03,9.13,7.74,2.84,4.57,2.4,2.48,1.54,,1.86,1.42,2.48,6.45,,English,,1.49,,2.57,,,,,,,,,,,,,,,,,,,,,,,,,,,,,,,
Saemund Sigfusson and Snorre Sturleson,e,12.13,t,9.1,a,7.54,o,7.49,h,7.18,i,6.81,n,6.63,r,6.44,s,6.38,d,4.67,12.13,7.54,6.38,6.63,6.81,6.44,4.42,9.1,7.49,2.68,4.67,1.92,2.4,1.28,,2.49,1.43,2.5,7.18,,English,,1.53,,2.48,,,,,,,,,,,,,,,,,,,,,,,,,,,,,,,
Saint Augustine,e,12.8,t,10.15,o,7.84,h,7.34,a,7.05,n,6.88,i,6.69,s,6.18,r,5.53,d,4.26,12.8,7.05,6.18,6.88,6.69,5.53,3.45,10.15,7.84,2.89,4.26,2.15,2.69,1.27,,1.97,1.72,2.48,7.34,,English,,2.18,,2.58,,,,,,,,,,,,,,,,,,,,,,,,,,,,,,,
Sam Merwin,e,12.41,t,9.47,o,7.92,a,7.4,i,7.0,n,6.56,r,6.51,s,5.99,h,5.49,d,4.11,12.41,7.4,5.99,6.56,7.0,6.51,3.75,9.47,7.92,2.94,4.11,2.92,2.44,2.11,,2.3,1.71,2.31,5.49,,English,,1.98,,2.19,,,,,,,,,,,,,,,,,,,,,,,,,,,,,,,
Sam Vaknin,e,12.1,t,9.85,o,8.7,r,7.57,i,7.27,n,6.68,a,6.62,s,5.06,c,3.82,d,3.54,12.1,6.62,5.06,6.68,7.27,7.57,3.24,9.85,8.7,3.31,3.54,3.82,2.33,2.83,,2.66,1.88,2.55,3.47,,English,,2.03,,1.81,,,,,,,,,,,,,,,,,,,,,,,,,,,,,,,
Samuel Butler,e,12.78,t,9.51,a,7.85,o,7.67,n,7.1,i,6.9,h,6.34,s,6.07,r,5.65,d,4.04,12.78,7.85,6.07,7.1,6.9,5.65,3.79,9.51,7.67,2.84,4.04,2.7,2.6,1.7,,1.9,1.63,2.33,6.34,,English,,1.98,,2.47,,,,,,,,,,,,,,,,,,,,,,,,,,,,,,,
Samuel Fallows,e,13.36,n,8.78,i,8.14,t,7.76,a,7.56,s,7.09,r,6.58,o,5.72,l,4.39,c,4.2,13.36,7.56,7.09,8.78,8.14,6.58,4.39,7.76,5.72,3.72,3.51,4.2,2.42,2.66,,1.92,1.55,1.66,1.52,,English,1.41,3.2,,,,,,,,,,,,,,,,,,,,,,,,,,,,,,,,,
Samuel Hall Young,e,12.16,t,8.85,a,8.07,o,7.82,n,6.87,i,6.7,s,6.27,h,6.0,r,5.92,d,4.28,12.16,8.07,6.27,6.87,6.7,5.92,4.08,8.85,7.82,2.89,4.28,2.49,2.69,1.76,,2.3,1.64,2.44,6.0,,English,,1.82,,2.45,,,,,,,,,,,,,,,,,,,,,,,,,,,,,,,
Samuel Hopkins,e,12.73,t,10.08,o,7.9,a,7.18,n,7.03,i,6.97,r,6.4,s,5.86,h,5.51,d,3.87,12.73,7.18,5.86,7.03,6.97,6.4,3.23,10.08,7.9,3.2,3.87,2.87,2.42,2.17,,2.05,1.75,2.45,5.51,,English,,1.84,,2.07,,,,,,,,,,,,,,,,,,,,,,,,,,,,,,,
Samuel Johnson,e,12.98,t,9.17,o,7.55,a,7.42,i,7.28,n,7.04,s,6.44,r,5.99,h,5.94,d,4.18,12.98,7.42,6.44,7.04,7.28,5.99,3.55,9.17,7.55,2.9,4.18,2.99,2.67,2.04,,1.56,1.38,2.44,5.94,,English,,2.06,,2.21,,,,,,,,,,,,,,,,,,,,,,,,,,,,,,,
Samuel Pepys,e,12.09,t,9.51,o,7.94,a,7.73,n,7.19,i,6.84,h,6.59,r,5.58,s,5.49,d,4.86,12.09,7.73,5.49,7.19,6.84,5.58,3.71,9.51,7.94,2.34,4.86,2.37,3.17,1.52,,2.17,1.81,2.18,6.59,,English,,2.2,,2.59,,,,,,,,,,,,,,,,,,,,,,,,,,,,,,,
Samuel Richardson,e,11.81,t,8.46,o,8.27,a,8.2,i,6.92,s,6.57,n,6.35,h,5.87,r,5.66,d,4.75,11.81,8.2,6.57,6.35,6.92,5.66,4.01,8.46,8.27,3.34,4.75,1.9,3.26,1.63,,1.72,1.55,2.05,5.87,,English,,2.92,,2.44,,,,,,,,,,,,,,,,,,,,,,,,,,,,,,,
Samuel Taylor Coleridge,e,12.55,t,9.58,o,7.75,i,7.61,a,7.53,n,7.25,s,6.55,r,5.98,h,5.67,l,3.8,12.55,7.53,6.55,7.25,7.61,5.98,3.8,9.58,7.75,2.79,3.75,3.09,2.67,2.06,,1.7,1.49,2.58,5.67,,English,,1.67,,1.82,,,,,,,,,,,,,,,,,,,,,,,,,,,,,,,
Sarah Tytler,e,12.91,t,8.74,a,7.94,n,7.37,o,7.28,i,6.98,s,6.7,r,6.34,h,6.31,l,4.01,12.91,7.94,6.7,7.37,6.98,6.34,4.01,8.74,7.28,2.63,3.74,2.6,2.67,1.63,,1.99,1.52,2.33,6.31,,English,,1.92,,2.05,,,,,,,,,,,,,,,,,,,,,,,,,,,,,,,
Sax Rohmer,e,12.63,t,8.58,a,7.9,o,7.35,i,7.22,n,7.05,h,6.38,s,5.97,r,5.93,d,4.49,12.63,7.9,5.97,7.05,7.22,5.93,4.07,8.58,7.35,2.92,4.49,2.91,2.53,1.99,,2.01,1.51,2.08,6.38,,English,,2.07,,2.13,,,,,,,,,,,,,,,,,,,,,,,,,,,,,,,
Saxo Grammaticus (_Saxo the Learned_),e,12.63,t,9.27,a,7.7,o,7.44,h,7.36,n,6.65,s,6.6,i,6.43,r,6.07,d,4.73,12.63,7.7,6.6,6.65,6.43,6.07,3.68,9.27,7.44,2.65,4.73,2.17,2.24,1.49,,2.21,1.7,2.77,7.36,,English,,1.6,,2.37,,,,,,,,,,,,,,,,,,,,,,,,,,,,,,,
Sepharial,e,12.5,t,9.92,a,7.9,o,7.64,i,7.49,n,7.24,s,6.75,r,5.94,h,5.77,l,3.71,12.5,7.9,6.75,7.24,7.49,5.94,3.71,9.92,7.64,2.88,3.38,3.29,2.33,1.9,,1.67,1.44,2.71,5.77,,English,,1.72,,1.67,,,,,,,,,,,,,,,,,,,,,,,,,,,,,,,
Shelley,e,12.73,t,9.08,a,7.84,o,7.52,i,7.33,n,7.09,s,7.04,r,5.99,h,5.93,l,3.98,12.73,7.84,7.04,7.09,7.33,5.99,3.98,9.08,7.52,2.64,3.94,2.63,2.57,2.12,,1.77,1.48,2.42,5.93,,English,,1.84,,1.93,,,,,,,,,,,,,,,,,,,,,,,,,,,,,,,
Sherburne F. Cook,e,13.1,t,9.18,a,8.54,o,7.6,i,6.99,n,6.87,r,6.6,s,6.4,h,5.28,l,4.0,13.1,8.54,6.4,6.87,6.99,6.6,4.0,9.18,7.6,2.89,3.29,3.09,2.59,2.16,,1.68,1.72,2.21,5.28,,English,,1.53,,1.53,,,,,,,,,,,,,,,,,,,,,,,,,,,,,,,
Sherburne Friend Cook,e,12.81,t,9.29,a,8.39,o,7.93,i,7.09,r,6.48,n,6.47,s,6.34,h,5.05,l,4.19,12.81,8.39,6.34,6.47,7.09,6.48,4.19,9.29,7.93,2.71,3.13,2.8,2.96,2.4,,1.7,1.92,2.18,5.05,,English,,1.67,,1.77,,,,,,,,,,,,,,,,,,,,,,,,,,,,,,,
Sherwood Anderson,e,12.8,t,9.25,a,7.92,o,7.86,n,7.25,h,7.18,i,6.39,s,5.71,r,5.52,d,4.86,12.8,7.92,5.71,7.25,6.39,5.52,3.91,9.25,7.86,2.49,4.86,2.01,2.37,1.48,,2.5,1.66,2.18,7.18,,English,,1.72,,2.78,,,,,,,,,,,,,,,,,,,,,,,,,,,,,,,
Shoghi Effendi,e,12.53,t,9.83,i,7.92,a,7.43,o,7.32,n,7.08,s,6.33,h,6.07,r,5.95,l,3.9,12.53,7.43,6.33,7.08,7.92,5.95,3.9,9.83,7.32,2.8,3.8,3.17,2.3,1.89,,1.76,1.55,2.75,6.07,,English,,1.73,,1.59,,,,,,,,,,,,,,,,,,,,,,,,,,,,,,,
Sigmund Freud,e,12.79,t,9.82,i,7.69,o,7.61,a,7.52,n,7.05,s,6.89,h,5.88,r,5.88,l,3.55,12.79,7.52,6.89,7.05,7.69,5.88,3.55,9.82,7.61,2.7,3.4,3.41,2.72,2.02,,1.55,1.36,2.61,5.88,,English,,1.78,,1.75,,,,,,,,,,,,,,,,,,,,,,,,,,,,,,,
Sinclair Lewis,e,11.96,t,8.95,a,8.0,o,7.68,i,7.12,n,6.91,s,6.01,h,5.99,r,5.81,d,4.41,11.96,8.0,6.01,6.91,7.12,5.81,4.25,8.95,7.68,2.97,4.41,2.67,2.55,1.67,,2.33,1.76,2.08,5.99,,English,,2.11,,2.31,,,,,,,,,,,,,,,,,,,,,,,,,,,,,,,
Sir Arthur Conan Doyle,e,12.38,t,9.1,a,7.93,o,7.89,i,6.84,n,6.51,h,6.48,s,6.02,r,5.84,d,4.35,12.38,7.93,6.02,6.51,6.84,5.84,3.89,9.1,7.89,3.09,4.35,2.56,2.94,1.46,,1.97,1.54,2.09,6.48,,English,,2.12,,2.67,,,,,,,,,,,,,,,,,,,,,,,,,,,,,,,
Sir Arthur Thomas Quiller-Couch,e,12.31,t,9.51,a,7.82,o,7.65,i,7.3,s,6.99,n,6.98,r,6.12,h,5.75,l,3.98,12.31,7.82,6.99,6.98,7.3,6.12,3.98,9.51,7.65,2.72,3.57,2.75,2.51,1.93,,1.81,1.65,2.47,5.75,,English,,1.85,,1.98,,,,,,,,,,,,,,,,,,,,,,,,,,,,,,,
Sir Charles Knowles,e,12.74,t,10.12,a,8.05,o,7.72,n,7.19,r,6.38,i,6.12,h,5.78,s,5.7,d,4.33,12.74,8.05,5.7,7.19,6.12,6.38,3.17,10.12,7.72,2.59,4.33,3.04,2.35,2.0,,2.13,1.89,2.56,5.78,,English,,1.91,,2.06,,,,,,,,,,,,,,,,,,,,,,,,,,,,,,,
Sir James George Frazer,e,13.0,t,9.45,a,7.98,o,7.4,i,7.13,n,6.68,h,6.65,s,6.57,r,6.1,d,3.9,13.0,7.98,6.57,6.68,7.13,6.1,3.71,9.45,7.4,2.44,3.9,2.67,2.45,1.88,,1.93,1.61,2.69,6.65,,English,,1.64,,2.0,,,,,,,,,,,,,,,,,,,,,,,,,,,,,,,
Sir Walter Scott,e,12.72,t,8.86,a,7.98,o,7.56,n,6.72,h,6.59,i,6.53,s,6.34,r,6.22,d,4.59,12.72,7.98,6.34,6.72,6.53,6.22,4.08,8.86,7.56,2.8,4.59,2.61,2.55,1.67,,1.91,1.55,2.41,6.59,,English,,1.94,,2.22,,,,,,,,,,,,,,,,,,,,,,,,,,,,,,,
Snorre,e,12.67,t,9.04,a,8.23,o,7.45,h,7.25,n,6.93,r,6.33,s,6.31,i,6.16,d,4.96,12.67,8.23,6.31,6.93,6.16,6.33,4.09,9.04,7.45,2.32,4.96,1.85,2.4,1.24,,2.57,1.41,2.55,7.25,,English,,1.39,,2.27,,,,,,,,,,,,,,,,,,,,,,,,,,,,,,,
Snorri Sturlason,e,12.36,t,9.11,a,8.51,n,7.39,h,7.38,o,7.18,i,6.25,s,6.12,r,5.83,d,5.1,12.36,8.51,6.12,7.39,6.25,5.83,4.02,9.11,7.18,2.32,5.1,1.76,2.42,1.42,,2.54,1.35,2.2,7.38,,English,,1.5,,2.55,,,,,,,,,,,,,,,,,,,,,,,,,,,,,,,
Solomon Northup,e,12.63,t,8.99,a,8.11,o,7.43,n,7.31,i,6.89,s,6.19,r,6.08,h,5.85,d,4.37,12.63,8.11,6.19,7.31,6.89,6.08,3.84,8.99,7.43,2.72,4.37,2.6,2.62,2.03,,2.0,1.55,2.44,5.85,,English,,1.85,,2.29,,,,,,,,,,,,,,,,,,,,,,,,,,,,,,,
Sophocles,e,12.58,t,9.1,o,8.2,a,7.35,s,6.87,n,6.58,h,6.48,i,6.47,r,6.26,d,4.25,12.58,7.35,6.87,6.58,6.47,6.26,3.93,9.1,8.2,3.1,4.25,2.31,2.58,1.82,,1.98,1.51,2.21,6.48,,English,,1.97,,2.34,,,,,,,,,,,,,,,,,,,,,,,,,,,,,,,
Stables Gordon,e,12.59,t,8.93,a,7.99,o,7.55,n,6.88,i,6.35,h,6.26,s,6.0,r,5.78,d,4.71,12.59,7.99,6.0,6.88,6.35,5.78,4.41,8.93,7.55,2.72,4.71,2.22,2.21,1.8,,2.51,1.62,2.23,6.26,,English,,2.21,,2.6,,,,,,,,,,,,,,,,,,,,,,,,,,,,,,,
Stanley Grauman Weinbaum,e,12.63,t,8.84,a,7.93,o,7.61,i,6.73,n,6.45,r,6.38,s,6.02,h,5.49,d,4.45,12.63,7.93,6.02,6.45,6.73,6.38,4.19,8.84,7.61,3.06,4.45,2.74,2.36,2.17,,2.5,1.5,2.17,5.49,,English,,2.14,,2.31,,,,,,,,,,,,,,,,,,,,,,,,,,,,,,,
Stanley J. Weyman,e,13.31,t,9.16,o,7.68,a,7.58,h,7.56,n,6.63,s,6.36,i,6.25,r,5.88,d,4.78,13.31,7.58,6.36,6.63,6.25,5.88,3.79,9.16,7.68,2.85,4.78,2.15,2.42,1.49,,2.01,1.49,2.22,7.56,,English,,1.72,,2.51,,,,,,,,,,,,,,,,,,,,,,,,,,,,,,,
Stephen Crane,e,13.02,t,9.28,a,7.84,o,7.15,i,6.83,n,6.79,h,6.67,s,6.15,r,5.64,d,4.61,13.02,7.84,6.15,6.79,6.83,5.64,4.15,9.28,7.15,2.65,4.61,2.46,2.46,1.71,,2.31,1.49,2.4,6.67,,English,,1.79,,2.44,,,,,,,,,,,,,,,,,,,,,,,,,,,,,,,
Stephen D. Durrant,e,11.78,t,9.33,o,8.1,n,7.52,a,7.4,r,7.14,i,6.87,s,6.34,h,4.01,u,3.74,11.78,7.4,6.34,7.52,6.87,7.14,3.43,9.33,8.1,3.74,3.31,3.62,3.04,2.47,,1.95,1.67,2.38,4.01,,English,,1.75,,1.59,,,,,,,,,,,,,,,,,,,,,,,,,,,,,,,
Stephen Leacock,e,13.04,t,9.57,a,8.2,o,7.47,n,7.38,r,6.77,i,6.38,s,6.1,h,6.09,d,4.28,13.04,8.2,6.1,7.38,6.38,6.77,3.38,9.57,7.47,2.32,4.28,2.82,2.04,1.9,,1.88,1.48,2.79,6.09,,English,,1.6,,2.17,,,,,,,,,,,,,,,,,,,,,,,,,,,,,,,
Stephen Paget,e,12.33,t,9.98,o,8.52,a,7.12,i,7.01,n,6.64,r,6.55,s,5.72,h,4.96,l,3.76,12.33,7.12,5.72,6.64,7.01,6.55,3.76,9.98,8.52,3.15,3.7,3.09,2.46,2.03,,2.31,1.73,2.33,4.96,,English,,2.15,,2.14,,,,,,,,,,,,,,,,,,,,,,,,,,,,,,,
Stewart Edward White,e,12.35,t,9.26,o,7.55,a,7.47,i,6.63,n,6.45,h,6.19,s,6.08,r,5.8,d,4.8,12.35,7.47,6.08,6.45,6.63,5.8,4.27,9.26,7.55,2.7,4.8,2.62,2.26,1.87,,2.19,2.52,2.17,6.19,,English,,2.15,,2.24,,,,,,,,,,,,,,,,,,,,,,,,,,,,,,,
Stuart Walcott,e,12.19,t,9.91,a,8.18,o,7.9,i,7.12,n,7.06,r,6.36,s,5.48,h,5.21,l,3.85,12.19,8.18,5.48,7.06,7.12,6.36,3.85,9.91,7.9,2.74,3.72,2.85,2.56,1.89,,2.28,1.68,2.35,5.21,,English,,1.91,,2.24,,,,,,,,,,,,,,,,,,,,,,,,,,,,,,,
Sue Petigru Bowen,e,12.13,t,9.09,o,7.92,a,7.91,i,7.07,n,6.76,s,6.45,r,6.07,h,6.02,l,4.42,12.13,7.91,6.45,6.76,7.07,6.07,4.42,9.09,7.92,2.92,4.35,2.4,2.6,1.73,,2.12,1.5,2.34,6.02,,English,,2.0,,1.99,,,,,,,,,,,,,,,,,,,,,,,,,,,,,,,
Sun Tzŭ,e,12.13,t,9.59,a,7.78,n,7.46,i,7.4,o,7.33,s,6.67,h,5.83,r,5.77,d,3.49,12.13,7.78,6.67,7.46,7.4,5.77,3.49,9.59,7.33,3.26,3.49,3.13,2.4,1.83,,2.11,1.45,2.44,5.83,,English,,2.07,,2.0,,,,,,,,,,,,,,,,,,,,,,,,,,,,,,,
Sunzi,e,12.3,t,9.57,o,7.83,i,7.52,n,7.34,a,7.21,r,6.35,s,6.14,h,4.95,d,3.51,12.3,7.21,6.14,7.34,7.52,6.35,3.49,9.57,7.83,3.15,3.51,3.21,2.48,1.93,,2.28,1.56,2.58,4.95,,English,,2.22,,2.03,,,,,,,,,,,,,,,,,,,,,,,,,,,,,,,
Susan Glaspell,e,11.86,t,9.59,o,8.39,a,7.72,i,7.18,n,6.61,h,6.25,s,5.98,r,5.79,l,4.31,11.86,7.72,5.98,6.61,7.18,5.79,4.31,9.59,8.39,3.09,3.61,2.07,2.57,1.36,,2.33,1.41,2.08,6.25,,English,,2.65,,2.51,,,,,,,,,,,,,,,,,,,,,,,,,,,,,,,
Sydney C. Grier,e,12.52,t,8.93,a,7.94,o,7.65,i,6.85,h,6.81,n,6.7,s,6.06,r,5.83,d,4.51,12.52,7.94,6.06,6.7,6.85,5.83,3.97,8.93,7.65,3.04,4.51,2.2,2.52,1.7,,2.18,1.52,2.27,6.81,,English,,2.02,,2.39,,,,,,,,,,,,,,,,,,,,,,,,,,,,,,,
Sydney Herman Preston,e,11.99,t,9.34,a,8.14,o,7.67,i,7.44,n,6.92,h,5.68,s,5.62,r,5.6,d,4.58,11.99,8.14,5.62,6.92,7.44,5.6,3.86,9.34,7.67,3.18,4.58,2.46,2.83,1.96,,2.1,1.49,2.25,5.68,,English,,2.19,,2.39,,,,,,,,,,,,,,,,,,,,,,,,,,,,,,,
T. J. Llewelyn Prichard,e,12.37,t,9.03,a,7.85,o,7.52,i,6.8,n,6.74,h,6.65,r,6.34,s,6.19,d,4.51,12.37,7.85,6.19,6.74,6.8,6.34,3.8,9.03,7.52,2.71,4.51,2.73,2.59,1.78,,2.14,1.46,2.45,6.65,,English,,1.78,,2.36,,,,,,,,,,,,,,,,,,,,,,,,,,,,,,,
T. S. Eliot,e,12.2,t,9.26,o,7.98,a,7.43,i,7.35,n,7.11,r,6.88,s,5.67,h,4.75,d,4.06,12.2,7.43,5.67,7.11,7.35,6.88,3.63,9.26,7.98,3.09,4.06,3.14,2.4,2.23,,2.38,1.56,2.27,4.75,,English,,1.85,,2.13,,,,,,,,,,,,,,,,,,,,,,,,,,,,,,,
T.A. Lacey,e,12.58,t,9.91,o,8.56,i,7.18,a,7.01,n,6.96,r,6.68,s,5.81,h,4.96,c,3.58,12.58,7.01,5.81,6.96,7.18,6.68,3.27,9.91,8.56,2.72,3.58,3.58,2.4,2.44,,1.78,1.79,2.67,4.96,,English,,1.95,,1.76,,,,,,,,,,,,,,,,,,,,,,,,,,,,,,,
T.H. (Thomas Henry) Huxley,e,12.5,t,9.91,o,8.11,i,7.77,a,7.43,n,7.2,s,6.36,r,5.74,h,5.26,c,3.9,12.5,7.43,6.36,7.2,7.77,5.74,3.68,9.91,8.11,2.6,3.4,3.9,2.41,2.24,,1.76,1.5,2.83,5.26,,English,,1.84,,1.43,,,,,,,,,,,,,,,,,,,,,,,,,,,,,,,
Tacitus,e,12.76,t,9.43,a,7.87,i,7.52,o,7.29,n,7.19,r,6.73,s,6.64,h,5.7,d,3.77,12.76,7.87,6.64,7.19,7.52,6.73,3.34,9.43,7.29,2.92,3.77,2.93,2.53,1.9,,1.85,1.59,2.5,5.7,,English,,1.66,,1.73,,,,,,,,,,,,,,,,,,,,,,,,,,,,,,,
Talbot Baines Reed,e,12.12,t,8.98,o,8.04,a,7.95,i,6.78,n,6.66,h,6.3,s,5.9,r,5.59,d,4.69,12.12,7.95,5.9,6.66,6.78,5.59,4.14,8.98,8.04,2.97,4.69,2.47,2.76,1.65,,2.22,1.41,2.32,6.3,,English,,2.27,,2.53,,,,,,,,,,,,,,,,,,,,,,,,,,,,,,,
The Chicago Commission on Race Relations,e,13.12,t,9.32,o,8.13,a,7.53,n,7.44,i,7.18,r,6.68,s,6.34,h,5.21,d,3.76,13.12,7.53,6.34,7.44,7.18,6.68,3.52,9.32,8.13,2.47,3.76,3.26,2.33,1.96,,2.21,1.48,2.35,5.21,,English,,1.65,,1.95,,,,,,,,,,,,,,,,,,,,,,,,,,,,,,,
The Earl of Chesterfield,e,12.36,t,9.25,o,8.3,a,7.76,i,7.0,n,6.99,r,6.11,s,6.03,h,5.29,l,4.13,12.36,7.76,6.03,6.99,7.0,6.11,4.13,9.25,8.3,3.5,3.53,2.65,2.71,1.8,,1.69,1.53,2.25,5.29,,English,,2.75,,1.98,,,,,,,,,,,,,,,,,,,,,,,,,,,,,,,
The Reformed Presbytery,,,,,,,,,,,,,,,,,,,,,,,,,,,,,,,,,,,,,,,,,English,,,,,,,,,,,,,,,,,,,,,,,,,,,,,,,,,,,
Theodor Herzl,e,12.91,t,9.3,i,7.74,o,7.69,a,7.27,n,6.89,s,6.54,r,6.23,h,5.26,l,4.27,12.91,7.27,6.54,6.89,7.74,6.23,4.27,9.3,7.69,2.74,3.47,3.03,2.39,2.15,,1.7,1.57,2.45,5.26,,English,,1.63,,2.27,,,,,,,,,,,,,,,,,,,,,,,,,,,,,,,
Theodore Dreiser,e,12.54,t,9.16,o,7.94,a,7.84,n,6.86,i,6.82,h,6.56,s,6.07,r,5.84,d,4.46,12.54,7.84,6.07,6.86,6.82,5.84,4.06,9.16,7.94,2.85,4.46,2.65,2.23,1.59,,2.07,1.33,2.19,6.56,,English,,2.0,,2.78,,,,,,,,,,,,,,,,,,,,,,,,,,,,,,,
Theodore Roosevelt,e,12.23,t,10.1,o,8.5,i,7.21,a,7.18,n,6.97,r,6.82,s,5.68,h,4.57,l,3.59,12.23,7.18,5.68,6.97,7.21,6.82,3.59,10.1,8.5,3.06,3.39,3.39,2.36,2.39,,2.21,1.58,2.51,4.57,,English,,1.96,,1.97,,,,,,,,,,,,,,,,,,,,,,,,,,,,,,,
Thomas Archer,e,12.55,t,9.15,o,8.08,a,7.67,n,7.14,i,6.92,s,6.51,r,6.4,h,5.57,d,4.04,12.55,7.67,6.51,7.14,6.92,6.4,4.03,9.15,8.08,2.48,4.04,2.95,2.38,1.86,,1.94,1.57,2.73,5.57,,English,,1.8,,2.04,,,,,,,,,,,,,,,,,,,,,,,,,,,,,,,
Thomas Arnold,e,12.08,t,9.97,o,8.61,a,7.23,r,7.11,i,7.09,n,6.52,s,5.65,h,4.49,d,3.57,12.08,7.23,5.65,6.52,7.09,7.11,3.46,9.97,8.61,3.19,3.57,3.36,2.28,2.47,,2.18,1.94,2.51,4.49,,English,,2.07,,1.92,,,,,,,,,,,,,,,,,,,,,,,,,,,,,,,
Thomas Babington Macaulay,e,12.38,t,9.28,a,7.83,o,7.4,i,6.64,n,6.61,r,6.54,s,6.46,h,6.34,l,4.2,12.38,7.83,6.46,6.61,6.64,6.54,4.2,9.28,7.4,3.07,4.08,2.74,2.34,1.82,,2.1,1.65,2.45,6.34,,English,,1.67,,2.15,,,,,,,,,,,,,,,,,,,,,,,,,,,,,,,
Thomas Carlyle,e,11.96,t,9.15,a,7.84,o,7.49,i,7.47,n,7.32,s,6.85,r,6.4,h,5.55,l,4.52,11.96,7.84,6.85,7.32,7.47,6.4,4.52,9.15,7.49,2.99,3.71,2.65,2.5,1.75,,2.03,1.52,2.34,5.55,,English,,1.63,,2.0,,,,,,,,,,,,,,,,,,,,,,,,,,,,,,,
Thomas De Quincey,e,12.14,t,9.39,a,8.08,o,7.78,i,7.37,n,7.11,s,6.34,r,5.96,h,5.35,d,3.94,12.14,8.08,6.34,7.11,7.37,5.96,3.68,9.39,7.78,2.92,3.94,2.86,3.0,2.04,,1.81,1.43,2.68,5.35,,English,,2.01,,1.97,,,,,,,,,,,,,,,,,,,,,,,,,,,,,,,
Thomas Gaskell Allen and William Lewis Sachtleben,e,12.77,t,9.24,a,8.02,o,7.72,n,6.96,i,6.69,r,6.59,s,6.44,h,5.65,d,3.92,12.77,8.02,6.44,6.96,6.69,6.59,3.63,9.24,7.72,3.1,3.92,2.85,2.12,1.98,,2.08,1.44,2.37,5.65,,English,,1.5,,2.44,,,,,,,,,,,,,,,,,,,,,,,,,,,,,,,
Thomas Gordon Hake,e,12.49,t,9.15,a,8.04,o,7.67,i,7.27,n,6.94,s,6.49,r,6.03,h,5.94,l,4.03,12.49,8.04,6.49,6.94,7.27,6.03,4.03,9.15,7.67,2.55,3.86,2.74,2.69,1.7,,2.0,1.49,2.43,5.94,,English,,1.86,,2.31,,,,,,,,,,,,,,,,,,,,,,,,,,,,,,,
Thomas H. Reid,e,12.69,t,9.48,a,8.35,o,7.78,n,7.07,i,6.91,r,6.6,s,6.23,h,5.2,d,3.85,12.69,8.35,6.23,7.07,6.91,6.6,3.66,9.48,7.78,2.86,3.85,2.87,2.18,2.06,,2.12,1.63,2.49,5.2,,English,,1.47,,1.78,,,,,,,,,,,,,,,,,,,,,,,,,,,,,,,
Thomas Hardy,e,12.65,t,9.01,a,7.98,o,7.63,n,6.92,h,6.75,i,6.69,s,6.28,r,5.77,d,4.55,12.65,7.98,6.28,6.92,6.69,5.77,3.95,9.01,7.63,2.85,4.55,2.39,2.44,1.58,,2.1,1.57,2.14,6.75,,English,,2.01,,2.45,,,,,,,,,,,,,,,,,,,,,,,,,,,,,,,
Thomas Hart Benton,e,13.44,t,10.66,o,7.98,a,7.21,n,7.13,i,7.01,s,6.26,r,6.03,h,5.78,d,3.93,13.44,7.21,6.26,7.13,7.01,6.03,3.23,10.66,7.98,2.77,3.93,2.94,2.55,2.1,,1.57,1.57,2.44,5.78,,English,,1.47,,1.83,,,,,,,,,,,,,,,,,,,,,,,,,,,,,,,
Thomas Hobbes,e,13.09,t,10.12,o,8.14,a,7.48,n,7.15,i,6.93,h,6.63,s,6.36,r,5.97,l,3.4,13.09,7.48,6.36,7.15,6.93,5.97,3.4,10.12,8.14,2.54,3.35,2.82,2.58,1.77,,1.73,1.7,2.6,6.63,,English,,1.72,,1.8,,,,,,,,,,,,,,,,,,,,,,,,,,,,,,,
Thomas Inman,e,12.88,t,8.89,a,7.96,i,7.84,o,7.22,n,7.1,s,6.79,r,6.24,h,5.68,d,3.65,12.88,7.96,6.79,7.1,7.84,6.24,3.65,8.89,7.22,2.49,3.65,2.82,2.73,2.15,,1.97,1.69,2.53,5.68,,English,,1.67,,1.76,,,,,,,,,,,,,,,,,,,,,,,,,,,,,,,
Thomas Knight,e,12.68,t,9.58,o,8.48,a,7.77,n,6.83,i,6.38,r,6.17,h,5.84,s,4.98,d,4.67,12.68,7.77,4.98,6.83,6.38,6.17,3.62,9.58,8.48,2.85,4.67,2.49,2.76,1.95,,2.35,1.41,2.35,5.84,,English,,1.82,,2.68,,,,,,,,,,,,,,,,,,,,,,,,,,,,,,,
Thomas Malory,e,11.92,t,9.24,a,9.09,h,7.8,i,6.79,o,6.76,n,6.61,r,6.38,s,6.36,d,5.21,11.92,9.09,6.36,6.61,6.79,6.38,4.2,9.24,6.76,2.51,5.21,1.47,2.69,,,2.02,1.32,1.87,7.8,,English,1.12,1.76,,2.54,,,,,,,,,,,,,,,,,,,,,,,,,,,,,,,
Thomas More,e,12.87,t,10.21,o,7.89,a,7.58,n,6.91,i,6.71,h,6.62,s,6.28,r,6.21,l,3.56,12.87,7.58,6.28,6.91,6.71,6.21,3.56,10.21,7.89,2.78,3.49,2.55,2.52,1.83,,1.84,1.57,2.4,6.62,,English,,2.19,,1.91,,,,,,,,,,,,,,,,,,,,,,,,,,,,,,,
Thomas Nelson Page,e,13.2,t,10.23,a,7.72,o,7.68,n,7.26,i,6.99,s,6.43,h,6.24,r,6.08,l,3.67,13.2,7.72,6.43,7.26,6.99,6.08,3.67,10.23,7.68,2.58,3.6,2.89,2.16,1.86,,1.82,1.45,2.37,6.24,,English,,1.64,,2.02,,,,,,,,,,,,,,,,,,,,,,,,,,,,,,,
Thomas Paine,e,12.72,t,9.68,o,7.99,n,7.74,a,7.41,i,7.13,r,6.44,s,5.91,h,5.34,l,3.58,12.72,7.41,5.91,7.74,7.13,6.44,3.58,9.68,7.99,2.9,3.52,3.02,2.31,2.14,,1.86,1.59,2.56,5.34,,English,,1.89,,2.03,,,,,,,,,,,,,,,,,,,,,,,,,,,,,,,
Thomas Preskett Prest,e,12.27,t,9.01,a,8.32,o,7.97,n,6.77,h,6.63,i,6.6,s,5.87,r,5.56,d,4.33,12.27,8.32,5.87,6.77,6.6,5.56,4.13,9.01,7.97,3.12,4.33,2.69,2.76,1.61,,1.71,1.46,2.27,6.63,,English,,2.26,,2.47,,,,,,,,,,,,,,,,,,,,,,,,,,,,,,,
Thomas S. Chard,e,13.2,t,9.25,o,7.8,a,7.24,r,6.83,i,6.5,n,6.26,s,6.22,h,5.63,l,4.06,13.2,7.24,6.22,6.26,6.5,6.83,4.06,9.25,7.8,2.75,3.85,2.67,2.45,2.08,,2.31,1.61,2.4,5.63,,English,,2.07,,2.55,,,,,,,,,,,,,,,,,,,,,,,,,,,,,,,
Thomas Sikes,e,12.03,t,9.6,o,8.42,i,7.27,n,6.88,a,6.84,r,6.67,s,6.24,h,5.25,d,3.72,12.03,6.84,6.24,6.88,7.27,6.67,3.61,9.6,8.42,3.23,3.72,3.5,2.34,2.47,,1.74,1.7,2.33,5.25,,English,,2.26,,1.74,,,,,,,,,,,,,,,,,,,,,,,,,,,,,,,
Thomas Wallace Knox,e,12.95,t,9.21,a,8.58,o,7.46,n,7.08,i,6.68,r,6.53,s,6.4,h,5.67,d,4.21,12.95,8.58,6.4,7.08,6.68,6.53,3.6,9.21,7.46,2.63,4.21,2.64,2.28,1.88,,2.01,1.45,2.39,5.67,,English,,1.64,,2.29,,,,,,,,,,,,,,,,,,,,,,,,,,,,,,,
Thomas William Hodgson Crosland,e,11.98,t,9.29,a,8.57,o,7.62,i,7.4,n,7.3,r,6.29,s,6.23,h,5.44,l,3.82,11.98,8.57,6.23,7.3,7.4,6.29,3.82,9.29,7.62,2.86,3.57,3.11,2.68,2.09,,1.99,1.56,2.33,5.44,,English,,1.96,,1.68,,,,,,,,,,,,,,,,,,,,,,,,,,,,,,,
Thomas à Kempis,e,12.43,t,10.39,o,8.24,h,7.01,a,6.95,n,6.67,i,6.66,s,5.69,r,5.68,l,4.42,12.43,6.95,5.69,6.67,6.66,5.68,4.42,10.39,8.24,2.95,3.73,2.22,2.43,1.47,,1.98,1.55,2.82,7.01,,English,,2.11,,2.16,,,,,,,,,,,,,,,,,,,,,,,,,,,,,,,
Thornton W. Burgess,e,12.42,t,9.65,o,7.93,a,7.6,h,6.48,n,6.42,r,6.14,i,6.01,s,5.6,d,4.65,12.42,7.6,5.6,6.42,6.01,6.14,3.78,9.65,7.93,2.96,4.65,2.18,2.22,1.75,,2.3,2.15,2.27,6.48,,English,,2.31,,2.75,,,,,,,,,,,,,,,,,,,,,,,,,,,,,,,
Thorstein Veblen,e,12.78,t,9.66,i,8.07,o,7.76,a,7.57,n,7.08,s,7.07,r,5.91,h,4.93,c,3.89,12.78,7.57,7.07,7.08,8.07,5.91,3.73,9.66,7.76,3.0,3.19,3.89,2.48,2.29,1.2,1.45,1.34,2.98,4.93,,English,,1.61,,,,,,,,,,,,,,,,,,,,,,,,,,,,,,,,,
Three Initiates,e,13.29,t,10.08,i,7.69,n,7.59,a,7.53,o,7.11,s,6.39,r,5.75,h,5.69,l,4.14,13.29,7.53,6.39,7.59,7.69,5.75,4.14,10.08,7.11,2.33,3.21,3.13,2.63,2.19,,1.93,1.4,2.56,5.69,,English,,1.63,,1.71,,,,,,,,,,,,,,,,,,,,,,,,,,,,,,,
Thucydides,e,13.04,t,10.02,a,8.47,n,7.55,o,7.35,i,6.82,h,6.55,s,6.28,r,5.73,d,4.08,13.04,8.47,6.28,7.55,6.82,5.73,3.4,10.02,7.35,2.54,4.08,2.7,2.36,1.81,,1.78,1.38,2.38,6.55,,English,,1.9,,2.01,,,,,,,,,,,,,,,,,,,,,,,,,,,,,,,
Titus Livius,e,13.05,t,10.23,a,7.5,o,7.3,n,6.98,i,6.87,h,6.47,s,6.36,r,6.09,d,4.03,13.05,7.5,6.36,6.98,6.87,6.09,3.29,10.23,7.3,3.21,4.03,2.89,2.61,1.8,,1.77,1.59,2.36,6.47,,English,,1.77,,1.94,,,,,,,,,,,,,,,,,,,,,,,,,,,,,,,
Tobias Smollett,e,12.5,t,8.86,a,7.74,o,7.69,i,7.29,n,7.08,h,6.4,s,6.16,r,5.99,d,4.46,12.5,7.74,6.16,7.08,7.29,5.99,3.43,8.86,7.69,2.96,4.46,2.94,2.7,2.02,,1.78,1.41,2.55,6.4,,English,,1.75,,2.13,,,,,,,,,,,,,,,,,,,,,,,,,,,,,,,
Tristan Bernard,e,12.88,t,9.04,o,8.05,a,7.5,r,7.4,i,6.79,n,6.76,s,5.71,h,4.99,c,3.65,12.88,7.5,5.71,6.76,6.79,7.4,3.59,9.04,8.05,2.98,3.14,3.65,2.29,2.6,,2.35,1.54,2.25,4.99,,English,,2.27,,1.77,,,,,,,,,,,,,,,,,,,,,,,,,,,,,,,
Ulysses S. Grant,e,12.69,t,9.72,o,8.1,a,7.88,n,7.16,r,6.56,i,6.46,s,5.81,h,5.79,d,4.3,12.69,7.88,5.81,7.16,6.46,6.56,3.49,9.72,8.1,2.51,4.3,2.83,2.78,1.85,,1.97,1.55,2.52,5.79,,English,,1.64,,2.12,,,,,,,,,,,,,,,,,,,,,,,,,,,,,,,
Uncle Philip,e,12.99,t,9.55,a,7.65,o,7.52,n,7.19,i,6.62,h,6.32,r,6.19,s,5.94,d,4.56,12.99,7.65,5.94,7.19,6.62,6.19,3.55,9.55,7.52,2.61,4.56,2.4,2.58,1.69,,1.92,1.52,2.56,6.32,,English,,1.98,,2.57,,,,,,,,,,,,,,,,,,,,,,,,,,,,,,,
United States,e,11.17,a,9.79,i,8.03,n,7.88,t,7.83,o,7.23,r,6.93,s,6.46,l,4.85,c,3.77,11.17,9.79,6.46,7.88,8.03,6.93,4.85,7.83,7.23,3.08,3.6,3.77,3.2,2.53,1.11,1.99,1.73,1.91,2.65,,English,,1.57,,,,,,,,,,,,,,,,,,,,,,,,,,,,,,,,,
United States Bureau of the Census,e,11.28,o,10.25,t,7.92,n,7.75,a,7.56,r,7.53,i,7.32,s,6.33,c,4.83,u,4.69,11.28,7.56,6.33,7.75,7.32,7.53,4.04,7.92,10.25,4.69,3.26,4.83,1.7,4.33,0.7,1.53,,1.95,3.26,,English,,1.68,,0.72,,,,,,,,,,,,,,,,,,,,,,,,,,,,,,,
United States Central Intelligence Agency,e,10.52,a,10.11,n,8.12,i,7.97,t,7.78,o,7.33,r,7.07,s,6.18,l,4.82,c,4.04,10.52,10.11,6.18,8.12,7.97,7.07,4.82,7.78,7.33,3.27,3.54,4.04,3.23,2.73,1.09,1.95,1.61,1.92,2.46,,English,,1.48,,,,,,,,,,,,,,,,,,,,,,,,,,,,,,,,,
"United States, Public Health  Service",e,12.02,t,9.87,o,8.63,r,7.36,i,7.31,a,6.88,n,6.72,s,5.45,h,4.01,d,3.76,12.02,6.88,5.45,6.72,7.31,7.36,3.3,9.87,8.63,3.2,3.76,3.62,2.34,2.72,,2.48,1.72,2.52,4.01,,English,,1.98,,1.8,,,,,,,,,,,,,,,,,,,,,,,,,,,,,,,
United States.  Central Intelligence Agency,e,11.04,a,9.73,t,7.93,i,7.92,n,7.89,o,7.38,r,7.06,s,6.35,l,4.83,c,3.92,11.04,9.73,6.35,7.89,7.92,7.06,4.83,7.93,7.38,3.1,3.55,3.92,3.25,2.6,1.07,1.91,1.7,1.85,2.59,,English,,1.6,,,,,,,,,,,,,,,,,,,,,,,,,,,,,,,,,
United States. Central Intelligence Agency,e,11.11,a,9.83,i,7.97,n,7.88,t,7.86,o,7.24,r,6.96,s,6.41,l,4.91,c,3.74,11.11,9.83,6.41,7.88,7.97,6.96,4.91,7.86,7.24,3.11,3.53,3.74,3.23,2.61,1.11,1.95,1.71,1.86,2.63,,English,,1.6,,,,,,,,,,,,,,,,,,,,,,,,,,,,,,,,,
Unknown,e,12.77,t,9.36,a,7.97,o,7.52,n,6.93,h,6.69,i,6.52,s,6.02,r,5.97,d,4.78,12.77,7.97,6.02,6.93,6.52,5.97,3.74,9.36,7.52,2.59,4.78,2.53,2.48,1.85,,1.96,1.6,2.45,6.69,,English,,1.74,,2.35,,,,,,,,,,,,,,,,,,,,,,,,,,,,,,,
Upton Sinclair,e,12.67,t,9.41,a,8.28,o,7.56,n,6.94,h,6.68,i,6.34,s,5.86,r,5.58,d,4.84,12.67,8.28,5.86,6.94,6.34,5.58,3.81,9.41,7.56,2.78,4.84,2.37,2.42,1.79,,2.21,1.46,2.18,6.68,,English,,1.8,,2.63,,,,,,,,,,,,,,,,,,,,,,,,,,,,,,,
US Government,e,12.01,t,10.32,o,8.49,a,7.63,i,7.06,r,6.96,n,6.93,s,5.4,h,4.62,l,3.44,12.01,7.63,5.4,6.93,7.06,6.96,3.44,10.32,8.49,2.96,3.37,3.31,2.38,2.29,,2.3,1.58,2.49,4.62,,English,,2.08,,2.09,,,,,,,,,,,,,,,,,,,,,,,,,,,,,,,
Vance Aandahl,e,11.91,t,9.65,o,8.4,r,7.17,i,7.09,a,6.79,n,6.75,s,5.73,h,4.31,d,3.72,11.91,6.79,5.73,6.75,7.09,7.17,3.57,9.65,8.4,3.17,3.72,3.45,2.33,2.44,,2.59,1.81,2.21,4.31,,English,,2.25,,2.01,,,,,,,,,,,,,,,,,,,,,,,,,,,,,,,
Various,e,12.22,t,8.78,a,8.08,o,7.88,n,7.28,i,6.94,r,6.39,s,6.28,h,4.97,l,4.24,12.22,8.08,6.28,7.28,6.94,6.39,4.24,8.78,7.88,2.7,3.98,3.14,2.59,2.22,,2.01,1.65,2.77,4.97,,English,,1.79,,1.62,,,,,,,,,,,,,,,,,,,,,,,,,,,,,,,
Vaseleos Garson,e,12.62,t,9.98,o,7.7,a,7.02,i,6.85,n,6.41,r,6.09,s,5.91,h,5.35,l,4.1,12.62,7.02,5.91,6.41,6.85,6.09,4.1,9.98,7.7,3.37,4.01,3.08,2.03,2.39,,2.4,1.65,2.18,5.35,,English,,2.01,,2.12,,,,,,,,,,,,,,,,,,,,,,,,,,,,,,,
Vasili__i__ Vasil__evich Vereshchagin,e,12.8,t,9.35,a,7.81,o,7.75,n,7.0,i,6.64,s,6.63,r,6.41,h,5.99,d,4.14,12.8,7.81,6.63,7.0,6.64,6.41,3.62,9.35,7.75,2.83,4.14,2.75,2.37,1.91,,1.91,1.45,2.55,5.99,,English,,1.67,,2.14,,,,,,,,,,,,,,,,,,,,,,,,,,,,,,,
Vatsyayana,e,12.5,t,8.62,a,8.11,o,8.09,n,7.34,s,6.92,i,6.75,h,6.61,r,5.86,d,3.77,12.5,8.11,6.92,7.34,6.75,5.86,3.57,8.62,8.09,2.61,3.77,2.6,2.54,1.65,,2.09,1.62,2.66,6.61,,English,,1.55,,2.06,,,,,,,,,,,,,,,,,,,,,,,,,,,,,,,
Victor Hugo,e,12.98,t,9.17,a,8.07,o,7.3,h,6.92,i,6.86,n,6.6,s,6.41,r,5.96,d,4.28,12.98,8.07,6.41,6.6,6.86,5.96,4.04,9.17,7.3,2.74,4.28,2.64,2.45,1.74,,1.99,1.48,2.22,6.92,,English,,1.6,,2.22,,,,,,,,,,,,,,,,,,,,,,,,,,,,,,,
Virgil,e,12.14,t,8.62,a,8.15,s,7.26,n,7.19,o,7.11,h,6.91,r,6.56,i,6.44,d,4.63,12.14,8.15,7.26,7.19,6.44,6.56,4.22,8.62,7.11,2.91,4.63,2.17,2.2,1.61,,2.1,1.33,2.35,6.91,,English,,1.79,,2.25,,,,,,,,,,,,,,,,,,,,,,,,,,,,,,,
Virginia Woolf,e,11.87,t,9.3,o,8.3,a,7.24,r,7.1,i,6.74,n,6.44,s,5.86,h,5.21,d,3.98,11.87,7.24,5.86,6.44,6.74,7.1,3.91,9.3,8.3,3.05,3.98,3.19,2.22,2.26,,2.75,1.67,2.14,5.21,,English,,1.99,,2.15,,,,,,,,,,,,,,,,,,,,,,,,,,,,,,,
Vitruvius,e,12.84,t,10.37,o,7.51,a,7.35,i,7.13,n,6.56,h,6.49,s,6.46,r,6.24,l,3.77,12.84,7.35,6.46,6.56,7.13,6.24,3.77,10.37,7.51,2.78,3.67,3.03,2.21,2.11,,1.76,1.67,2.7,6.49,,English,,1.3,,1.86,,,,,,,,,,,,,,,,,,,,,,,,,,,,,,,
Vivian H. Galbraith,e,12.42,t,9.77,o,7.82,a,7.78,i,7.23,n,6.98,s,6.6,r,6.3,h,5.02,l,3.74,12.42,7.78,6.6,6.98,7.23,6.3,3.74,9.77,7.82,2.6,3.66,3.14,2.35,2.02,,1.77,2.24,2.7,5.02,,English,,1.87,,1.78,,,,,,,,,,,,,,,,,,,,,,,,,,,,,,,
Voltaire,e,12.52,t,8.88,a,8.42,o,7.53,i,7.02,n,6.82,s,6.33,h,6.02,r,5.91,d,4.77,12.52,8.42,6.33,6.82,7.02,5.91,3.62,8.88,7.53,2.8,4.77,2.74,2.54,1.9,,1.97,1.54,2.07,6.02,,English,,1.92,,2.32,,,,,,,,,,,,,,,,,,,,,,,,,,,,,,,
W. C. Tuttle,e,12.87,t,9.17,o,7.94,a,7.41,r,6.51,n,6.46,i,6.2,h,5.94,s,5.45,d,4.43,12.87,7.41,5.45,6.46,6.2,6.51,3.92,9.17,7.94,2.99,4.43,2.78,2.35,1.86,,2.09,1.86,2.09,5.94,,English,,2.17,,2.43,,,,,,,,,,,,,,,,,,,,,,,,,,,,,,,
W. E. B. Du Bois,e,12.47,t,9.2,a,7.93,o,7.52,n,7.3,i,6.77,s,6.32,r,6.09,h,5.89,d,4.53,12.47,7.93,6.32,7.3,6.77,6.09,4.38,9.2,7.52,2.64,4.53,2.63,2.39,1.61,,2.16,1.49,2.51,5.89,,English,,1.77,,2.26,,,,,,,,,,,,,,,,,,,,,,,,,,,,,,,
W. H. L. Watson,e,12.75,t,9.47,a,8.14,o,7.54,n,6.67,r,6.5,i,6.28,s,5.79,h,5.71,d,4.54,12.75,8.14,5.79,6.67,6.28,6.5,4.04,9.47,7.54,2.96,4.54,2.56,2.29,1.67,,2.35,1.6,2.45,5.71,,English,,1.74,,2.66,,,,,,,,,,,,,,,,,,,,,,,,,,,,,,,
W. M. Maskell,e,12.16,t,8.76,a,7.98,i,7.58,o,7.41,n,7.22,s,6.76,r,6.04,l,4.89,h,4.11,12.16,7.98,6.76,7.22,7.58,6.04,4.89,8.76,7.41,3.06,3.37,3.53,2.64,2.5,,2.22,1.64,2.59,4.11,,English,,1.54,,1.31,,,,,,,,,,,,,,,,,,,,,,,,,,,,,,,
W. R. S. Ralston,e,12.67,t,9.14,a,8.1,o,7.65,h,6.94,n,6.72,i,6.66,s,6.45,r,5.91,d,4.31,12.67,8.1,6.45,6.72,6.66,5.91,3.77,9.14,7.65,2.51,4.31,2.28,2.35,1.76,,2.16,1.57,2.31,6.94,,English,,1.88,,2.22,,,,,,,,,,,,,,,,,,,,,,,,,,,,,,,
W. S. Crockett,e,12.09,t,9.16,o,8.0,a,7.93,n,6.69,i,6.67,s,6.64,r,6.59,h,5.68,d,4.26,12.09,7.93,6.64,6.69,6.67,6.59,4.25,9.16,8.0,2.46,4.26,2.89,2.42,1.71,,1.93,1.9,2.55,5.68,,English,,1.67,,2.22,,,,,,,,,,,,,,,,,,,,,,,,,,,,,,,
W. Somerset Maugham,e,12.36,t,9.16,a,8.01,o,7.41,h,7.3,i,7.14,n,6.66,s,6.18,r,5.19,d,4.67,12.36,8.01,6.18,6.66,7.14,5.19,4.1,9.16,7.41,2.82,4.67,2.29,2.46,1.87,,1.95,1.35,2.08,7.3,,English,,2.02,,2.68,,,,,,,,,,,,,,,,,,,,,,,,,,,,,,,
W. W. Sleigh,e,12.49,t,9.73,o,8.09,a,7.59,i,7.32,n,7.14,s,6.35,r,6.13,h,5.38,l,4.05,12.49,7.59,6.35,7.14,7.32,6.13,4.05,9.73,8.09,2.81,3.69,3.15,2.32,2.02,,1.63,1.64,2.49,5.38,,English,,1.94,,1.64,,,,,,,,,,,,,,,,,,,,,,,,,,,,,,,
W.H.G. Kingston,e,12.78,t,9.27,o,7.89,a,7.89,h,6.49,n,6.42,i,6.2,r,6.09,s,5.76,d,4.61,12.78,7.89,5.76,6.42,6.2,6.09,3.59,9.27,7.89,3.07,4.61,2.57,2.31,1.87,,2.28,1.57,2.36,6.49,,English,,1.83,,2.83,,,,,,,,,,,,,,,,,,,,,,,,,,,,,,,
W.W. Jacobs,e,11.83,t,9.51,o,8.16,i,7.36,a,7.22,r,6.66,n,6.57,s,5.89,h,4.99,d,4.36,11.83,7.22,5.89,6.57,7.36,6.66,3.61,9.51,8.16,3.01,4.36,3.04,2.53,2.26,,2.43,1.7,2.3,4.99,,English,,2.03,,2.11,,,,,,,,,,,,,,,,,,,,,,,,,,,,,,,
Wadsworth Camp,e,12.63,t,9.03,a,7.91,o,7.59,h,6.91,i,6.58,n,6.37,s,6.08,r,5.86,d,4.8,12.63,7.91,6.08,6.37,6.58,5.86,3.78,9.03,7.59,2.87,4.8,2.53,2.54,1.59,,2.09,2.12,2.0,6.91,,English,,2.14,,2.3,,,,,,,,,,,,,,,,,,,,,,,,,,,,,,,
Wallace D. Wattles,e,11.62,t,9.98,o,8.56,i,7.63,n,7.23,a,7.18,s,5.91,r,5.8,h,5.41,l,3.8,11.62,7.18,5.91,7.23,7.63,5.8,3.8,9.98,8.56,3.43,3.14,3.13,2.36,1.96,,2.2,1.47,2.35,5.41,,English,,2.56,,2.07,,,,,,,,,,,,,,,,,,,,,,,,,,,,,,,
Walt Whitman,e,12.27,t,8.86,o,7.87,a,7.73,n,7.11,s,7.05,i,6.6,r,6.19,h,5.9,l,4.5,12.27,7.73,7.05,7.11,6.6,6.19,4.5,8.86,7.87,2.83,4.06,2.25,2.66,1.73,,2.32,1.38,2.47,5.9,,English,,2.02,,2.07,,,,,,,,,,,,,,,,,,,,,,,,,,,,,,,
Walter Crane,e,11.68,t,9.9,o,8.79,r,7.48,i,7.21,n,6.75,a,6.56,s,5.06,h,3.82,c,3.73,11.68,6.56,5.06,6.75,7.21,7.48,3.37,9.9,8.79,3.31,3.59,3.73,2.31,2.83,,2.65,1.85,2.56,3.82,,English,,2.06,,1.91,,,,,,,,,,,,,,,,,,,,,,,,,,,,,,,
Walter James Hoffman,e,12.46,t,9.29,i,8.49,a,7.44,n,7.18,o,7.17,s,6.49,r,5.97,h,5.93,d,4.27,12.46,7.44,6.49,7.18,8.49,5.97,2.93,9.29,7.17,2.19,4.27,2.93,2.65,2.14,,2.13,1.46,2.41,5.93,,English,,1.25,,2.0,,,,,,,,,,,,,,,,,,,,,,,,,,,,,,,
Walter Scott,e,12.61,t,9.02,a,7.83,o,7.48,h,6.73,n,6.65,i,6.62,r,6.38,s,6.36,d,4.54,12.61,7.83,6.36,6.65,6.62,6.38,3.9,9.02,7.48,2.77,4.54,2.71,2.45,1.74,,1.88,1.63,2.43,6.73,,English,,1.74,,2.27,,,,,,,,,,,,,,,,,,,,,,,,,,,,,,,
Walter William Skeat,e,11.14,a,10.75,t,8.5,i,7.18,n,7.11,o,6.49,s,5.86,r,5.71,h,5.67,l,3.99,11.14,10.75,5.86,7.11,7.18,5.71,3.99,8.5,6.49,3.13,3.82,2.57,2.81,2.16,,2.46,2.03,2.19,5.67,,English,,1.58,,1.67,,,,,,,,,,,,,,,,,,,,,,,,,,,,,,,
Washington Irving,e,12.64,t,9.16,a,7.9,o,7.47,n,7.06,i,6.89,h,6.26,s,6.22,r,6.19,d,4.28,12.64,7.9,6.22,7.06,6.89,6.19,3.85,9.16,7.47,2.67,4.28,2.71,2.41,1.96,,2.09,1.59,2.56,6.26,,English,,1.71,,2.13,,,,,,,,,,,,,,,,,,,,,,,,,,,,,,,
Wentworth Webster,e,12.84,t,9.49,a,8.4,h,7.58,o,7.52,s,6.84,i,6.56,n,6.43,r,5.54,d,3.93,12.84,8.4,6.84,6.43,6.56,5.54,3.86,9.49,7.52,2.57,3.93,2.05,2.48,1.46,,2.19,1.44,2.07,7.58,,English,,2.14,,2.08,,,,,,,,,,,,,,,,,,,,,,,,,,,,,,,
Wilfred T. Grenfell,e,12.0,t,9.51,o,8.21,a,7.73,n,6.97,i,6.91,r,5.99,s,5.77,h,5.45,d,4.19,12.0,7.73,5.77,6.97,6.91,5.99,3.89,9.51,8.21,2.75,4.19,2.77,2.44,1.85,,2.61,1.61,2.62,5.45,,English,,1.95,,2.44,,,,,,,,,,,,,,,,,,,,,,,,,,,,,,,
Wilkie Collins,e,12.68,t,9.21,a,7.82,o,7.66,i,7.13,n,6.98,s,6.22,h,6.17,r,5.93,d,4.27,12.68,7.82,6.22,6.98,7.13,5.93,3.79,9.21,7.66,2.64,4.27,2.47,3.0,1.71,,1.88,1.35,2.32,6.17,,English,,2.24,,2.31,,,,,,,,,,,,,,,,,,,,,,,,,,,,,,,
Will N. Harben,e,11.84,t,9.12,a,8.3,o,8.08,i,7.11,n,6.89,h,6.19,s,5.77,r,5.38,l,4.63,11.84,8.3,5.77,6.89,7.11,5.38,4.63,9.12,8.08,3.0,4.47,2.06,2.53,1.64,,2.06,1.73,2.01,6.19,,English,,2.33,,2.42,,,,,,,,,,,,,,,,,,,,,,,,,,,,,,,
Willa Cather,e,12.54,t,8.91,a,8.01,o,7.64,n,6.94,h,6.72,i,6.29,r,5.96,s,5.91,d,4.72,12.54,8.01,5.91,6.94,6.29,5.96,4.06,8.91,7.64,2.77,4.72,2.19,2.57,1.51,,2.33,1.56,1.99,6.72,,English,,1.93,,2.83,,,,,,,,,,,,,,,,,,,,,,,,,,,,,,,
Willard Grosvenor Bleyer,e,12.72,t,9.4,a,8.05,o,7.43,n,7.09,i,6.79,s,6.47,r,6.39,h,5.73,d,4.04,12.72,8.05,6.47,7.09,6.79,6.39,3.94,9.4,7.43,2.41,4.04,3.01,2.43,1.86,,1.94,1.62,2.42,5.73,,English,,1.8,,2.18,,,,,,,,,,,,,,,,,,,,,,,,,,,,,,,
William Bisiker,e,12.53,t,9.21,a,8.18,o,7.65,n,6.78,r,6.58,i,6.51,s,6.25,h,5.61,d,4.12,12.53,8.18,6.25,6.78,6.51,6.58,4.02,9.21,7.65,2.85,4.12,2.64,2.16,1.81,,2.08,1.53,2.67,5.61,,English,,1.56,,2.45,,,,,,,,,,,,,,,,,,,,,,,,,,,,,,,
William Blake,e,12.72,t,9.02,o,7.78,a,7.26,n,6.97,i,6.91,r,6.7,s,5.93,h,5.41,d,4.0,12.72,7.26,5.93,6.97,6.91,6.7,4.0,9.02,7.78,2.67,4.0,2.82,2.39,2.17,,2.45,1.72,2.29,5.41,,English,,2.12,,2.29,,,,,,,,,,,,,,,,,,,,,,,,,,,,,,,
William Byron Forbush,e,12.31,t,9.27,o,7.62,a,7.59,i,7.45,n,6.72,r,6.42,s,6.25,h,5.4,l,4.15,12.31,7.59,6.25,6.72,7.45,6.42,4.15,9.27,7.62,2.65,3.77,3.6,2.51,2.35,,2.3,1.57,2.22,5.4,,English,,2.01,,1.71,,,,,,,,,,,,,,,,,,,,,,,,,,,,,,,
William Carpenter,e,12.26,t,10.49,o,8.32,a,7.88,i,7.02,n,6.79,r,6.37,s,6.36,h,6.04,l,3.85,12.26,7.88,6.36,6.79,7.02,6.37,3.85,10.49,8.32,2.74,3.19,2.87,2.01,2.11,,1.85,1.57,2.43,6.04,,English,,1.67,,2.02,,,,,,,,,,,,,,,,,,,,,,,,,,,,,,,
William Congreve,e,11.16,t,8.54,a,8.34,o,8.27,i,7.51,n,6.43,r,6.36,s,5.93,h,5.17,l,4.57,11.16,8.34,5.93,6.43,7.51,6.36,4.57,8.54,8.27,3.35,3.77,2.33,3.49,1.7,,1.52,1.58,2.5,5.17,,English,,2.85,,2.4,,,,,,,,,,,,,,,,,,,,,,,,,,,,,,,
William Coxe,e,12.55,t,9.61,a,8.16,o,7.56,s,7.11,n,7.05,i,6.79,r,6.47,h,5.85,d,4.0,12.55,8.16,7.11,7.05,6.79,6.47,3.19,9.61,7.56,2.65,4.0,2.96,2.24,1.79,,1.56,1.55,2.81,5.85,,English,,1.53,,1.73,,,,,,,,,,,,,,,,,,,,,,,,,,,,,,,
William D. Lighthall,e,12.55,t,9.34,a,8.04,o,7.73,n,6.89,r,6.88,i,6.8,s,5.76,h,5.28,d,4.15,12.55,8.04,5.76,6.89,6.8,6.88,3.49,9.34,7.73,2.73,4.15,3.25,2.54,2.02,,2.15,1.65,2.58,5.28,,English,,1.79,,2.08,,,,,,,,,,,,,,,,,,,,,,,,,,,,,,,
William Dugdale,e,11.92,t,8.8,o,8.07,a,7.15,i,7.03,n,6.72,s,6.3,r,6.03,h,5.03,d,4.26,11.92,7.15,6.3,6.72,7.03,6.03,4.2,8.8,8.07,3.4,4.26,2.8,2.92,2.06,,2.35,1.48,2.45,5.03,,English,,2.56,,2.17,,,,,,,,,,,,,,,,,,,,,,,,,,,,,,,
William Eleroy Curtis,e,12.53,t,9.25,a,8.06,n,7.58,o,7.52,i,7.39,s,6.22,r,5.97,h,5.71,d,4.36,12.53,8.06,6.22,7.58,7.39,5.97,3.95,9.25,7.52,2.55,4.36,3.04,2.56,2.02,,1.8,1.36,2.37,5.71,,English,,1.66,,2.08,,,,,,,,,,,,,,,,,,,,,,,,,,,,,,,
William H. Herndon,e,12.5,t,9.15,a,7.86,o,7.62,n,7.55,i,7.35,s,6.13,r,5.93,h,5.82,d,4.3,12.5,7.86,6.13,7.55,7.35,5.93,4.22,9.15,7.62,2.62,4.3,2.82,2.52,1.81,,1.92,1.38,2.45,5.82,,English,,1.72,,2.2,,,,,,,,,,,,,,,,,,,,,,,,,,,,,,,
William Henry Barker,e,13.31,t,9.55,a,7.87,o,7.43,h,7.05,n,6.77,i,6.62,s,5.63,r,5.61,d,4.56,13.31,7.87,5.63,6.77,6.62,5.61,3.76,9.55,7.43,2.57,4.56,2.28,2.55,1.74,,2.22,1.36,2.31,7.05,,English,,1.92,,2.44,,,,,,,,,,,,,,,,,,,,,,,,,,,,,,,
William Henry Meadowcroft,e,13.06,t,10.34,o,7.63,a,7.35,i,7.01,r,6.46,n,6.44,s,5.88,h,5.31,l,4.03,13.06,7.35,5.88,6.44,7.01,6.46,4.03,10.34,7.63,3.08,3.13,3.72,2.27,2.24,,1.97,1.49,2.15,5.31,,English,,2.0,,2.44,,,,,,,,,,,,,,,,,,,,,,,,,,,,,,,
William Henry Newlin,e,12.88,t,8.81,o,8.16,a,7.76,n,7.24,r,6.48,i,6.14,s,5.95,h,5.38,d,4.94,12.88,7.76,5.95,7.24,6.14,6.48,3.61,8.81,8.16,3.24,4.94,2.67,2.23,1.83,,2.16,1.4,2.33,5.38,,English,,1.51,,3.1,,,,,,,,,,,,,,,,,,,,,,,,,,,,,,,
William Holmes McGuffey,e,11.44,t,9.62,o,8.2,i,7.38,a,7.18,n,6.8,s,6.26,r,5.88,h,5.28,l,4.59,11.44,7.18,6.26,6.8,7.38,5.88,4.59,9.62,8.2,2.8,3.83,2.84,2.22,2.18,,2.37,1.71,1.97,5.28,,English,,2.19,,2.46,,,,,,,,,,,,,,,,,,,,,,,,,,,,,,,
William J. Long,e,12.49,t,8.7,a,7.8,o,7.46,i,7.33,s,7.21,n,7.02,r,6.56,h,5.63,l,4.45,12.49,7.8,7.21,7.02,7.33,6.56,4.45,8.7,7.46,2.43,3.76,2.77,2.42,1.9,,1.96,1.44,2.57,5.63,,English,,1.91,,2.01,,,,,,,,,,,,,,,,,,,,,,,,,,,,,,,
William James,e,12.48,t,9.69,i,7.96,o,7.71,a,7.47,n,7.22,s,7.02,r,5.61,h,5.38,l,4.01,12.48,7.47,7.02,7.22,7.96,5.61,4.01,9.69,7.71,2.77,3.2,3.25,2.57,1.95,,1.76,1.47,2.57,5.38,,English,,1.85,,1.85,,,,,,,,,,,,,,,,,,,,,,,,,,,,,,,
William John Courthope,e,12.51,t,9.56,a,7.75,i,7.66,o,7.65,n,6.94,s,6.67,r,6.12,h,5.84,d,3.97,12.51,7.75,6.67,6.94,7.66,6.12,3.6,9.56,7.65,2.65,3.97,3.09,2.35,2.16,,1.73,1.42,2.67,5.84,,English,,1.64,,1.92,,,,,,,,,,,,,,,,,,,,,,,,,,,,,,,
William Lord Watts,e,12.29,t,9.01,a,8.03,o,7.47,n,6.7,i,6.45,r,6.29,s,6.18,h,5.49,l,4.07,12.29,8.03,6.18,6.7,6.45,6.29,4.07,9.01,7.47,3.14,4.07,2.93,2.38,1.97,,2.02,1.55,2.68,5.49,,English,,1.57,,2.41,,,,,,,,,,,,,,,,,,,,,,,,,,,,,,,
William Lyon Phelps,e,12.38,t,9.03,a,7.77,o,7.67,i,7.5,n,6.96,s,6.88,r,6.29,h,5.86,l,4.14,12.38,7.77,6.88,6.96,7.5,6.29,4.14,9.03,7.67,2.56,3.55,2.51,2.73,2.05,,1.95,1.51,2.45,5.86,,English,,1.97,,2.0,,,,,,,,,,,,,,,,,,,,,,,,,,,,,,,
William Makepeace Thackeray,e,12.37,t,8.44,a,8.29,o,7.59,n,6.77,h,6.53,s,6.44,i,6.42,r,6.2,d,4.69,12.37,8.29,6.44,6.77,6.42,6.2,3.95,8.44,7.59,2.7,4.69,2.54,2.65,1.75,,2.13,1.64,2.13,6.53,,English,,2.03,,2.51,,,,,,,,,,,,,,,,,,,,,,,,,,,,,,,
William Morrison,e,12.3,t,10.04,o,8.06,a,7.41,i,6.87,n,6.53,r,6.15,s,5.41,h,5.3,d,4.25,12.3,7.41,5.41,6.53,6.87,6.15,3.66,10.04,8.06,3.38,4.25,3.1,2.31,2.13,,2.4,1.63,2.38,5.3,,English,,2.09,,2.05,,,,,,,,,,,,,,,,,,,,,,,,,,,,,,,
William Shakespeare,e,11.98,t,8.82,o,8.27,a,7.61,i,6.68,s,6.51,n,6.45,r,6.24,h,6.21,l,4.4,11.98,7.61,6.51,6.45,6.68,6.24,4.4,8.82,8.27,3.37,3.91,2.32,2.9,1.55,,1.83,1.59,2.13,6.21,,English,,2.43,,2.35,,,,,,,,,,,,,,,,,,,,,,,,,,,,,,,
William Stephens,e,12.07,t,9.69,o,8.03,i,7.34,a,7.17,n,6.82,r,6.33,s,6.19,h,6.07,l,3.65,12.07,7.17,6.19,6.82,7.34,6.33,3.65,9.69,8.03,2.93,3.64,3.41,2.22,2.14,,2.16,1.67,2.3,6.07,,English,,1.96,,1.91,,,,,,,,,,,,,,,,,,,,,,,,,,,,,,,
William Strunk,e,13.01,t,9.55,o,7.75,i,7.63,a,7.13,n,7.05,s,6.8,r,6.55,h,4.64,l,3.66,13.01,7.13,6.8,7.05,7.63,6.55,3.66,9.55,7.75,2.91,3.42,3.44,2.51,2.42,,1.81,1.65,2.41,4.64,,English,,1.72,,1.66,,,,,,,,,,,,,,,,,,,,,,,,,,,,,,,
William Stubbs,e,12.92,t,9.12,a,7.76,o,7.64,n,7.35,i,6.91,r,6.42,h,6.33,s,6.27,d,4.25,12.92,7.76,6.27,7.35,6.91,6.42,3.64,9.12,7.64,2.39,4.25,3.13,2.29,1.82,,1.92,1.48,2.68,6.33,,English,,1.59,,2.05,,,,,,,,,,,,,,,,,,,,,,,,,,,,,,,
William Stukeley,e,12.51,t,9.61,a,7.68,o,7.45,i,7.26,n,6.94,s,6.48,r,6.43,h,6.01,l,3.71,12.51,7.68,6.48,6.94,7.26,6.43,3.71,9.61,7.45,2.9,3.55,2.83,2.56,2.04,,1.84,1.71,2.45,6.01,,English,,1.68,,1.84,,,,,,,,,,,,,,,,,,,,,,,,,,,,,,,
William T. Sherman,e,12.35,t,9.16,a,8.54,o,7.91,n,7.29,r,6.63,i,6.4,s,5.92,h,5.38,d,4.49,12.35,8.54,5.92,7.29,6.4,6.63,3.98,9.16,7.91,2.63,4.49,2.84,2.72,1.77,,2.01,1.52,2.47,5.38,,English,,1.71,,2.06,,,,,,,,,,,,,,,,,,,,,,,,,,,,,,,
William Wallace Bass,e,12.09,t,9.86,a,8.23,o,8.12,n,7.12,i,6.75,r,6.23,h,5.5,s,5.39,d,4.46,12.09,8.23,5.39,7.12,6.75,6.23,3.68,9.86,8.12,2.66,4.46,2.64,2.52,1.99,,1.99,1.55,2.26,5.5,,English,,1.77,,2.76,,,,,,,,,,,,,,,,,,,,,,,,,,,,,,,
William Wallace Cook,e,12.45,t,8.94,o,7.91,a,7.79,i,6.84,n,6.63,r,6.28,s,5.94,h,5.72,d,4.25,12.45,7.79,5.94,6.63,6.84,6.28,4.01,8.94,7.91,3.18,4.25,2.48,2.71,2.04,,2.15,1.44,2.42,5.72,,English,,1.97,,2.28,,,,,,,,,,,,,,,,,,,,,,,,,,,,,,,
William Wilkinson,e,12.85,t,9.9,a,7.82,o,7.79,i,7.21,n,7.2,r,6.45,s,6.32,h,5.61,d,3.7,12.85,7.82,6.32,7.2,7.21,6.45,3.3,9.9,7.79,2.7,3.7,3.01,2.44,2.2,,1.73,1.43,2.57,5.61,,English,,1.69,,1.64,,,,,,,,,,,,,,,,,,,,,,,,,,,,,,,
William Withering,e,12.58,t,9.06,a,8.03,i,7.85,o,6.81,n,6.6,s,6.48,r,5.91,h,5.04,d,4.58,12.58,8.03,6.48,6.6,7.85,5.91,3.7,9.06,6.81,3.07,4.58,3.42,2.49,2.03,,1.93,1.53,2.78,5.04,,English,,1.77,,1.73,,,,,,,,,,,,,,,,,,,,,,,,,,,,,,,
William Wordsworth,e,12.23,t,9.07,o,7.77,a,7.72,n,6.69,h,6.67,i,6.5,s,6.36,r,6.08,d,4.59,12.23,7.72,6.36,6.69,6.5,6.08,4.41,9.07,7.77,2.64,4.59,2.07,2.62,1.64,,2.02,1.65,2.14,6.67,,English,,2.36,,2.59,,,,,,,,,,,,,,,,,,,,,,,,,,,,,,,
Wolfgang Amadeus Mozart,e,12.21,t,9.11,a,8.2,o,8.09,i,7.44,n,6.75,s,6.13,r,5.99,h,5.7,l,4.1,12.21,8.2,6.13,6.75,7.44,5.99,4.1,9.11,8.09,2.92,3.68,2.61,3.0,1.69,,1.93,1.53,2.14,5.7,,English,,2.29,,2.16,,,,,,,,,,,,,,,,,,,,,,,,,,,,,,,
Work Projects Administration,e,12.28,a,8.71,o,7.7,n,7.24,t,7.1,s,6.73,i,6.48,d,6.0,r,5.23,h,4.61,12.28,8.71,6.73,7.24,6.48,5.23,4.41,7.1,7.7,3.08,6.0,2.15,3.16,1.47,,2.16,1.9,1.74,4.61,,English,,2.29,,2.91,,,,,,,,,,,,,,,,,,,,,,,,,,,,,,,
X. B. Saintine,e,12.81,t,9.01,o,7.85,i,7.37,a,7.34,n,6.98,r,6.4,s,6.29,h,5.89,d,4.12,12.81,7.34,6.29,6.98,7.37,6.4,3.79,9.01,7.85,2.81,4.12,3.11,2.43,2.14,,1.84,1.36,2.78,5.89,,English,,1.76,,1.8,,,,,,,,,,,,,,,,,,,,,,,,,,,,,,,
Xenophon,e,12.78,t,9.31,a,8.1,o,7.66,h,6.74,n,6.74,s,6.58,i,6.3,r,5.98,d,4.25,12.78,8.1,6.58,6.74,6.3,5.98,3.66,9.31,7.66,3.0,4.25,2.48,2.43,1.66,,1.86,1.39,2.33,6.74,,English,,2.27,,2.38,,,,,,,,,,,,,,,,,,,,,,,,,,,,,,,
Yei Theodora Ozaki,e,12.7,t,9.22,a,8.11,o,8.05,h,7.41,n,6.54,i,6.26,s,5.95,r,5.81,d,4.78,12.7,8.11,5.95,6.54,6.26,5.81,3.73,9.22,8.05,2.69,4.78,1.96,2.51,1.56,,2.15,1.47,2.26,7.41,,English,,1.95,,2.52,,,,,,,,,,,,,,,,,,,,,,,,,,,,,,,
Yevgeny Zamyatin,e,12.64,t,9.22,o,7.63,a,7.57,i,7.18,n,6.73,s,6.15,r,5.89,h,5.78,l,4.55,12.64,7.57,6.15,6.73,7.18,5.89,4.55,9.22,7.63,3.01,4.12,2.27,2.72,1.65,,1.99,1.58,2.14,5.78,,English,,2.4,,2.59,,,,,,,,,,,,,,,,,,,,,,,,,,,,,,,
Yone Noguchi,e,12.13,t,8.41,a,7.91,i,7.78,o,7.65,n,6.5,s,6.28,r,5.93,h,5.47,l,4.21,12.13,7.91,6.28,6.5,7.78,5.93,4.21,8.41,7.65,2.88,3.68,2.7,3.09,2.05,,2.28,1.56,2.2,5.47,,English,,2.6,,2.26,,,,,,,,,,,,,,,,,,,,,,,,,,,,,,,
Z.B. Bishop,e,12.01,t,9.55,a,8.04,o,7.78,i,7.03,n,6.92,r,6.07,s,5.86,h,5.79,d,4.63,12.01,8.04,5.86,6.92,7.03,6.07,3.87,9.55,7.78,3.01,4.63,2.65,2.43,1.72,,2.3,1.58,2.18,5.79,,English,,1.89,,2.28,,,,,,,,,,,,,,,,,,,,,,,,,,,,,,,
Zealia Brown Reed,e,12.42,t,9.39,a,7.83,o,7.68,n,6.93,i,6.56,r,6.43,s,5.9,h,5.37,d,4.39,12.42,7.83,5.9,6.93,6.56,6.43,3.96,9.39,7.68,2.85,4.39,2.94,2.22,1.96,,2.37,1.58,2.29,5.37,,English,,2.03,,2.33,,,,,,,,,,,,,,,,,,,,,,,,,,,,,,,
__mile Zola,e,13.24,t,8.82,a,7.35,o,7.22,h,7.18,i,6.61,s,6.57,n,6.26,r,5.9,l,4.48,13.24,7.35,6.57,6.26,6.61,5.9,4.48,8.82,7.22,3.0,4.33,2.2,2.25,1.62,,2.42,1.64,2.28,7.18,,English,,1.88,,2.44,,,,,,,,,,,,,,,,,,,,,,,,,,,,,,,
___Abdu___l-Bah__,e,12.78,t,9.38,o,7.67,a,7.57,i,7.18,n,7.12,r,6.17,s,6.11,h,5.82,d,4.08,12.78,7.57,6.11,7.12,7.18,6.17,3.8,9.38,7.67,2.81,4.08,2.7,2.22,2.0,,2.14,1.76,2.53,5.82,,English,,1.72,,1.95,,,,,,,,,,,,,,,,,,,,,,,,,,,,,,,
Æsop,e,12.6,t,9.79,a,8.11,o,7.91,h,6.85,n,6.37,i,6.02,s,5.9,r,5.49,d,4.59,12.6,8.11,5.9,6.37,6.02,5.49,4.09,9.79,7.91,2.99,4.59,2.21,2.18,1.71,,2.31,1.47,2.37,6.85,,English,,2.12,,2.53,,,,,,,,,,,,,,,,,,,,,,,,,,,,,,,
Marcus Tullius Cicero,e,12.57,t,9.46,o,7.83,a,7.67,i,7.43,n,6.94,s,6.87,h,6.24,r,5.79,d,3.73,12.57,7.67,6.87,6.94,7.43,5.79,3.5,9.46,7.83,3.06,3.73,2.71,2.4,1.86,,1.65,1.61,2.45,6.24,,English and Latin,,1.91,,2.04,,,,,,,,,,,,,,,,,,,,,,,,,,,,,,,
"Shortland, Edward",e,12.34,a,9.44,t,9.38,o,7.91,i,6.95,n,6.69,r,6.4,h,6.4,s,5.31,d,3.79,12.34,9.44,5.31,6.69,6.95,6.4,2.96,9.38,7.91,3.09,3.79,2.35,2.49,1.95,,2.1,,2.49,6.4,,English and Maori,1.37,1.51,,2.27,,,,,,,,,,,,,,,,,,,,,,,,,,,,,,,
Anonymous,e,15.35,t,8.16,o,7.54,a,6.75,n,6.45,s,6.06,r,5.76,h,5.71,i,5.14,d,4.41,15.35,6.75,6.06,6.45,5.14,5.76,4.3,8.16,7.54,2.66,4.41,2.1,2.2,,,1.87,1.79,2.5,5.71,,"English, Middle (1100-1500)",,3.44,,2.39,,,,,1.98,,,,,,,,,,,,,,,,,,,,,,,,,,
Alexander Pushkin,a,10.91,i,10.49,t,9.48,n,8.6,e,8.15,s,6.75,o,5.39,l,5.36,ä,5.06,k,4.89,8.15,10.91,6.75,8.6,10.49,3.26,5.36,9.48,5.39,4.6,1.14,0.73,2.74,1.95,2.57,,,,2.86,,Finnish,4.89,1.49,1.87,,,,,,,5.06,,,,,,,,,,,,,,,,,,,,,,,,,
August Blanche,a,10.24,i,10.24,n,9.49,t,9.21,e,9.17,s,6.63,o,5.51,u,5.23,l,5.01,ä,4.48,9.17,10.24,6.63,9.49,10.24,3.22,5.01,9.21,5.51,5.23,1.16,0.72,3.28,2.01,2.27,,,,2.4,,Finnish,4.41,1.71,1.39,,,,,,,4.48,,,,,,,,,,,,,,,,,,,,,,,,,
Benjamin Constant,i,10.65,n,10.28,t,10.14,a,10.03,e,8.72,s,6.56,ä,5.67,l,5.66,o,5.18,u,4.96,8.72,10.03,6.56,10.28,10.65,2.21,5.66,10.14,5.18,4.96,1.09,0.37,3.51,1.38,2.06,,,,2.57,,Finnish,4.36,1.73,1.47,,,,,,,5.67,,,,,,,,,,,,,,,,,,,,,,,,,
Björnstjerne Björnson,i,11.07,a,10.84,n,9.64,t,9.51,e,8.24,s,6.87,ä,6.08,l,5.59,k,4.94,o,4.81,8.24,10.84,6.87,9.64,11.07,2.36,5.59,9.51,4.81,4.67,0.82,,2.79,1.72,1.98,,,0.4,3.03,,Finnish,4.94,1.61,1.57,,,,,,,6.08,,,,,,,,,,,,,,,,,,,,,,,,,
Charles G. D. Roberts,a,11.67,i,10.92,n,9.39,t,9.09,e,7.8,s,6.82,ä,5.83,l,5.67,k,5.36,o,4.56,7.8,11.67,6.82,9.39,10.92,2.58,5.67,9.09,4.56,4.55,0.91,,3.23,1.97,2.43,,,,2.57,,Finnish,5.36,1.64,1.62,,,,,,,5.83,0.33,,,,,,,,,,,,,,,,,,,,,,,,
"Friedrich Heinrich Karl, Freiherr de La Motte-Fouqué",a,11.13,i,10.71,n,9.6,t,9.11,e,8.5,s,6.96,l,5.82,ä,5.22,u,4.75,k,4.63,8.5,11.13,6.96,9.6,10.71,2.69,5.82,9.11,4.44,4.75,1.22,0.4,3.03,1.7,2.29,,,,2.91,,Finnish,4.63,1.71,1.67,,,,,,,5.22,,,,,,,,,,,,,,,,,,,,,,,,,
H. G. Wells,i,10.65,a,10.22,t,9.31,n,9.18,e,8.92,s,6.56,l,5.54,o,5.52,u,4.72,k,4.48,8.92,10.22,6.56,9.18,10.65,3.26,5.54,9.31,5.52,4.72,1.22,0.84,3.23,2.0,1.92,,,,2.42,,Finnish,4.48,1.74,1.54,,,,,,,4.29,,,,,,,,,,,,,,,,,,,,,,,,,
Henrik Pontoppidan,a,10.46,i,10.44,n,9.83,t,9.64,e,8.35,s,6.64,ä,5.95,l,5.61,o,5.06,u,5.0,8.35,10.46,6.64,9.83,10.44,2.37,5.61,9.64,5.06,5.0,0.82,0.37,2.61,1.75,2.36,,,,3.02,,Finnish,4.93,1.71,1.7,,,,,,,5.95,,,,,,,,,,,,,,,,,,,,,,,,,
I. S. Turgenev,a,11.61,i,10.84,n,9.69,t,9.3,e,8.2,s,7.08,ä,5.82,l,5.67,k,4.81,o,4.55,8.2,11.61,7.08,9.69,10.84,2.43,5.67,9.3,4.55,4.34,0.92,0.34,2.92,1.66,2.65,,,,2.92,,Finnish,4.81,1.55,1.52,,,,,,,5.82,,,,,,,,,,,,,,,,,,,,,,,,,
Jack London,a,11.41,i,10.74,t,9.4,n,9.07,e,8.03,s,6.88,l,5.49,ä,5.35,k,5.15,o,5.08,8.03,11.41,6.88,9.07,10.74,2.68,5.49,9.4,5.08,4.63,0.81,0.35,2.94,2.11,2.09,,,,2.64,,Finnish,5.15,1.7,2.0,,,,,,,5.35,,,,,,,,,,,,,,,,,,,,,,,,,
James Oliver Curwood,a,10.86,i,10.34,n,9.25,t,9.02,e,8.22,s,6.46,l,5.8,ä,5.72,k,5.24,o,5.17,8.22,10.86,6.46,9.25,10.34,2.57,5.8,9.02,5.17,4.77,1.1,,3.16,1.8,2.54,,0.38,,2.86,,Finnish,5.24,1.63,1.81,,,,,,,5.72,,,,,,,,,,,,,,,,,,,,,,,,,
Jon Olof Åberg,a,10.38,i,10.1,t,9.41,n,9.24,e,8.29,s,7.06,o,5.46,l,5.42,ä,5.4,k,4.59,8.29,10.38,7.06,9.24,10.1,2.93,5.42,9.41,5.46,4.58,1.19,0.73,2.65,2.02,2.16,,,,2.83,,Finnish,4.59,1.69,1.73,,,,,,,5.4,,,,,,,,,,,,,,,,,,,,,,,,,
Jonas Lie,a,11.17,i,10.96,n,10.04,t,8.46,e,8.01,s,7.38,l,6.08,ä,5.33,u,4.99,k,4.88,8.01,11.17,7.38,10.04,10.96,2.33,6.08,8.46,4.82,4.99,0.97,0.31,3.23,1.9,2.24,,,,2.46,,Finnish,4.88,1.59,1.7,,,,,,,5.33,,,,,,,,,,,,,,,,,,,,,,,,,
Juhani Aho,a,11.8,i,10.73,n,9.39,t,9.3,e,8.13,s,7.87,l,5.66,o,5.11,ä,5.11,k,4.96,8.13,11.8,7.87,9.39,10.73,2.16,5.66,9.3,5.11,4.82,0.95,,3.29,1.54,2.15,,,,2.18,,Finnish,4.96,1.68,1.86,,,,,,,5.11,0.35,,,,,,,,,,,,,,,,,,,,,,,,
Kasimir Leino,a,10.97,i,10.11,n,10.06,t,8.62,e,7.82,s,6.56,u,5.92,o,5.87,l,5.51,k,5.04,7.82,10.97,6.56,10.06,10.11,2.85,5.51,8.62,5.87,5.92,0.93,0.5,3.11,1.71,2.42,,,,2.76,,Finnish,5.04,1.87,1.8,,,,,,,3.83,,,,,,,,,,,,,,,,,,,,,,,,,
Kyösti Wilkuna,e,10.56,t,9.75,i,9.09,a,8.68,n,8.0,o,6.93,s,6.02,r,5.08,l,4.42,u,4.12,10.56,8.68,6.02,8.0,9.09,5.08,4.42,9.75,6.93,4.12,2.16,2.24,3.17,2.33,,1.63,,1.34,2.62,,Finnish,2.9,1.82,,,,,,,,2.37,,,,,,,,,,,,,,,,,,,,,,,,,
Larin-Kyösti,a,11.0,i,10.99,n,10.05,t,9.33,e,8.63,s,6.36,u,5.09,o,4.75,l,4.74,ä,4.73,8.63,11.0,6.36,10.05,10.99,3.61,4.74,9.33,4.75,5.09,1.14,0.67,3.49,1.78,1.93,,,,2.53,,Finnish,4.27,1.52,1.35,,,,,,,4.73,,,,,,,,,,,,,,,,,,,,,,,,,
Lauri Soini,a,11.15,i,10.59,t,9.28,n,8.86,e,8.14,s,6.51,o,5.65,l,5.65,k,4.88,ä,4.88,8.14,11.15,6.51,8.86,10.59,3.28,5.65,9.28,5.65,4.57,1.02,0.67,2.72,2.21,2.09,,,,2.39,,Finnish,4.88,1.76,1.56,,,,,,,4.88,,,,,,,,,,,,,,,,,,,,,,,,,
Matti Kurikka,a,10.79,i,10.72,n,9.89,t,8.96,e,8.63,s,6.86,l,5.74,ä,5.31,o,5.18,k,4.71,8.63,10.79,6.86,9.89,10.72,2.76,5.74,8.96,5.18,4.23,1.02,0.57,3.69,1.69,1.75,,,,2.77,,Finnish,4.71,1.66,1.0,,,,,,,5.31,,,,,,,,,,,,,,,,,,,,,,,,,
Maurice Leblanc,i,10.71,a,10.41,n,9.62,t,9.38,e,8.86,s,6.9,l,5.84,ä,5.78,o,4.81,k,4.77,8.86,10.41,6.9,9.62,10.71,2.49,5.84,9.38,4.81,4.73,0.96,,3.19,1.86,2.13,,,,2.82,,Finnish,4.77,1.6,1.61,,,,,,,5.78,0.38,,,,,,,,,,,,,,,,,,,,,,,,
Pierre Loti,a,11.69,i,10.47,t,9.23,n,9.14,e,8.31,s,6.72,l,5.88,u,5.31,k,5.24,o,4.96,8.31,11.69,6.72,9.14,10.47,2.44,5.88,9.23,4.96,5.31,0.99,,3.34,1.73,2.2,,0.27,,2.39,,Finnish,5.24,1.66,1.86,,,,,,,4.76,,,,,,,,,,,,,,,,,,,,,,,,,
Robert Louis Stevenson,i,11.29,a,10.95,n,9.81,t,8.92,e,8.45,s,6.76,l,5.68,ä,5.25,k,5.04,u,4.82,8.45,10.95,6.76,9.81,11.29,2.41,5.68,8.92,4.81,4.82,0.75,,3.68,1.93,2.33,,,,2.51,,Finnish,5.04,1.54,1.81,,,,,,,5.25,0.29,,,,,,,,,,,,,,,,,,,,,,,,
Selma Lagerlöf,a,10.95,i,10.41,n,9.64,t,9.09,e,8.57,s,6.63,ä,5.71,l,5.52,o,5.06,k,4.46,8.57,10.95,6.63,9.64,10.41,3.43,5.52,9.09,5.06,4.44,0.97,0.65,2.72,1.66,2.0,,,,3.07,,Finnish,4.46,1.58,1.68,,,,,,,5.71,,,,,,,,,,,,,,,,,,,,,,,,,
Sven Hedin,a,12.03,i,11.07,t,9.15,n,8.21,e,8.02,s,6.54,l,6.07,k,5.55,ä,5.28,o,4.71,8.02,12.03,6.54,8.21,11.07,2.4,6.07,9.15,4.71,4.58,0.78,,3.93,2.02,2.64,,,,2.1,,Finnish,5.55,1.59,2.1,,,,,,,5.28,0.33,,,,,,,,,,,,,,,,,,,,,,,,
Viljo Kojo,a,9.74,i,9.68,e,9.44,n,9.09,t,8.48,s,6.19,o,5.64,l,5.28,u,5.27,k,4.47,9.44,9.74,6.19,9.09,9.68,4.05,5.28,8.48,5.64,5.27,1.58,1.39,2.71,2.18,1.86,,,,2.69,,Finnish,4.47,2.05,1.31,,,,,,,3.3,,,,,,,,,,,,,,,,,,,,,,,,,
Édouard Laboulaye,a,12.22,i,10.42,n,9.53,t,8.85,e,7.8,s,6.86,l,5.93,ä,5.42,o,5.05,u,4.91,7.8,12.22,6.86,9.53,10.42,2.27,5.93,8.85,5.05,4.91,1.05,,3.21,1.8,1.98,,0.3,,2.84,,Finnish,4.9,1.48,1.86,,,,,,,5.42,,,,,,,,,,,,,,,,,,,,,,,,,
Øvre Richter Frich,i,11.03,a,10.89,n,9.42,t,9.28,e,8.13,s,6.9,l,5.75,ä,5.54,o,5.25,k,4.75,8.13,10.89,6.9,9.42,11.03,2.68,5.75,9.28,5.25,4.53,0.84,,3.27,1.67,2.17,0.4,,,2.82,,Finnish,4.75,1.57,1.67,,,,,,,5.54,,,,,,,,,,,,,,,,,,,,,,,,,
Alaeddine Haidar,e,14.03,s,8.04,a,7.64,t,7.55,n,7.29,r,7.0,i,6.72,o,5.86,u,5.65,l,5.28,14.03,7.64,8.04,7.29,6.72,7.0,5.28,7.55,5.86,5.65,3.72,3.19,2.71,2.64,1.4,1.39,1.1,1.26,1.33,,French,,,,,,,,1.8,,,,,,,,,,,,,,,,,,,,,,,,,,,
Alexandre Dumas,e,14.45,a,7.93,t,7.52,s,7.45,i,7.33,n,6.84,r,6.77,u,6.45,l,5.54,o,5.44,14.45,7.93,7.45,6.84,7.33,6.77,5.54,7.52,5.44,6.45,3.64,3.15,2.95,2.74,1.84,,0.92,1.07,0.92,1.2,French,,,,,,,,1.79,,,,,,,,,,,,,,,,,,,,,,,,,,,
Anonymous,e,16.95,s,7.88,a,7.07,t,6.92,i,6.84,n,6.64,o,6.59,r,6.49,u,6.0,l,5.53,16.95,7.07,7.88,6.64,6.84,6.49,5.53,6.92,6.59,6.0,3.49,3.0,3.27,2.37,1.95,1.1,,1.12,1.45,1.27,French,,0.94,,,,,,,,,,,,,,,,,,,,,,,,,,,,,,,,,
Benjamin Constant,e,14.97,s,8.32,i,7.27,t,7.15,a,7.08,n,7.02,r,6.79,u,6.14,o,5.59,l,5.5,14.97,7.08,8.32,7.02,7.27,6.79,5.5,7.15,5.59,6.14,3.39,3.07,3.01,3.0,1.56,0.9,0.82,1.07,,1.27,French,,,,,,,,2.2,,,,,,,,,,,,,,,,,,,,,,,,,,,
Charles de Rémusat,e,14.73,s,8.25,i,7.96,t,7.72,n,7.34,a,6.89,r,5.93,u,5.83,l,5.8,o,5.46,14.73,6.89,8.25,7.34,7.96,5.93,5.8,7.72,5.46,5.83,3.82,3.57,2.66,3.06,1.25,0.93,0.91,0.93,,1.41,French,,,,,,,,2.2,,,,,,,,,,,,,,,,,,,,,,,,,,,
Charles Dickens and Wilkie Collins,e,15.16,s,7.57,a,7.42,i,7.35,t,7.09,n,6.95,r,6.89,u,6.1,o,5.8,l,5.05,15.16,7.42,7.57,6.95,7.35,6.89,5.05,7.09,5.8,6.1,3.59,2.91,3.05,2.58,2.18,1.18,0.98,1.06,,1.07,French,,,,,,,,1.54,,,,,,,,,,,,,,,,,,,,,,,,,,,
Claude Anet,e,14.58,a,7.86,t,7.54,s,7.44,i,7.23,r,6.98,n,6.66,o,5.86,u,5.18,l,4.7,14.58,7.86,7.44,6.66,7.23,6.98,4.7,7.54,5.86,5.18,3.35,2.96,3.27,2.82,1.4,1.41,,1.39,1.73,,French,,,1.09,,,,,1.32,,,,,,,,,,,,,,,,,,,,,,,,,,,
Ferdinand Berthier,e,14.53,s,8.04,i,7.14,t,7.09,a,7.08,r,6.95,n,6.93,u,6.09,l,5.48,o,5.44,14.53,7.08,8.04,6.93,7.14,6.95,5.48,7.09,5.44,6.09,4.29,3.23,3.01,2.83,1.5,0.95,1.11,1.08,,0.98,French,,,,,,,,2.4,,,,,,,,,,,,,,,,,,,,,,,,,,,
George Sand,e,14.92,a,7.99,s,7.7,i,7.59,t,7.24,n,6.79,r,6.52,u,6.15,o,5.59,l,5.17,14.92,7.99,7.7,6.79,7.59,6.52,5.17,7.24,5.59,6.15,3.53,2.88,3.27,2.75,1.89,0.84,0.88,1.12,,1.21,French,,,,,,,,1.75,,,,,,,,,,,,,,,,,,,,,,,,,,,
Hendrik Conscience,e,15.15,a,8.07,s,7.56,i,7.34,t,7.06,n,6.79,r,6.77,u,5.76,o,5.46,l,4.95,15.15,8.07,7.56,6.79,7.34,6.77,4.95,7.06,5.46,5.76,3.44,2.86,3.88,2.88,1.82,,0.9,1.16,,1.11,French,,,0.97,,,,,1.76,,,,,,,,,,,,,,,,,,,,,,,,,,,
Jean François de La Harpe,e,14.81,s,8.5,a,7.55,t,7.07,r,7.05,n,6.92,i,6.72,u,6.56,l,5.82,o,5.25,14.81,7.55,8.5,6.92,6.72,7.05,5.82,7.07,5.25,6.56,3.96,2.89,2.48,2.85,1.45,1.28,1.01,1.13,,1.4,French,,,,,,,,1.63,,,,,,,,,,,,,,,,,,,,,,,,,,,
Jean Pérez,e,15.6,s,8.71,n,7.11,t,7.08,l,6.76,a,6.69,i,6.53,r,6.51,u,6.2,o,5.4,15.6,6.69,8.71,7.11,6.53,6.51,6.76,7.08,5.4,6.2,3.76,3.12,2.49,2.95,1.28,0.97,1.12,1.21,,1.03,French,,,,,,,,1.88,,,,,,,,,,,,,,,,,,,,,,,,,,,
Jean-François de La Harpe,e,14.97,s,8.75,a,7.31,n,7.14,r,7.02,t,7.0,i,6.67,u,6.58,l,5.57,o,5.35,14.97,7.31,8.75,7.14,6.67,7.02,5.57,7.0,5.35,6.58,4.07,2.86,2.58,2.87,1.43,1.13,0.93,1.11,,1.44,French,,,,,,,,1.53,,,,,,,,,,,,,,,,,,,,,,,,,,,
Joseph Bertrand,e,14.53,s,8.14,a,7.4,t,7.21,i,7.13,n,7.04,r,6.92,u,5.94,l,5.64,o,5.23,14.53,7.4,8.14,7.04,7.13,6.92,5.64,7.21,5.23,5.94,4.05,3.43,2.88,3.02,1.39,1.0,0.88,1.08,,1.08,French,,,,,,,,2.45,,,,,,,,,,,,,,,,,,,,,,,,,,,
Jules Lemaître,e,13.84,t,8.65,a,7.54,i,7.37,r,6.94,s,6.87,n,6.64,o,6.42,l,5.43,u,5.42,13.84,7.54,6.87,6.64,7.37,6.94,5.43,8.65,6.42,5.42,3.4,3.09,2.51,2.81,1.34,1.66,1.34,1.56,1.81,,French,,0.94,,,,,,,,,,,,,,,,,,,,,,,,,,,,,,,,,
Jules Lermina,e,14.01,t,8.57,s,7.59,i,7.47,r,7.16,a,6.7,o,6.52,n,6.35,u,5.43,l,5.0,14.01,6.7,7.59,6.35,7.47,7.16,5.0,8.57,6.52,5.43,3.65,3.49,2.48,2.99,1.06,1.37,1.13,1.49,1.52,,French,,,,,,,,1.68,,,,,,,,,,,,,,,,,,,,,,,,,,,
Louis Gastine,e,13.99,s,7.98,a,7.69,t,7.35,n,7.3,r,7.13,i,6.95,l,5.93,o,5.58,u,5.43,13.99,7.69,7.98,7.3,6.95,7.13,5.93,7.35,5.58,5.43,3.93,3.19,2.77,3.41,1.37,1.18,1.03,1.25,,0.89,French,,,,,,,,2.02,,,,,,,,,,,,,,,,,,,,,,,,,,,
Marc L'escarbot,e,12.88,t,8.73,o,8.13,r,7.51,i,7.1,a,6.78,n,6.69,s,5.79,u,4.26,c,3.78,12.88,6.78,5.79,6.69,7.1,7.51,3.78,8.73,8.13,4.26,3.5,3.78,2.53,2.8,,2.29,1.6,2.21,2.73,,French,,1.68,,1.3,,,,,,,,,,,,,,,,,,,,,,,,,,,,,,,
Marcel Proust,e,14.76,a,8.17,s,7.67,i,7.64,t,7.23,n,6.96,u,6.42,r,6.31,l,5.59,o,4.99,14.76,8.17,7.67,6.96,7.64,6.31,5.59,7.23,4.99,6.42,3.65,2.97,3.1,2.8,1.78,0.81,,1.01,0.81,1.51,French,,,,,,,,1.85,,,,,,,,,,,,,,,,,,,,,,,,,,,
Mme de Souza,e,15.57,s,7.88,a,7.87,i,7.31,n,6.8,r,6.79,t,6.61,u,6.05,l,5.3,o,5.28,15.57,7.87,7.88,6.8,7.31,6.79,5.3,6.61,5.28,6.05,3.41,2.61,3.52,2.75,1.72,0.92,,1.06,,1.27,French,,,1.24,,,,,1.73,,,,,,,,,,,,,,,,,,,,,,,,,,,
Octave Mirbeau,e,15.01,s,8.7,a,7.38,t,6.97,i,6.97,n,6.92,r,6.44,u,6.42,l,5.65,o,5.49,15.01,7.38,8.7,6.92,6.97,6.44,5.65,6.97,5.49,6.42,3.59,2.94,3.02,2.61,1.6,1.08,1.09,1.09,,1.21,French,,,,,,,,1.64,,,,,,,,,,,,,,,,,,,,,,,,,,,
Paul Margueritte,e,14.77,s,7.79,a,7.29,i,7.1,t,7.03,n,7.02,r,6.66,l,6.1,u,5.88,o,5.86,14.77,7.29,7.79,7.02,7.1,6.66,6.1,7.03,5.86,5.88,3.74,3.36,2.93,2.76,1.38,1.19,0.95,1.44,,1.03,French,,,,,,,,2.05,,,,,,,,,,,,,,,,,,,,,,,,,,,
Stendhal,e,14.52,a,7.96,s,7.43,i,7.39,t,7.26,r,7.0,n,6.61,u,6.1,l,5.59,o,5.5,14.52,7.96,7.43,6.61,7.39,7.0,5.59,7.26,5.5,6.1,3.73,3.01,2.71,2.87,1.76,1.04,1.09,1.28,,1.19,French,,,,,,,,1.68,,,,,,,,,,,,,,,,,,,,,,,,,,,
Victor Hugo,e,16.4,s,7.83,a,7.72,t,7.25,i,7.23,n,6.77,r,6.58,u,6.18,l,5.91,o,5.74,16.4,7.72,7.83,6.77,7.23,6.58,5.91,7.25,5.74,6.18,3.54,3.23,2.87,2.81,1.78,1.0,0.97,1.1,0.98,1.17,French,,,,,,,,,,,,,,,,,,,,,,,,,,,,,,,,,,,
Voltaire,e,14.68,s,8.07,a,7.62,i,7.39,n,7.21,t,7.08,r,6.89,u,5.83,l,5.49,o,5.15,14.68,7.62,8.07,7.21,7.39,6.89,5.49,7.08,5.15,5.83,3.77,3.18,2.81,2.99,1.37,1.24,,1.18,1.04,1.21,French,,,,,,,,1.98,,,,,,,,,,,,,,,,,,,,,,,,,,,
Émile Gaboriau,e,14.22,s,7.74,a,7.48,i,7.35,t,7.32,n,6.95,r,6.86,u,6.03,o,5.84,l,5.54,14.22,7.48,7.74,6.95,7.35,6.86,5.54,7.32,5.84,6.03,3.74,3.22,2.66,2.72,1.46,1.31,1.15,1.38,1.26,,French,,,,,,,,1.67,,,,,,,,,,,,,,,,,,,,,,,,,,,
Albert Schweitzer,e,16.78,n,9.38,s,8.24,i,8.2,r,6.77,t,6.04,d,5.47,a,5.24,h,4.92,u,3.82,16.78,5.24,8.24,9.38,8.2,6.77,3.18,6.04,2.71,3.82,5.47,3.12,2.68,,,3.08,1.62,1.44,4.92,,German,1.13,,,1.55,0.92,,,,,,,,,,,,,,,,,,,,,,,,,,,,,,
Alexander Roda Roda,e,15.58,n,9.5,i,8.14,r,7.74,t,6.45,a,6.27,s,5.95,h,4.99,d,4.29,l,3.59,15.58,6.27,5.95,9.5,8.14,7.74,3.59,6.45,3.06,3.48,4.29,3.23,2.92,1.02,,2.84,1.99,1.69,4.99,,German,1.47,,,1.61,,,,,,,,,,,,,,,,,,,,,,,,,,,,,,,
Arthur Schopenhauer,e,17.12,n,10.17,i,7.96,r,6.83,s,6.43,t,5.86,d,5.18,a,5.08,h,4.86,l,4.09,17.12,5.08,6.43,10.17,7.96,6.83,4.09,5.86,2.5,3.74,5.18,3.08,2.48,,,3.24,1.89,1.39,4.86,,German,1.15,,,1.76,1.05,,,,,,,,,,,,,,,,,,,,,,,,,,,,,,
"Augusta von Wallenrodt, AKA Augusta von Goldstein",e,17.13,n,9.87,i,7.86,r,7.26,t,6.0,s,5.8,h,5.45,d,5.04,a,4.89,l,3.95,17.13,4.89,5.8,9.87,7.86,7.26,3.95,6.0,2.61,3.69,5.04,3.34,2.56,,,2.89,1.91,1.82,5.45,,German,1.07,,,1.68,1.08,,,,,,,,,,,,,,,,,,,,,,,,,,,,,,
Bernhard Kellermann,e,17.45,n,9.92,i,7.61,r,7.3,t,6.15,s,5.89,a,5.63,h,5.27,d,4.7,l,3.94,17.45,5.63,5.89,9.92,7.61,7.3,3.94,6.15,2.31,3.47,4.7,3.34,2.41,,,2.93,1.93,1.6,5.27,,German,1.39,,,1.68,1.18,,,,,,,,,,,,,,,,,,,,,,,,,,,,,,
Bohuslav Kokoschka,e,15.24,n,9.29,i,8.33,t,6.8,r,6.6,a,6.44,s,5.84,h,5.19,d,4.86,l,3.65,15.24,6.44,5.84,9.29,8.33,6.6,3.65,6.8,3.43,3.59,4.86,3.46,2.85,1.16,,2.68,1.89,1.77,5.19,,German,1.25,,,1.73,,,,,,,,,,,,,,,,,,,,,,,,,,,,,,,
Carl Gustav Jung,e,16.81,n,9.96,i,8.58,s,7.69,r,6.58,t,6.27,d,5.09,a,4.68,h,4.45,u,3.85,16.81,4.68,7.69,9.96,8.58,6.58,3.63,6.27,2.56,3.85,5.09,3.04,2.33,,,2.99,1.99,1.46,4.45,,German,1.36,,,1.54,0.99,,,,,,,,,,,,,,,,,,,,,,,,,,,,,,
Ernst Jünger,e,17.12,n,10.57,r,7.47,i,7.1,t,5.98,a,5.35,s,5.26,h,4.79,d,4.73,u,4.04,17.12,5.35,5.26,10.57,7.1,7.47,3.63,5.98,2.49,4.04,4.73,3.39,2.96,,,3.22,1.83,1.82,4.79,,German,1.29,,,1.65,1.23,,,,,,,,,,,,,,,,,,,,,,,,,,,,,,
Felix Salten,e,15.05,n,9.43,i,8.64,r,6.92,a,6.3,t,6.23,h,6.17,s,5.63,d,4.65,c,4.0,15.05,6.3,5.63,9.43,8.64,6.92,3.19,6.23,2.47,3.83,4.65,4.0,3.22,,,2.62,1.82,1.66,6.17,,German,1.13,,,1.96,1.4,,,,,,,,,,,,,,,,,,,,,,,,,,,,,,
Ferdinand Grautoff,e,17.23,n,10.43,r,7.35,i,7.0,s,5.83,a,5.82,t,5.75,d,5.54,h,4.56,u,3.74,17.23,5.82,5.83,10.43,7.0,7.35,3.59,5.75,2.73,3.74,5.54,3.14,2.45,,,2.93,1.73,2.11,4.56,,German,1.28,,,1.56,1.19,,,,,,,,,,,,,,,,,,,,,,,,,,,,,,
Ferdinand Hardekopf,e,12.94,t,8.51,i,7.98,n,7.55,r,7.12,a,6.65,o,6.29,s,5.58,h,4.39,d,3.99,12.94,6.65,5.58,7.55,7.98,7.12,3.28,8.51,6.29,3.4,3.99,3.98,2.78,2.21,,2.81,1.86,2.01,4.39,,German,,1.31,,1.82,,,,,,,,,,,,,,,,,,,,,,,,,,,,,,,
Franz Kafka,e,16.37,n,9.45,r,7.78,i,7.29,t,6.45,s,5.84,a,5.58,h,5.04,d,4.51,u,3.79,16.37,5.58,5.84,9.45,7.29,7.78,3.38,6.45,3.12,3.79,4.51,3.43,2.74,,,3.31,1.74,1.79,5.04,,German,1.18,,,1.78,1.21,,,,,,,,,,,,,,,,,,,,,,,,,,,,,,
Friedrich Nietzsche,e,16.69,n,9.9,i,8.36,s,6.94,r,6.69,t,6.29,d,5.07,a,5.03,h,4.86,l,3.92,16.69,5.03,6.94,9.9,8.36,6.69,3.92,6.29,2.26,3.79,5.07,3.16,2.46,,,3.16,1.74,1.42,4.86,,German,1.29,,,1.85,1.15,,,,,,,,,,,,,,,,,,,,,,,,,,,,,,
Friedrich Wilhelm Nietzsche,e,16.51,n,9.54,i,7.95,s,7.17,r,6.93,h,6.13,t,5.8,d,5.28,a,5.11,l,4.2,16.51,5.11,7.17,9.54,7.95,6.93,4.2,5.8,2.18,4.03,5.28,3.75,2.73,,,2.62,1.86,1.32,6.13,,German,0.97,,,1.98,1.05,,,,,,,,,,,,,,,,,,,,,,,,,,,,,,
Georg Busse-Palma,e,16.01,n,9.65,i,7.79,r,7.37,t,6.49,s,6.48,a,5.78,h,5.26,d,4.63,u,3.6,16.01,5.78,6.48,9.65,7.79,7.37,3.47,6.49,3.34,3.6,4.63,3.44,2.59,0.99,,2.87,1.88,1.68,5.26,,German,1.19,,,1.72,,,,,,,,,,,,,,,,,,,,,,,,,,,,,,,
Gotthold Ephraim Lessing,e,17.06,n,9.9,i,8.18,r,6.7,s,6.06,a,5.75,t,5.74,d,4.87,h,4.66,l,4.28,17.06,5.75,6.06,9.9,8.18,6.7,4.28,5.74,3.22,3.62,4.87,3.21,2.43,0.95,,2.68,2.05,1.81,4.66,,German,0.99,,,1.74,,,,,,,,,,,,,,,,,,,,,,,,,,,,,,,
Gunther Plüschow,e,16.06,n,10.5,i,7.38,r,6.91,a,5.95,t,5.89,s,5.44,h,5.03,d,4.88,u,4.19,16.06,5.95,5.44,10.5,7.38,6.91,3.6,5.89,2.69,4.19,4.88,3.52,2.87,,,3.16,1.88,1.87,5.03,,German,1.26,,,1.8,1.26,,,,,,,,,,,,,,,,,,,,,,,,,,,,,,
Hans Jakob Christoffel vom Grimmelshausen,e,16.77,n,10.14,i,7.99,r,6.96,t,5.68,a,5.68,h,5.52,s,5.51,d,4.89,l,3.96,16.77,5.68,5.51,10.14,7.99,6.96,3.96,5.68,2.66,3.64,4.89,3.67,3.04,,,2.74,1.91,1.46,5.52,,German,1.14,,,1.95,1.04,,,,,,,,,,,,,,,,,,,,,,,,,,,,,,
Heinrich Breitenstein,e,16.87,n,10.3,i,7.76,r,6.97,s,6.53,a,5.96,t,5.46,d,5.13,h,4.76,u,3.74,16.87,5.96,6.53,10.3,7.76,6.97,3.63,5.46,2.68,3.74,5.13,3.25,2.72,,,2.81,1.95,1.64,4.76,,German,1.09,,,1.59,1.08,,,,,,,,,,,,,,,,,,,,,,,,,,,,,,
Heinrich Hoffmann,e,13.17,n,8.18,t,8.04,i,7.81,r,7.45,a,6.23,s,5.63,o,5.52,d,4.64,h,4.54,13.17,6.23,5.63,8.18,7.81,7.45,3.56,8.04,5.52,3.82,4.64,3.74,2.53,2.0,,2.52,1.87,2.12,4.54,,German,1.1,,,1.73,,,,,,,,,,,,,,,,,,,,,,,,,,,,,,,
Heinrich Mann,e,16.79,n,9.52,i,8.08,r,7.36,t,6.07,s,6.02,a,5.75,h,5.62,d,5.05,c,3.57,16.79,5.75,6.02,9.52,8.08,7.36,3.41,6.07,2.33,3.57,5.05,3.57,2.63,,,2.99,1.86,1.59,5.62,,German,1.33,,,1.67,1.1,,,,,,,,,,,,,,,,,,,,,,,,,,,,,,
Heinrich Zschokke,e,15.7,n,9.85,i,8.08,r,7.31,t,5.91,a,5.64,s,5.57,h,5.28,d,5.26,l,4.26,15.7,5.64,5.57,9.85,8.08,7.31,4.26,5.91,3.57,3.59,5.26,3.24,2.83,,,2.71,1.98,1.61,5.28,,German,1.06,,,1.62,1.08,,,,,,,,,,,,,,,,,,,,,,,,,,,,,,
Hermann Hesse,e,15.9,n,10.15,i,8.4,r,6.7,a,6.07,t,5.85,s,5.77,h,5.59,d,4.64,c,3.88,15.9,6.07,5.77,10.15,8.4,6.7,3.59,5.85,2.36,3.82,4.64,3.88,3.23,,,2.82,1.84,1.46,5.59,,German,1.21,,,2.12,0.94,,,,,,,,,,,,,,,,,,,,,,,,,,,,,,
Hermann Waldemar Otto,e,16.11,n,9.87,i,7.68,r,7.4,s,6.68,t,6.36,a,5.62,h,4.7,d,4.61,u,3.73,16.11,5.62,6.68,9.87,7.68,7.4,3.63,6.36,3.36,3.73,4.61,3.32,2.66,,,2.8,2.0,1.63,4.7,,German,1.15,,,1.53,1.08,,,,,,,,,,,,,,,,,,,,,,,,,,,,,,
Johann Gottlieb Fichte,e,16.43,n,9.93,i,8.49,r,7.11,h,5.9,t,5.84,s,5.62,a,5.1,d,4.66,c,3.76,16.43,5.1,5.62,9.93,8.49,7.11,3.32,5.84,2.89,3.65,4.66,3.76,2.51,,,2.9,2.35,1.69,5.9,,German,0.95,,,1.81,1.07,,,,,,,,,,,,,,,,,,,,,,,,,,,,,,
Johann Wolfgang von Goethe,e,15.09,n,9.25,i,7.98,r,6.71,t,6.55,s,6.39,h,6.3,a,5.06,d,4.66,u,3.93,15.09,5.06,6.39,9.25,7.98,6.71,3.83,6.55,2.77,3.93,4.66,3.9,3.08,1.09,,2.73,1.84,1.8,6.3,,German,1.04,,,1.82,,,,,,,,,,,,,,,,,,,,,,,,,,,,,,,
Johanna Kinkel,e,16.38,n,9.88,i,8.17,r,6.97,t,6.74,s,5.86,a,5.1,d,4.76,h,4.55,l,3.85,16.38,5.1,5.86,9.88,8.17,6.97,3.85,6.74,3.66,3.51,4.76,3.41,2.55,1.12,,2.8,1.79,1.79,4.55,,German,1.29,,,1.56,,,,,,,,,,,,,,,,,,,,,,,,,,,,,,,
Johannes von Tepl,e,15.97,n,9.44,i,7.47,r,6.67,t,6.59,s,6.4,a,5.74,d,5.47,h,4.61,l,4.04,15.97,5.74,6.4,9.44,7.47,6.67,4.04,6.59,2.76,3.72,5.47,3.74,2.36,,1.07,2.82,2.52,1.66,4.61,,German,1.07,,,2.07,,,,,,,,,,,,,,,,,,,,,,,,,,,,,,,
Joseph Frick,e,14.86,n,8.93,i,8.06,t,7.43,r,6.92,s,6.47,a,5.54,h,5.06,d,4.87,l,3.72,14.86,5.54,6.47,8.93,8.06,6.92,3.72,7.43,3.48,3.42,4.87,3.63,3.1,,,2.58,1.85,1.76,5.06,,German,1.12,,,1.92,1.11,,,,,,,,,,,,,,,,,,,,,,,,,,,,,,
Kasimir Edschmid,e,16.69,n,9.2,i,8.42,r,6.93,s,6.71,t,6.06,a,5.92,h,5.16,d,4.69,u,3.63,16.69,5.92,6.71,9.2,8.42,6.93,3.62,6.06,2.24,3.63,4.69,3.22,2.69,,,3.0,1.99,1.94,5.16,,German,1.43,,,1.45,1.06,,,,,,,,,,,,,,,,,,,,,,,,,,,,,,
Leopold Schefer,e,16.81,n,10.26,i,7.77,r,7.24,t,5.91,s,5.66,a,5.52,h,5.43,d,4.98,u,3.85,16.81,5.52,5.66,10.26,7.77,7.24,3.82,5.91,2.67,3.85,4.98,3.42,2.67,,,2.81,2.0,1.46,5.43,,German,1.03,,,1.81,1.03,,,,,,,,,,,,,,,,,,,,,,,,,,,,,,
Mark Twain,e,15.81,n,10.34,i,7.74,r,6.63,s,6.06,a,5.99,t,5.98,h,5.5,d,4.86,u,3.98,15.81,5.99,6.06,10.34,7.74,6.63,3.55,5.98,2.58,3.98,4.86,3.57,2.86,,,2.82,1.91,1.57,5.5,,German,1.28,,,2.05,1.14,,,,,,,,,,,,,,,,,,,,,,,,,,,,,,
Max Dauthendey,e,16.94,n,10.31,i,7.89,r,6.69,a,5.99,s,5.91,t,5.79,d,5.55,h,4.86,u,3.73,16.94,5.99,5.91,10.31,7.89,6.69,3.57,5.79,2.61,3.73,5.55,3.14,2.81,,,2.66,1.82,1.67,4.86,,German,1.44,,,1.74,0.96,,,,,,,,,,,,,,,,,,,,,,,,,,,,,,
Minna Wettstein-Adelt,e,16.96,n,10.49,i,8.53,r,7.0,t,6.05,s,5.51,a,5.43,h,5.13,d,4.89,u,3.48,16.96,5.43,5.51,10.49,8.53,7.0,3.43,6.05,2.61,3.48,4.89,3.37,2.78,,,2.67,2.09,1.76,5.13,,German,1.3,,,1.55,1.01,,,,,,,,,,,,,,,,,,,,,,,,,,,,,,
Moritz Spieß,e,16.72,n,9.83,r,6.9,i,6.87,t,6.16,s,6.02,a,5.7,d,5.21,h,4.97,u,3.87,16.72,5.7,6.02,9.83,6.87,6.9,3.74,6.16,2.57,3.87,5.21,3.19,2.75,,,3.38,2.39,1.75,4.97,,German,1.31,,,1.54,1.15,,,,,,,,,,,,,,,,,,,,,,,,,,,,,,
Otto Weininger,e,16.87,n,10.05,i,8.51,s,6.62,r,6.46,t,5.74,d,4.91,a,4.89,h,4.8,l,3.88,16.87,4.89,6.62,10.05,8.51,6.46,3.88,5.74,2.52,3.71,4.91,3.24,2.52,,,2.98,1.93,1.5,4.8,,German,1.19,,,1.63,1.12,,,,,,,,,,,,,,,,,,,,,,,,,,,,,,
Richard Andree,e,17.25,n,10.41,i,7.6,r,7.05,s,6.01,a,5.72,t,5.56,d,5.25,h,4.96,l,3.71,17.25,5.72,6.01,10.41,7.6,7.05,3.71,5.56,2.48,3.68,5.25,3.06,2.45,,,3.16,2.14,1.62,4.96,,German,1.23,,,1.46,1.14,,,,,,,,,,,,,,,,,,,,,,,,,,,,,,
Sigmund Freud,e,17.02,n,10.18,i,7.89,r,7.22,s,6.06,t,5.96,a,5.41,d,5.07,h,4.54,u,4.22,17.02,5.41,6.06,10.18,7.89,7.22,3.57,5.96,2.25,4.22,5.07,3.0,2.92,,,2.99,1.9,1.45,4.54,,German,1.2,,,1.56,1.14,,,,,,,,,,,,,,,,,,,,,,,,,,,,,,
Stendhal,e,17.17,n,10.01,i,8.07,r,7.41,a,5.9,t,5.85,s,5.81,d,4.95,h,4.91,l,3.54,17.17,5.9,5.81,10.01,8.07,7.41,3.54,5.85,2.7,3.43,4.95,3.21,2.54,,,3.02,1.87,1.67,4.91,,German,1.04,,,1.58,1.27,,,,,,,,,,,,,,,,,,,,,,,,,,,,,,
Theodor Fontane,e,16.17,n,10.27,i,7.98,r,6.94,s,6.21,a,5.92,t,5.83,h,5.24,d,5.0,u,4.14,16.17,5.92,6.21,10.27,7.98,6.94,3.79,5.83,2.56,4.14,5.0,3.43,2.49,,,2.77,2.03,1.42,5.24,,German,1.15,,,1.88,1.03,,,,,,,,,,,,,,,,,,,,,,,,,,,,,,
Thomas Mann,e,16.65,n,10.27,i,7.82,r,6.98,s,6.22,t,5.95,a,5.68,h,5.17,d,4.86,u,3.86,16.65,5.68,6.22,10.27,7.82,6.98,3.52,5.95,2.41,3.86,4.86,3.2,2.78,,,3.09,1.95,1.51,5.17,,German,1.36,,,1.68,1.15,,,,,,,,,,,,,,,,,,,,,,,,,,,,,,
Unknown,e,17.01,i,8.05,n,7.8,t,7.15,s,7.1,r,6.78,a,6.77,u,5.87,l,5.15,o,4.79,17.01,6.77,7.1,7.8,8.05,6.78,5.15,7.15,4.79,5.87,3.6,2.86,2.8,1.43,1.18,1.81,1.14,1.29,2.72,0.9,German,,,,,,,,,,,,,,,,,,,,,,,,,,,,,,,,,,,
Wilhelm Busch,e,13.05,t,8.56,i,7.76,n,7.71,r,7.47,o,6.29,a,6.09,s,5.6,d,4.08,h,4.07,13.05,6.09,5.6,7.71,7.76,7.47,3.83,8.56,6.29,3.72,4.08,3.72,2.68,1.98,,2.32,1.84,2.13,4.07,,German,1.36,,,1.68,,,,,,,,,,,,,,,,,,,,,,,,,,,,,,,
Anicius Manlius Torquatus Severinus Boethius,e,11.45,a,8.02,t,7.8,n,6.55,l,6.22,s,6.03,i,4.8,k,4.58,o,4.27,m,4.18,11.45,8.02,6.03,6.55,4.8,3.82,6.22,7.8,4.27,,2.62,,4.18,,2.11,3.74,1.83,,2.03,,Hungarian,4.58,2.22,,,3.48,,,3.15,,,,2.68,,,,,,,,,,,,,,,,,,,,,,,
Lajos Biró,e,10.21,a,9.47,t,7.52,n,6.79,l,5.67,o,4.98,s,4.95,r,4.82,i,4.38,m,4.23,10.21,9.47,4.95,6.79,4.38,4.82,5.67,7.52,4.98,,2.63,,4.23,,1.77,3.92,2.01,,2.17,,Hungarian,3.65,2.51,,,3.2,,,2.46,,,,2.82,,,,,,,,,,,,,,,,,,,,,,,
Alfredo Panzini,e,11.79,a,10.87,i,10.72,o,9.11,r,6.87,n,6.8,l,6.49,t,6.02,s,4.94,c,4.26,11.79,10.87,4.94,6.8,10.72,6.87,6.49,6.02,9.11,3.08,3.72,4.26,2.59,3.01,1.81,1.91,1.04,1.18,1.11,,Italian,,,,,0.74,,,,,,,,,,,,,,,,,,,,,,,,,,,,,,
Antonio Ghislanzoni,e,11.38,i,11.34,a,10.73,o,9.19,l,6.87,n,6.82,r,6.5,t,6.3,s,4.94,c,3.92,11.38,10.73,4.94,6.82,11.34,6.5,6.87,6.3,9.19,3.09,3.92,3.92,2.69,2.82,1.92,1.99,1.07,1.12,0.96,,Italian,,,,,0.85,,,,,,,,,,,,,,,,,,,,,,,,,,,,,,
Filippo Tommaso Marinetti,e,10.72,a,10.44,i,10.41,o,9.0,t,7.68,n,6.65,r,6.58,l,5.65,s,4.98,c,4.69,10.72,10.44,4.98,6.65,10.41,6.58,5.65,7.68,9.0,3.35,3.46,4.69,2.89,2.62,1.36,1.99,1.37,1.64,1.49,,Italian,,,,,0.73,,,,,,,,,,,,,,,,,,,,,,,,,,,,,,
Giuseppe Giacosa,a,11.37,e,10.57,i,10.16,o,8.88,r,7.78,n,6.57,t,6.49,s,5.46,l,5.03,c,3.84,10.57,11.37,5.46,6.57,10.16,7.78,5.03,6.49,8.88,2.53,3.5,3.84,2.58,2.37,1.64,2.58,2.14,1.14,2.01,,Italian,,,,,0.57,,,,,,,,,,,,,,,,,,,,,,,,,,,,,,
Pippo Vigoni,e,11.43,a,11.18,i,10.55,o,9.13,n,7.04,r,6.63,t,6.27,l,5.69,s,5.26,c,4.65,11.43,11.18,5.26,7.04,10.55,6.63,5.69,6.27,9.13,3.2,3.81,4.65,2.61,3.05,1.76,1.99,0.99,1.14,1.19,,Italian,,,,,0.76,,,,,,,,,,,,,,,,,,,,,,,,,,,,,,
Roberto Bracco,e,11.24,a,9.64,o,9.44,i,8.99,t,7.84,r,7.26,n,7.26,s,4.92,l,4.82,c,4.2,11.24,9.64,4.92,7.26,8.99,7.26,4.82,7.84,9.44,3.33,3.64,4.2,2.84,2.62,1.25,2.09,1.42,1.5,2.06,,Italian,,0.91,,,,,,,,,,,,,,,,,,,,,,,,,,,,,,,,,
Unknown,e,11.93,a,11.3,i,9.56,o,9.0,n,6.96,r,6.55,l,6.03,t,5.9,s,5.18,c,4.38,11.93,11.3,5.18,6.96,9.56,6.55,6.03,5.9,9.0,3.05,3.89,4.38,2.79,2.49,2.05,2.21,1.11,1.21,1.47,0.56,Italian,,,,,,,,,,,,,,,,,,,,,,,,,,,,,,,,,,,
Carl Meissner,e,13.1,i,9.08,t,8.43,o,7.96,a,7.92,r,7.37,s,6.38,n,6.23,u,4.6,c,3.83,13.1,7.92,6.38,6.23,9.08,7.37,3.72,8.43,7.96,4.6,2.99,3.83,3.76,2.68,1.22,1.67,1.51,1.96,2.33,,Latin,,1.0,,,,,,,,,,,,,,,,,,,,,,,,,,,,,,,,,
Isaac Newton,i,10.56,e,9.37,t,8.4,a,8.3,u,7.52,r,7.33,s,6.86,n,6.05,o,5.82,m,4.89,9.37,8.3,6.86,6.05,10.56,7.33,3.44,8.4,5.82,7.52,3.73,4.41,4.89,3.56,1.4,1.26,1.47,0.79,,1.64,Latin,,,,,,,,,,,,,0.89,,,,,,,,,,,,,,,,,,,,,,
Virgil,e,12.09,i,9.64,a,9.61,t,8.37,u,7.9,s,7.45,r,7.05,n,6.09,o,5.18,m,5.03,12.09,9.61,7.45,6.09,9.64,7.05,3.28,8.37,5.18,7.9,2.6,3.96,5.03,2.65,1.5,1.37,1.41,1.13,0.98,1.74,Latin,,,,,,,,,,,,,,,,,,,,,,,,,,,,,,,,,,,
Marcus Tullius Cicero,e,11.75,i,9.48,t,8.63,a,7.49,s,7.29,o,6.78,n,6.35,r,5.56,u,4.71,c,3.71,11.75,7.49,7.29,6.35,9.48,5.56,3.32,8.63,6.78,4.71,3.51,3.71,3.54,2.29,1.17,1.24,1.38,1.93,3.68,,Latin with English and Greek (ancient),,,,1.05,,,,,,,,,,,,,,,,,,,,,,,,,,,,,,,
Geoffrey Chaucer,e,14.93,t,9.12,h,7.67,o,7.29,n,7.17,a,7.06,s,6.35,i,5.67,r,5.58,l,4.11,14.93,7.06,6.35,7.17,5.67,5.58,4.11,9.12,7.29,2.35,4.0,2.05,2.48,1.46,,1.72,1.4,2.34,7.67,,Middle English,,2.91,,2.4,,,,,,,,,,,,,,,,,,,,,,,,,,,,,,,
Horace Fletcher,e,12.25,t,10.12,i,7.89,o,7.53,a,7.23,n,6.9,r,6.51,s,6.09,h,5.2,l,4.14,12.25,7.23,6.09,6.9,7.89,6.51,4.14,10.12,7.53,2.77,3.42,3.41,1.94,2.11,,2.45,2.02,2.67,5.2,,NU,,1.6,,1.55,,,,,,,,,,,,,,,,,,,,,,,,,,,,,,,
Arnaldo Forte,e,11.88,o,9.31,t,8.55,a,8.43,r,7.47,i,6.75,n,6.34,s,5.78,d,3.93,u,3.85,11.88,8.43,5.78,6.34,6.75,7.47,3.07,8.55,9.31,3.85,3.93,3.47,2.95,2.53,,2.22,1.59,2.08,3.03,,Portuguese,,1.58,,1.29,,,,,,,,,,,,,,,,,,,,,,,,,,,,,,,
Cândido de Figueiredo,a,12.1,e,10.91,o,9.45,r,7.54,i,6.11,s,6.07,d,5.42,t,5.1,n,4.57,m,4.53,10.91,12.1,6.07,4.57,6.11,7.54,3.82,5.1,9.45,3.9,5.42,3.96,4.53,2.96,1.55,1.68,1.2,1.74,1.24,1.2,Portuguese,,,,,,,,,,,,,,,,,,,,,,,,,,,,,,,,,,,
Sergej Aleksandrovich Rachinskij,о,10.02,а,6.46,е,6.2,к,5.12,и,5.1,т,4.8,н,4.73,р,4.53,л,4.19,с,4.11,1.57,,,,,,,,,,,,,,,,,,,,Russian,,,,,,,,,,,,,,10.02,6.46,6.2,5.12,5.1,4.8,4.73,4.53,4.19,4.11,3.99,3.89,3.29,3.17,2.0,1.92,1.79,1.35,1.35,,,
Alejandro Bizzarri,e,13.51,a,10.75,o,8.48,s,7.62,r,6.67,n,6.49,i,6.27,l,5.54,d,5.12,t,5.0,13.51,10.75,7.62,6.49,6.27,6.67,5.54,5.0,8.48,3.42,5.12,4.95,2.47,2.83,0.89,1.29,1.16,1.01,,,Spanish,,0.95,,,,,,,,,,0.84,,,,,,,,,,,,,,,,,,,,,,,
Anonymous,e,13.57,a,9.79,o,9.32,r,7.44,s,6.91,n,6.68,i,6.28,d,6.22,l,5.45,t,4.56,13.57,9.79,6.91,6.68,6.28,7.44,5.45,4.56,9.32,3.83,6.22,4.25,2.37,2.42,1.17,1.36,1.46,,0.9,0.93,Spanish,,1.2,,,,,,,,,,,,,,,,,,,,,,,,,,,,,,,,,
Benito Pérez Galdós,e,13.01,a,11.73,o,9.07,s,7.4,n,6.9,r,6.4,l,5.57,i,5.4,d,4.95,t,4.19,13.01,11.73,7.4,6.9,5.4,6.4,5.57,4.19,9.07,4.17,4.95,3.99,2.96,2.42,1.08,1.18,1.37,,1.14,1.3,Spanish,,1.29,,,,,,,,,,,,,,,,,,,,,,,,,,,,,,,,,
Carlos Alberto Leumann,a,13.35,e,11.85,o,8.26,n,6.87,s,6.86,r,6.73,i,6.01,l,5.42,d,4.81,u,4.43,11.85,13.35,6.86,6.87,6.01,6.73,5.42,4.2,8.26,4.43,4.81,3.95,3.02,2.45,1.02,1.15,1.55,,1.18,0.99,Spanish,,1.01,,,,,,,,,,,,,,,,,,,,,,,,,,,,,,,,,
Jose Rizal,e,11.79,t,9.13,o,8.74,r,7.66,a,7.48,i,7.29,n,6.58,s,5.19,d,3.71,c,3.69,11.79,7.48,5.19,6.58,7.29,7.66,3.54,9.13,8.74,3.48,3.71,3.69,2.56,2.99,,2.57,1.71,2.24,3.05,,Spanish,,1.97,,1.52,,,,,,,,,,,,,,,,,,,,,,,,,,,,,,,
José Maria Eça de Queiroz,a,13.13,e,12.63,o,8.65,s,7.45,r,6.87,n,6.84,l,6.21,d,5.25,i,4.88,t,4.11,12.63,13.13,7.45,6.84,4.88,6.87,6.21,4.11,8.65,3.96,5.25,3.77,2.71,2.16,1.05,1.17,1.86,,0.99,0.83,Spanish,,1.13,,,,,,,,,,,,,,,,,,,,,,,,,,,,,,,,,
Ludovic Halévy,e,12.44,a,12.23,o,8.67,s,7.54,n,6.94,r,6.65,i,5.53,l,4.94,t,4.82,d,4.57,12.44,12.23,7.54,6.94,5.53,6.65,4.94,4.82,8.67,4.0,4.57,3.79,3.05,2.44,1.21,1.11,1.88,,1.27,0.91,Spanish,,1.26,,,,,,,,,,,,,,,,,,,,,,,,,,,,,,,,,
Miguel de Cervantes Saavedra,e,13.51,a,11.73,o,9.34,s,7.63,n,6.61,r,6.16,l,5.4,d,5.3,u,4.75,i,4.75,13.51,11.73,7.63,6.61,4.75,6.16,5.4,3.82,9.34,4.75,5.3,3.63,2.71,2.16,1.08,1.06,1.47,,1.23,1.96,Spanish,,1.53,,,,,,,,,,,,,,,,,,,,,,,,,,,,,,,,,
Miguel De Unamuno,e,13.32,a,10.84,o,9.3,s,6.77,n,6.43,r,6.27,i,5.53,l,4.85,d,4.62,u,4.59,13.32,10.84,6.77,6.43,5.53,6.27,4.85,4.3,9.3,4.59,4.62,3.46,3.12,2.39,,1.13,1.64,,1.63,1.67,Spanish,,1.43,,,,,,,,,,,,,,,,,,,,,,,,,,,,,,,1.2,,
Oliverio Girondo,e,12.36,a,9.98,o,8.34,r,7.1,s,7.09,t,6.84,n,6.84,i,6.1,l,4.92,d,4.05,12.36,9.98,7.09,6.84,6.1,7.1,4.92,6.84,8.34,3.9,4.05,3.91,2.4,2.73,,2.02,1.67,1.62,2.12,,Spanish,,1.4,,0.9,,,,,,,,,,,,,,,,,,,,,,,,,,,,,,,
Elisabeth Kuylenstierna-Wenster,e,9.52,a,9.06,n,8.99,t,8.35,r,7.06,s,5.63,d,5.41,l,5.21,i,4.94,o,4.55,9.52,9.06,5.63,8.99,4.94,7.06,5.21,8.35,4.55,2.14,5.41,1.5,3.22,,2.15,3.91,,2.62,3.48,,Swedish,2.74,,,,,,,,,1.99,,,,,,,,,,,,,,,,,,,,,,,,1.69,
Hasse Zetterström,e,9.52,a,9.15,n,8.54,t,8.47,r,7.36,s,5.41,o,5.07,i,4.98,d,4.96,l,4.68,9.52,9.15,5.41,8.54,4.98,7.36,4.68,8.47,5.07,2.0,4.96,1.99,3.46,1.84,2.08,3.85,,,3.17,,Swedish,2.69,,,,,,,,,1.98,,,,,,,,,,,,,,,,,,,,,,,,2.01,
Karl May,a,10.09,e,9.85,n,8.36,t,8.09,r,7.12,s,5.65,d,5.47,i,5.13,l,4.86,o,4.04,9.85,10.09,5.65,8.36,5.13,7.12,4.86,8.09,4.04,2.19,5.47,1.53,3.63,,2.37,3.59,,1.91,3.14,,Swedish,2.76,,,,,,,,,2.18,,,,,,,,,,,,,,,,,,,,,,,,1.67,
Anonymous,a,20.57,n,13.6,i,8.55,g,7.65,o,5.09,t,5.05,u,4.12,s,4.04,c,3.64,l,3.32,2.76,20.57,4.04,13.6,8.55,2.97,3.32,5.05,5.09,4.12,2.55,3.64,3.11,2.64,,7.65,1.64,,1.89,0.56,Tagalog,,2.67,,,,,,,,,,0.99,,,,,,,,,,,,,,,,,,,,,,,
Francisco Baltazar,a,21.27,n,12.98,g,8.86,i,8.5,t,5.27,s,4.43,o,4.1,l,4.05,u,3.67,m,3.2,1.98,21.27,4.43,12.98,8.5,2.2,4.05,5.27,4.1,3.67,2.15,2.37,3.2,2.74,,8.86,2.04,,1.95,,Tagalog,1.39,2.57,,,,,,,,,,1.02,,,,,,,,,,,,,,,,,,,,,,,
Jose Rizal,a,21.64,n,13.9,g,10.11,i,8.0,t,4.43,s,4.29,l,3.99,m,3.66,c,3.4,o,2.93,1.11,21.64,4.29,13.9,8.0,1.7,3.99,4.43,2.93,2.77,1.68,3.4,3.66,2.76,,10.11,2.01,,1.66,,Tagalog,,2.9,,,,,,,,,,2.14,,,,,,,,,,,,,,,,,,,,,,,0.96
José Rizal,a,21.04,n,13.97,g,9.77,i,7.28,s,4.47,t,4.33,l,4.06,m,3.61,k,3.5,y,3.24,0.99,21.04,4.47,13.97,7.28,1.53,4.06,4.33,2.25,2.99,1.6,,3.61,2.91,,9.77,2.05,,1.75,,Tagalog,3.5,3.24,,,,,,,,,,2.85,,,,,,,,,,,,,,,,,,,,,,,1.03
